material_id,formula,e_above_hull,formation_energy_per_atom
mp-10,{'As': 1.0},0.1074050600000005,0.1074050600000005
mp-10000,"{'S': 1.0, 'Hf': 2.0}",0.0,-1.2533515846874994
mp-10004,"{'P': 1.0, 'Mo': 3.0}",0.0,-0.33936794202381115
mp-10010,"{'Al': 1.0, 'Si': 2.0, 'Co': 2.0}",0.0,-0.5368349879999996
mp-10021,{'Ga': 1.0},0.004781309999999817,0.004781309999999817
mp-10047,"{'Ca': 5.0, 'As': 3.0}",0.0,-1.1128758825
mp-10059,"{'Zr': 1.0, 'Co': 3.0, 'B': 2.0}",0.004609849444444869,-0.5556063747222216
mp-10062,"{'Nb': 1.0, 'Cu': 2.0, 'Nd': 1.0, 'O': 8.0, 'Ba': 2.0}",0.004648612857115708,-2.6877799232142854
mp-10074,"{'Se': 2.0, 'Ge': 1.0}",0.016192764999999554,-0.2538318740624999
mp-10093,"{'Nb': 1.0, 'Yb': 1.0, 'O': 6.0, 'Sr': 2.0}",0.019021672166680936,-3.1943578652500006
mp-10096,"{'Na': 3.0, 'P': 4.0, 'Ga': 1.0, 'Sr': 3.0}",0.0,-0.7857782238528146
mp-10101,"{'Cs': 1.0, 'C': 2.0, 'Ag': 1.0}",0.3796201412500002,0.3513423743750001
mp-10105,"{'Te': 1.0, 'U': 1.0, 'As': 1.0}",0.034778428333333444,-0.6489893066666662
mp-10113,"{'Sc': 1.0, 'Ir': 3.0, 'B': 1.0}",0.0,-0.6423984633333333
mp-10114,"{'Sc': 1.0, 'Ir': 3.0, 'B': 4.0}",0.0,-0.5750232933333344
mp-10118,"{'Mn': 3.0, 'B': 4.0}",0.041907493333328105,-0.402741908686371
mp-10128,"{'Th': 1.0, 'Ge': 2.0}",0.10112255166666896,-0.5253469949999996
mp-10133,"{'Sc': 3.0, 'Pb': 1.0, 'B': 1.0}",0.0,-0.5221738793333329
mp-10161,"{'Zn': 1.0, 'K': 1.0, 'Sb': 1.0}",0.010079351666667955,-0.3962020533333333
mp-10166,"{'Se': 2.0, 'Na': 1.0, 'Al': 1.0}",0.016204965312499375,-1.0193790692968752
mp-10180,"{'Pd': 1.0, 'Li': 2.0, 'Sb': 1.0}",0.0,-0.6630052074999995
mp-10182,"{'Zn': 1.0, 'P': 1.0, 'Li': 1.0}",0.0,-0.5512273326984124
mp-1019,"{'Y': 1.0, 'Ni': 2.0}",0.0,-0.41839839499999937
mp-10198,"{'Pd': 1.0, 'Mn': 3.0, 'N': 1.0}",0.019860467999999187,-0.3056856173035854
mp-1020,"{'Ta': 1.0, 'Rh': 3.0}",0.0,-0.6143486449999997
mp-10203,"{'Ta': 5.0, 'Si': 3.0}",0.11024672499999788,-0.5058170031250011
mp-10204,"{'Se': 1.0, 'Mn': 1.0}",0.011671609999999609,-0.3485416524865297
mp-10207,{'Np': 1.0},0.4537009062500008,0.4537009062500008
mp-10213,"{'Y': 1.0, 'Ge': 2.0}",0.11286504388889007,-0.5255816149999996
mp-10214,"{'Y': 2.0, 'Ge': 1.0, 'Rh': 3.0}",0.0,-0.8827704675000009
mp-10232,"{'Se': 2.0, 'Na': 1.0, 'Mn': 1.0}",0.09496426187500084,-0.5416701008917029
mp-10233,"{'F': 1.0, 'Ca': 2.0, 'N': 2.0, 'B': 1.0}",0.0,-2.094522377102777
mp-10254,"{'Ir': 1.0, 'O': 4.0, 'Sr': 2.0}",0.034842307857140035,-2.3395255935714294
mp-10256,"{'Te': 1.0, 'V': 1.0}",0.14482896499999853,-0.16655413500000016
mp-10257,{'Ni': 1.0},0.023336225000000432,0.023336225000000432
mp-10259,"{'Zr': 1.0, 'P': 2.0, 'Ni': 2.0}",0.09131751688888023,-0.8433477372380956
mp-10261,"{'Ni': 2.0, 'Sb': 1.0, 'Ti': 1.0}",0.10056074145833273,-0.3532065616666662
mp-10283,"{'Sm': 1.0, 'Si': 3.0, 'Ni': 1.0}",0.0,-0.6789777150000006
mp-10288,"{'S': 1.0, 'Te': 1.0, 'La': 1.0, 'Cu': 1.0}",0.0,-1.4705131422656257
mp-10299,"{'Pd': 1.0, 'Ca': 4.0, 'O': 6.0}",0.0,-2.690843881136365
mp-10321,"{'La': 2.0, 'Zn': 1.0, 'Rh': 1.0, 'O': 6.0}",0.0,-2.680055297749999
mp-10322,"{'Hf': 1.0, 'Ba': 1.0, 'N': 2.0}",0.0,-1.5322106886900002
mp-10326,"{'Zn': 1.0, 'Re': 2.0, 'O': 8.0}",0.0,-2.1202736372727258
mp-1033,"{'Be': 1.0, 'Ni': 1.0}",0.0,-0.4674919150000001
mp-10334,"{'Pr': 1.0, 'Cd': 3.0, 'P': 3.0}",0.005438806785714068,-0.4839131656122448
mp-10335,"{'Te': 1.0, 'Ba': 2.0, 'O': 6.0, 'Cu': 1.0}",0.020589706000000874,-2.16780233175
mp-10339,"{'Nb': 1.0, 'O': 3.0, 'Sr': 1.0}",0.007507359166655902,-3.1951209217500014
mp-10341,"{'Te': 1.0, 'Ge': 1.0, 'O': 6.0, 'Sr': 1.0}",0.0,-2.2910061069444447
mp-10343,"{'Sc': 2.0, 'C': 2.0, 'B': 1.0}",0.0,-0.571772406833334
mp-10348,"{'Sc': 3.0, 'La': 1.0, 'O': 12.0, 'B': 4.0}",0.0002109089999997593,-3.4884460564583337
mp-10349,"{'Te': 1.0, 'Na': 2.0, 'Sn': 1.0, 'O': 6.0}",0.0381751076250012,-1.88111146625
mp-10351,"{'Tm': 3.0, 'C': 1.0, 'Ga': 1.0}",1.479594520833334,1.1885973282500004
mp-10356,"{'In': 1.0, 'Ho': 3.0, 'C': 1.0}",1.9547323799999992,1.59186544625
mp-10367,"{'Hf': 1.0, 'Sb': 1.0, 'Rh': 1.0}",0.4869376042735025,-0.19783515500000112
mp-10371,"{'Ga': 1.0, 'Cr': 2.0, 'N': 1.0}",0.0,-0.4004331943449992
mp-1038,"{'Mg': 1.0, 'Cu': 2.0}",0.0,-0.1454153516666666
mp-10390,"{'Ta': 2.0, 'O': 5.0}",0.007567818571429186,-3.3479807308928566
mp-10398,"{'Ho': 1.0, 'Ni': 4.0, 'B': 1.0}",0.0,-0.5032097911111109
mp-104,{'Sb': 1.0},0.0,0.0
mp-10412,"{'S': 4.0, 'Sb': 2.0, 'Mn': 1.0}",0.009274135714288256,-0.7282074596613299
mp-10413,"{'C': 4.0, 'N': 4.0, 'Ag': 1.0, 'B': 1.0}",0.4320316932859996,0.13772180388133393
mp-10422,"{'Au': 1.0, 'Na': 1.0, 'C': 2.0}",0.4145892247916665,0.2525822543750005
mp-10435,"{'Si': 2.0, 'Al': 2.0, 'Y': 1.0}",0.008836014999999975,-0.3776219519999998
mp-10437,"{'Se': 2.0, 'Ba': 1.0, 'Cu': 2.0}",0.03440853050000037,-0.8506980854374995
mp-10443,"{'Au': 1.0, 'Yb': 1.0, 'Si': 1.0}",0.0,-0.7759894833333334
mp-10445,"{'Sc': 6.0, 'Te': 2.0, 'Fe': 1.0}",0.0,-0.6268832155555555
mp-10453,"{'Ru': 2.0, 'Si': 2.0, 'Lu': 1.0}",0.0,-0.8968340580000003
mp-10455,"{'Y': 1.0, 'Ge': 1.0, 'Ti': 1.0}",0.022264069999999414,-0.6861212638888882
mp-10456,"{'Hf': 1.0, 'Si': 1.0, 'Pt': 1.0}",0.0,-1.1107868425000005
mp-10468,"{'Pt': 2.0, 'Ce': 1.0, 'B': 1.0}",0.01568804381944489,-0.8680846549999993
mp-10474,"{'F': 6.0, 'Na': 1.0, 'P': 1.0}",0.0,-3.0651203375294047
mp-10476,"{'S': 2.0, 'Er': 1.0, 'Na': 1.0, 'O': 8.0}",0.0,-2.665321850677083
mp-10477,"{'Se': 2.0, 'Ag': 3.0, 'Rb': 1.0}",0.0,-0.4290689820312495
mp-10478,"{'Ce': 1.0, 'As': 1.0, 'Rh': 1.0}",0.0,-1.1447746541666664
mp-10485,"{'Li': 1.0, 'Sb': 1.0, 'Ba': 1.0}",0.0,-0.9442017349999996
mp-10504,"{'Sc': 1.0, 'Os': 3.0, 'B': 4.0}",0.0,-0.4565583620833333
mp-10509,"{'F': 2.0, 'O': 3.0, 'Ga': 1.0, 'Ba': 1.0, 'B': 1.0}",0.0,-3.179109082849583
mp-1051,"{'Er': 1.0, 'Ni': 3.0}",0.0,-0.4327223775000005
mp-1053,"{'Zn': 1.0, 'Nd': 1.0}",0.0,-0.3177283124999999
mp-10554,"{'Tl': 1.0, 'Ca': 3.0, 'N': 1.0}",0.01463765733333444,-0.7171697824759995
mp-10555,"{'Re': 1.0, 'Li': 1.0, 'N': 4.0, 'Ba': 2.0}",0.0,-0.9737279005649996
mp-10559,"{'Au': 1.0, 'Gd': 3.0, 'O': 6.0}",0.0,-3.0966710732499987
mp-10560,"{'Au': 1.0, 'Sm': 3.0, 'O': 6.0}",0.0,-3.0916938447500004
mp-1058,"{'Pd': 1.0, 'F': 2.0}",0.02424169388889119,-1.3926400557933334
mp-10581,"{'Al': 2.0, 'Ge': 2.0, 'Nd': 1.0}",0.0,-0.4412270849999999
mp-10584,"{'Os': 1.0, 'Li': 1.0, 'Ba': 2.0, 'O': 6.0}",0.0,-2.4573386882499997
mp-1059,"{'Cd': 1.0, 'Nd': 1.0}",0.0,-0.32068374749999995
mp-10601,"{'C': 1.0, 'Y': 3.0, 'Ga': 1.0}",0.0,-0.4817754087499999
mp-10607,"{'Tl': 1.0, 'C': 1.0, 'Lu': 3.0}",0.0,-0.5236422837500001
mp-1061,"{'Pr': 1.0, 'Pt': 2.0}",0.0,-1.028651621666666
mp-10621,"{'S': 2.0, 'Sb': 1.0, 'Rb': 1.0}",0.0,-1.05409137828125
mp-10631,{'Sb': 1.0},0.3082833800000002,0.3082833800000002
mp-10633,"{'S': 2.0, 'Tm': 1.0}",1.636224858697917,-0.428332329375
mp-10638,"{'Zr': 1.0, 'Sb': 1.0}",0.007622544166666856,-0.7088407883333332
mp-10647,"{'Tl': 1.0, 'Se': 1.0}",0.20224212749999992,-0.07341949429687533
mp-10653,"{'Te': 1.0, 'Sr': 1.0}",0.2390955299999997,-1.50719877
mp-10656,"{'Te': 1.0, 'Tm': 1.0}",0.0172698699999998,-1.1441012925000005
mp-10659,{'Ho': 1.0},0.004968480000000497,0.004968480000000497
mp-1066,"{'Yb': 1.0, 'N': 1.0}",0.31786316375000023,-0.7080471811900004
mp-10677,"{'Ca': 1.0, 'Au': 1.0, 'P': 1.0}",0.0,-0.8852060893650796
mp-10679,{'Ba': 1.0},0.020117149999999917,0.020117149999999917
mp-1068,"{'S': 2.0, 'Cu': 1.0}",0.00507979749999965,-0.5388604918750003
mp-10681,"{'Au': 1.0, 'B': 2.0}",0.6670766488888855,0.6670766488888885
mp-10683,{'Ca': 1.0},0.39616078,0.39616078
mp-10688,"{'Ce': 1.0, 'O': 1.0}",0.0,-3.2400232806250013
mp-10694,"{'Sc': 1.0, 'F': 3.0}",0.0,-4.3203141196425
mp-10697,"{'Ge': 2.0, 'Rh': 2.0, 'Sr': 1.0}",0.0,-0.7909074759999996
mp-107,{'Pu': 1.0},0.6230432031250004,0.6230432031250004
mp-1070,"{'Se': 1.0, 'Cd': 1.0}",0.001059184999999907,-0.6265215342968751
mp-10700,"{'C': 1.0, 'Ni': 3.0, 'Mg': 1.0}",0.0,-0.13792692274999965
mp-10709,"{'C': 1.0, 'Re': 1.0}",0.969450791562508,0.9444282231249996
mp-1072,"{'Nb': 5.0, 'Ga': 13.0}",0.0,-0.3133952175000003
mp-10731,"{'Pr': 1.0, 'Sb': 1.0, 'O': 6.0, 'Ba': 2.0}",0.006357768999996516,-3.00481959575
mp-10740,{'Pa': 1.0},0.0,0.0
mp-10744,"{'Si': 3.0, 'Pt': 2.0}",0.012069611999999452,-0.5250684770000007
mp-10749,"{'Sr': 1.0, 'Sb': 1.0, 'Cu': 1.0}",0.0,-0.7090699566666666
mp-10752,{'Er': 1.0},0.030201349999999568,0.030201349999999568
mp-10755,"{'Fe': 1.0, 'Sb': 1.0, 'Ti': 1.0}",0.0,-0.3639493388888901
mp-10772,"{'Ce': 1.0, 'As': 1.0, 'O': 4.0}",0.03803759697916576,-2.7362324800000004
mp-10779,"{'Se': 2.0, 'Nd': 1.0, 'Rb': 1.0}",0.0,-1.7330175505468757
mp-1078,"{'Ca': 1.0, 'Cd': 2.0}",0.008160314166666627,-0.3333340275
mp-10795,"{'S': 3.0, 'Ta': 1.0, 'Tl': 1.0}",0.0,-1.1917041359374998
mp-10796,"{'Se': 1.0, 'Hg': 1.0, 'O': 4.0}",0.0,-0.980203788098958
mp-10797,"{'Ca': 1.0, 'Si': 1.0, 'Ni': 2.0}",0.0,-0.5456727087499997
mp-10811,"{'Na': 1.0, 'Sr': 4.0, 'N': 6.0, 'B': 3.0}",0.0,-1.2326952628057148
mp-10835,"{'S': 4.0, 'Cu': 1.0, 'Sm': 2.0, 'Rb': 1.0}",0.0,-1.9723873907812508
mp-1084,"{'Zr': 1.0, 'B': 12.0}",0.017219714102569842,-0.21155839153846154
mp-10846,"{'Se': 1.0, 'As': 1.0, 'Ni': 1.0}",0.0,-0.2894056178645836
mp-10851,"{'Si': 1.0, 'O': 2.0}",0.01257799444444352,-3.2720686963888888
mp-10860,"{'C': 1.0, 'Ni': 2.0, 'Ce': 1.0, 'B': 2.0}",0.0,-0.4812308353472214
mp-10863,"{'Yb': 5.0, 'Li': 4.0, 'Ge': 4.0}",0.032951487209401886,-0.5001739115384615
mp-1087,"{'S': 1.0, 'Sr': 1.0}",0.0,-2.4823681670312503
mp-10871,"{'Au': 1.0, 'Al': 1.0}",0.14637962000000027,-0.24602131000000016
mp-10876,"{'Al': 7.0, 'Ca': 3.0, 'Cu': 2.0}",0.0,-0.32508600083333344
mp-10884,"{'Fe': 1.0, 'Al': 1.0, 'Co': 2.0}",0.0,-0.35505664500000034
mp-10889,"{'La': 3.0, 'Al': 1.0}",0.014699531250000675,-0.1917270831250004
mp-10891,"{'Pd': 2.0, 'Al': 1.0, 'Mn': 1.0}",0.031863155905172746,-0.5939254328448271
mp-10895,"{'Al': 1.0, 'V': 1.0, 'Mn': 2.0}",0.0,-0.31383058318965595
mp-10898,"{'Sc': 1.0, 'Al': 1.0, 'Ni': 2.0}",0.0,-0.6280323525
mp-10900,"{'Al': 3.0, 'Os': 1.0, 'U': 2.0}",0.08008583760416688,-0.2504630766666658
mp-10903,"{'Al': 1.0, 'Pt': 1.0}",0.1031321437499999,-0.9449376899999996
mp-10907,"{'Al': 3.0, 'Pu': 1.0}",0.4672879208333329,0.1998443907812497
mp-10924,"{'P': 4.0, 'Mg': 1.0, 'Co': 6.0}",0.0,-0.6343086615800864
mp-10935,"{'Er': 1.0, 'F': 1.0, 'Na': 1.0, 'P': 1.0, 'O': 4.0}",0.0038334356250011577,-3.383814299910654
mp-10948,"{'Si': 1.0, 'O': 2.0}",0.2543843558333325,-3.030262335
mp-10953,"{'Sc': 2.0, 'S': 4.0, 'Cd': 1.0}",0.0,-1.9419852444642864
mp-10955,"{'Se': 4.0, 'Hg': 2.0, 'Sn': 1.0}",0.0007295114285712501,-0.2664749134821425
mp-10956,"{'La': 1.0, 'As': 1.0, 'Rh': 1.0}",0.0,-1.1652233975
mp-10967,"{'Se': 4.0, 'Cd': 1.0, 'Ge': 1.0, 'Cu': 2.0}",0.0,-0.34288021492187504
mp-10969,"{'C': 1.0, 'N': 2.0, 'Cd': 1.0}",0.0,-0.0934316358774998
mp-10983,"{'Er': 1.0, 'V': 1.0, 'B': 4.0}",0.0,-0.7316431236111107
mp-10985,"{'S': 2.0, 'Cu': 3.0, 'Rb': 1.0}",0.0,-0.6777653780208333
mp-10989,"{'Yb': 1.0, 'K': 1.0, 'Se': 2.0}",0.21688272458333333,-1.304735619296875
mp-10993,"{'Er': 1.0, 'As': 2.0, 'Cu': 1.0}",0.0,-0.7986332549999995
mp-11,{'As': 1.0},0.0,0.0
mp-11011,"{'Te': 4.0, 'Nd': 1.0, 'Rb': 1.0}",0.001639313571428325,-0.9609188758333336
mp-11016,"{'Cd': 1.0, 'N': 3.0, 'O': 6.0, 'Rb': 1.0}",0.03854933430602614,-1.1493900058763642
mp-11023,"{'Sc': 1.0, 'Au': 1.0, 'O': 2.0}",0.013259650677085231,-2.575103665624999
mp-1104,"{'La': 1.0, 'Mg': 1.0}",0.0,-0.12607535625000033
mp-11040,"{'Eu': 1.0, 'Zn': 1.0, 'Sn': 1.0}",0.0,-0.5479129166666669
mp-11073,"{'In': 3.0, 'Ti': 3.0, 'Rh': 2.0}",0.0,-0.4695888474999999
mp-11078,"{'In': 2.0, 'Rh': 1.0, 'Ba': 1.0}",0.0,-0.4757368624999998
mp-1108,"{'Ta': 1.0, 'B': 2.0}",0.0,-0.6525930044444443
mp-11084,"{'Au': 1.0, 'Eu': 1.0, 'Cd': 1.0}",0.0,-0.6319571483333336
mp-11085,"{'Au': 1.0, 'Yb': 1.0, 'Cd': 1.0}",0.0,-0.7098145208333335
mp-11086,"{'La': 2.0, 'Mg': 1.0, 'Cu': 2.0}",0.0,-0.1995175950000004
mp-111,{'Ne': 1.0},0.0,0.0
mp-11100,"{'In': 5.0, 'Yb': 1.0, 'Rh': 1.0}",0.0,-0.4024561442857149
mp-11101,"{'In': 1.0, 'Rh': 1.0, 'Lu': 1.0}",0.0,-0.7658778324999993
mp-1111,"{'Si': 3.0, 'Mn': 5.0}",0.045525093749999364,-0.3484991414870695
mp-11113,"{'Te': 1.0, 'As': 1.0, 'Ti': 1.0}",0.0,-0.6871437105555552
mp-11115,"{'Pd': 1.0, 'Se': 5.0, 'Cu': 1.0, 'Rb': 1.0}",0.0,-0.4323586672460942
mp-11121,"{'Cs': 1.0, 'Cd': 1.0, 'Se': 3.0, 'Tb': 1.0}",0.0,-1.3720165212413196
mp-1114,"{'V': 1.0, 'P': 1.0}",0.0,-0.8210093140476191
mp-11155,"{'Ga': 1.0, 'Mg': 1.0, 'Nd': 1.0}",0.0,-0.4929405516666666
mp-11168,"{'Ca': 1.0, 'P': 2.0, 'Ir': 2.0}",0.0,-0.8886505032380957
mp-11169,"{'Ir': 2.0, 'P': 2.0, 'Ba': 1.0}",0.0,-0.8341232352380956
mp-11176,"{'Ir': 4.0, 'Ca': 3.0, 'Si': 4.0}",0.0,-0.8706870709090908
mp-11184,"{'Pt': 7.0, 'Sb': 4.0, 'Nd': 3.0}",0.0,-0.8815709267857141
mp-11191,"{'Si': 2.0, 'Cr': 1.0}",0.011405798888889151,-0.3627529511111113
mp-11192,"{'Ta': 1.0, 'Si': 2.0}",0.0,-0.4787562777777781
mp-11194,"{'Nd': 1.0, 'Ni': 4.0, 'Mg': 1.0}",0.0,-0.3288054483333334
mp-11202,"{'Fe': 1.0, 'Y': 6.0, 'Sb': 2.0}",0.0,-0.5610196766666667
mp-11204,"{'Fe': 1.0, 'Tm': 6.0, 'Sb': 2.0}",0.0,-0.5542503533333334
mp-11209,"{'Al': 1.0, 'As': 1.0}",0.2473311024999996,-0.23665885499999995
mp-1121,"{'Ga': 1.0, 'Co': 1.0}",0.0,-0.2794997300000004
mp-11217,"{'Sb': 1.0, 'Ag': 1.0, 'Sr': 1.0}",0.20969007006410226,-0.4209717266666668
mp-11222,"{'Al': 1.0, 'Sm': 3.0}",0.02799564531250009,-0.1718060500000007
mp-11226,"{'Al': 1.0, 'Tb': 3.0}",0.017468891666666764,-0.1908204324999998
mp-11228,"{'Al': 1.0, 'Y': 1.0}",0.004483065833332135,-0.4175577500000003
mp-11240,"{'Au': 1.0, 'Dy': 1.0}",0.026636977500000825,-0.8623078849999994
mp-11243,"{'Au': 1.0, 'Er': 1.0}",0.0,-0.8958894524999996
mp-11245,"{'Au': 1.0, 'Ho': 1.0}",0.0219856924999986,-0.8707794450000002
mp-11258,"{'Au': 1.0, 'Tb': 1.0}",0.031175997500000108,-0.8502296983333331
mp-11260,"{'Au': 1.0, 'Ti': 3.0}",0.1226055512500004,-0.2276948525
mp-11261,"{'Au': 1.0, 'Y': 1.0}",0.0,-0.8561512950000001
mp-11262,"{'Au': 4.0, 'Yb': 1.0}",0.0,-0.5535368460000004
mp-11263,"{'Au': 1.0, 'Zr': 3.0}",0.0,-0.34064662000000023
mp-11265,"{'Ca': 1.0, 'Ba': 1.0, 'Sn': 1.0}",0.0,-0.6797245033333331
mp-11275,"{'Be': 2.0, 'Re': 1.0}",0.0,-0.3916342708333336
mp-11277,"{'Sc': 1.0, 'Be': 5.0}",0.0,-0.20773362000000026
mp-11282,"{'Be': 2.0, 'W': 1.0}",0.0,-0.3095550316666665
mp-11285,"{'Ca': 3.0, 'Ni': 4.0, 'Ga': 4.0}",0.0,-0.4877642618181813
mp-11288,"{'Ca': 3.0, 'Hg': 2.0}",0.0,-0.4733960190000001
mp-11290,"{'Ca': 1.0, 'Sn': 3.0}",0.0,-0.3921088175
mp-11294,"{'Dy': 1.0, 'Cd': 2.0}",0.0,-0.3187799799999998
mp-11295,"{'Dy': 1.0, 'Cd': 3.0}",0.0,-0.2847897112499997
mp-11305,"{'Li': 2.0, 'Cd': 1.0, 'Pb': 1.0}",0.0,-0.27196601499999984
mp-11310,"{'Cd': 1.0, 'Ni': 1.0}",0.3941483316666661,0.37558663958333344
mp-11313,"{'Zr': 1.0, 'Cd': 3.0}",0.0,-0.10661678250000016
mp-11318,"{'Ce': 1.0, 'Pt': 3.0}",0.0,-0.983711025
mp-11328,"{'W': 1.0, 'P': 2.0}",0.0,-0.38363901873015865
mp-11335,"{'Be': 1.0, 'Se': 1.0}",0.5433316399999999,-0.2573460892968749
mp-1136,"{'Na': 3.0, 'As': 1.0}",0.0012181050000013016,-0.4211726062499999
mp-11368,"{'Er': 5.0, 'Ga': 3.0}",0.0,-0.4735770887500004
mp-11369,"{'Er': 1.0, 'Hg': 2.0}",0.01574803666666646,-0.35846014666666665
mp-11370,"{'Er': 1.0, 'In': 1.0}",0.0,-0.4412875300000003
mp-1138,"{'F': 1.0, 'Li': 1.0}",0.0,-3.180438733095
mp-11382,"{'Fe': 5.0, 'Nd': 1.0}",0.03799491083333173,0.03799491083333351
mp-11383,"{'Fe': 2.0, 'Np': 1.0}",0.12802603375000032,0.12802603375000032
mp-11385,"{'Fe': 5.0, 'Y': 1.0}",0.0,-0.04377334333333257
mp-11413,"{'Sc': 1.0, 'Ga': 2.0}",0.01802370333333414,-0.5439836799999996
mp-11421,{'Gd': 1.0},0.0903767050000006,0.0903767050000006
mp-11433,"{'Er': 1.0, 'Ga': 1.0, 'Co': 1.0}",0.0,-0.4955041383333333
mp-11438,"{'Sc': 1.0, 'Fe': 6.0, 'Ga': 6.0}",0.0,-0.31377123615384594
mp-11441,"{'Hf': 2.0, 'Ga': 3.0}",0.0,-0.4933608580000005
mp-11442,"{'Ho': 1.0, 'Ni': 1.0, 'Ga': 1.0}",0.0,-0.653497213333333
mp-11472,"{'Hg': 2.0, 'Sr': 1.0}",0.002740178333335397,-0.48069722
mp-1148,"{'Pd': 1.0, 'Th': 2.0}",0.0,-0.5188162183333335
mp-11491,"{'Ni': 5.0, 'Lu': 1.0}",0.0,-0.3429738199999998
mp-11492,"{'Ni': 2.0, 'Lu': 1.0, 'Sn': 1.0}",0.014027294999999995,-0.5189180100000002
mp-11503,"{'Zn': 1.0, 'Mn': 1.0}",0.08577485620689984,0.07177929931034566
mp-1153,"{'S': 1.0, 'Li': 2.0}",0.0,-1.5601721446875
mp-11535,"{'Os': 2.0, 'Np': 1.0}",0.188076527083334,0.18807652708333225
mp-11540,"{'O': 1.0, 'Pt': 1.0}",0.9373830174999912,0.196901429375
mp-11554,"{'Zr': 1.0, 'Pt': 1.0}",0.001339585909091667,-0.91141382
mp-1156,"{'Sb': 1.0, 'Ga': 1.0}",0.0,-0.16416921750000002
mp-11561,"{'Rh': 1.0, 'Tb': 1.0}",0.0,-0.8639246233333333
mp-11563,"{'Rh': 1.0, 'Ti': 1.0}",0.027451375000000056,-0.7177069183333327
mp-11566,"{'Sc': 1.0, 'Zn': 1.0}",0.0,-0.3750327949999997
mp-11567,"{'Sc': 1.0, 'Zn': 12.0}",0.0,-0.12390423076923085
mp-11578,"{'Zn': 3.0, 'V': 1.0}",0.0,-0.04185885499999964
mp-11585,"{'La': 2.0, 'Ge': 1.0, 'O': 6.0, 'Mg': 1.0}",0.016045999000000144,-3.27768561325
mp-11596,"{'Pt': 3.0, 'Pr': 1.0, 'B': 1.0}",0.0,-0.8625751473333324
mp-1161,"{'La': 1.0, 'Se': 1.0}",0.0,-2.001123728046875
mp-11623,"{'La': 1.0, 'In': 1.0, 'O': 3.0}",0.006926303624999797,-2.9540091602500005
mp-11651,"{'Yb': 3.0, 'Sn': 1.0, 'O': 1.0}",0.0,-1.9300687002500003
mp-11652,"{'Yb': 3.0, 'Pb': 1.0, 'O': 1.0}",0.0,-1.8580253722500004
mp-11653,"{'P': 1.0, 'O': 4.0, 'B': 1.0}",0.038977581111108606,-2.743599778849207
mp-11693,"{'Te': 1.0, 'Pt': 1.0}",0.0,-0.34650880750000024
mp-11698,{'Tb': 1.0},0.0,0.0
mp-11706,"{'Ho': 2.0, 'Hg': 1.0, 'O': 4.0}",0.003209880714285518,-3.0752284242857137
mp-11723,"{'Er': 1.0, 'C': 2.0, 'Ni': 1.0}",0.0,-0.34322093687499944
mp-11734,"{'Re': 1.0, 'Mg': 1.0, 'O': 6.0, 'Sr': 2.0}",0.0,-2.885687952750001
mp-11737,"{'Li': 4.0, 'Si': 1.0, 'O': 4.0}",0.0,-2.6871975622222215
mp-11739,"{'La': 1.0, 'Te': 2.0, 'K': 1.0}",0.0,-1.499470944375
mp-11740,"{'Te': 2.0, 'K': 1.0, 'Nd': 1.0}",0.0,-1.41719739875
mp-11743,"{'Li': 1.0, 'Y': 1.0, 'Ga': 4.0}",0.0,-0.4997366833333334
mp-11750,"{'Si': 2.0, 'Ti': 6.0, 'B': 1.0}",0.0,-0.6540858440740749
mp-11754,"{'Sc': 6.0, 'Te': 2.0, 'Os': 1.0}",0.0,-0.7169834894444441
mp-11755,"{'Sb': 2.0, 'Lu': 6.0, 'Mo': 1.0}",0.0,-0.5293872399999999
mp-11771,"{'Se': 4.0, 'Co': 1.0, 'Sn': 1.0, 'Cu': 2.0}",0.051645202687499385,-0.2281968049218745
mp-11784,"{'La': 1.0, 'Yb': 1.0, 'Se': 3.0}",0.19437660700000148,-1.70221587065625
mp-11787,"{'Se': 3.0, 'Yb': 1.0, 'Nd': 1.0}",0.18187543412812526,-1.63325181115625
mp-11788,"{'Yb': 1.0, 'Sm': 1.0, 'Se': 3.0}",0.17768342692812397,-1.63042080915625
mp-11798,"{'Fe': 3.0, 'Pt': 1.0}",0.03732866000000001,-0.08243235500000079
mp-11816,"{'Cd': 1.0, 'Ge': 1.0, 'Ba': 1.0}",0.0,-0.4701473549999997
mp-11832,{'Cs': 1.0},0.003079639999999939,0.003079639999999939
mp-11854,"{'Er': 5.0, 'Ge': 3.0}",0.0,-0.8012153293750002
mp-11855,"{'Er': 1.0, 'Mn': 2.0}",0.08700289583333376,0.07731216158046078
mp-11859,"{'Au': 2.0, 'La': 1.0, 'Si': 2.0}",0.0,-0.6580054874999994
mp-11869,"{'Pd': 1.0, 'Hf': 1.0, 'Sn': 1.0}",0.0,-0.7236059649999996
mp-1187,"{'Ir': 2.0, 'Th': 1.0}",0.0,-0.8119793033333332
mp-11879,"{'Sn': 3.0, 'Ni': 1.0, 'Ba': 1.0}",0.0,-0.4669708979999996
mp-1189,"{'Al': 2.0, 'Pr': 1.0}",0.0,-0.485012633333333
mp-11892,"{'Ru': 1.0, 'Na': 1.0, 'Nd': 2.0, 'O': 6.0}",0.0,-2.7452452777500014
mp-11913,"{'Ir': 1.0, 'Na': 1.0, 'Pr': 2.0, 'O': 6.0}",0.0,-2.6387091662500004
mp-11924,"{'Ta': 1.0, 'Se': 4.0, 'Cu': 1.0, 'Rb': 2.0}",0.0,-0.9754399299218752
mp-11945,"{'Al': 4.0, 'Sm': 1.0, 'Ni': 1.0}",0.0,-0.5523672616666667
mp-11947,"{'Al': 1.0, 'Li': 1.0, 'Ag': 2.0}",0.0,-0.24957673500000024
mp-11971,"{'Ho': 1.0, 'Rh': 1.0, 'Sn': 1.0}",0.0,-0.9097835944444445
mp-11987,"{'Tl': 1.0, 'Sm': 1.0, 'Mg': 1.0}",0.0,-0.35445870722222256
mp-11991,"{'Cd': 1.0, 'Ni': 2.0, 'Nd': 2.0}",0.0,-0.3669059549999993
mp-1200,"{'Tb': 1.0, 'Co': 5.0}",0.0,-0.09841932194444424
mp-1201,"{'Te': 3.0, 'Sb': 2.0}",0.0,-0.12932369800000032
mp-12024,"{'Se': 2.0, 'V': 1.0, 'Rb': 1.0}",0.0,-0.9354379305468744
mp-12039,"{'Gd': 2.0, 'C': 3.0, 'Mo': 2.0}",0.0,-0.2934014151785708
mp-12046,"{'Na': 1.0, 'Ru': 2.0, 'O': 8.0, 'Rb': 3.0}",0.0,-1.7239608160714286
mp-1207,"{'Fe': 2.0, 'Nd': 1.0}",0.08014754499999821,0.0801475449999991
mp-12075,"{'Fe': 2.0, 'Tb': 1.0, 'B': 2.0}",0.0,-0.4332820920000003
mp-12076,"{'Fe': 2.0, 'Tm': 1.0, 'B': 2.0}",0.0,-0.4495093796666666
mp-12086,"{'Cu': 3.0, 'Pt': 1.0}",0.0,-0.1377052274999997
mp-12088,"{'Os': 2.0, 'Si': 2.0, 'Dy': 1.0}",0.0,-0.7283064419999988
mp-12097,"{'Sm': 1.0, 'Ir': 2.0, 'Si': 2.0}",0.0,-1.067913582
mp-12105,"{'O': 2.0, 'Rb': 1.0}",0.0,-0.9682992541666664
mp-12112,"{'P': 2.0, 'Cd': 1.0}",4.4499999951597147e-07,-0.12932819789682584
mp-1219,"{'Ba': 1.0, 'Ga': 2.0}",0.0,-0.4712906533333333
mp-1220,"{'Au': 1.0, 'Be': 5.0}",0.0,-0.0936728949999998
mp-12221,"{'Te': 1.0, 'Ca': 1.0, 'O': 4.0}",0.0,-2.2871801316666662
mp-1224,"{'Hg': 1.0, 'O': 1.0}",0.0,-0.6466492543749998
mp-12240,"{'F': 7.0, 'Na': 2.0, 'Li': 1.0, 'Be': 2.0}",0.0,-3.3536186740275
mp-12244,"{'F': 7.0, 'Cs': 3.0, 'Ti': 1.0}",0.0,-3.4569860868178792
mp-12262,"{'Be': 1.0, 'Cs': 1.0, 'F': 3.0}",0.0,-3.434715865214
mp-12263,"{'Au': 1.0, 'F': 4.0, 'Li': 1.0}",0.004083345833333585,-2.02874634496
mp-12264,"{'F': 4.0, 'Yb': 1.0, 'Li': 1.0}",0.0023452162499992824,-3.3496079291266674
mp-12266,"{'F': 4.0, 'Ca': 1.0, 'Cu': 1.0}",9.833333334263727e-06,-3.0503699349599995
mp-12274,"{'La': 1.0, 'Al': 4.0, 'Co': 1.0}",0.0,-0.5207330645833336
mp-12287,"{'La': 3.0, 'Nb': 1.0, 'O': 7.0}",0.005679952727271953,-3.7366004646590913
mp-1229,"{'F': 2.0, 'Cu': 1.0}",0.0,-1.8151180391266664
mp-123,{'Nd': 1.0},0.0,0.0
mp-1231,"{'Ga': 1.0, 'Cr': 3.0}",0.0,-0.048842868749998665
mp-12322,"{'S': 4.0, 'Gd': 2.0, 'Cu': 1.0, 'Rb': 1.0}",0.0,-1.9870285451562493
mp-12324,"{'S': 7.0, 'Cs': 1.0, 'P': 2.0, 'V': 1.0}",0.0,-1.0355108376934523
mp-12325,"{'Se': 2.0, 'Cs': 1.0, 'Yb': 1.0}",0.2346580196875005,-1.275654056796875
mp-1233,"{'Sn': 5.0, 'Cu': 6.0}",0.010383577727274051,-0.0137113540909084
mp-12335,"{'C': 1.0, 'Mn': 1.0, 'N': 2.0}",0.06172612721749893,-0.17964307622232845
mp-12359,"{'Te': 2.0, 'Sb': 1.0, 'Ag': 1.0}",0.0659173934374997,-0.038853495000000134
mp-12365,"{'S': 3.0, 'K': 1.0, 'Th': 1.0, 'Cu': 1.0}",0.0,-1.810718008697917
mp-12368,"{'S': 2.0, 'F': 6.0, 'Sb': 1.0, 'N': 1.0}",0.004440849138582337,-1.9801750067645003
mp-12372,"{'S': 1.0, 'Ca': 1.0, 'O': 4.0}",0.025910512916667017,-2.7721012135937486
mp-12388,"{'Er': 3.0, 'Al': 3.0, 'Ni': 1.0, 'Ge': 2.0}",0.0,-0.7421656999999995
mp-12427,"{'Ta': 1.0, 'Ga': 1.0, 'O': 6.0, 'Sr': 2.0}",0.0,-3.19554917825
mp-12434,"{'In': 1.0, 'Ho': 2.0, 'Ge': 2.0}",0.008243476666669025,-0.6930245799999994
mp-12453,"{'S': 2.0, 'Ho': 1.0, 'Cu': 1.0}",0.0,-1.7089704545312507
mp-1246,"{'Fe': 4.0, 'C': 1.0}",0.5171945782500007,0.5171945782500004
mp-12463,"{'Pd': 2.0, 'Te': 2.0, 'Ni': 1.0}",0.0,-0.3205453470000002
mp-12467,"{'Ca': 5.0, 'Sb': 3.0}",0.0008041709374988493,-0.9915099881249998
mp-12469,"{'La': 1.0, 'Pd': 1.0, 'Cd': 2.0}",0.0,-0.600476858125
mp-12488,"{'Er': 1.0, 'Te': 3.0, 'Cs': 1.0, 'Cd': 1.0}",0.0,-1.0790209041666667
mp-12492,"{'Te': 3.0, 'Cs': 1.0, 'Cd': 1.0, 'Lu': 1.0}",0.0,-1.054922453333333
mp-12515,"{'La': 1.0, 'Zn': 1.0, 'Sb': 1.0, 'O': 1.0}",0.0,-1.9450512921875005
mp-1252,"{'Be': 2.0, 'Zr': 1.0}",0.035577295333333765,-0.16908982999999958
mp-12521,"{'Sr': 1.0, 'Ni': 3.0, 'Ge': 2.0}",0.0,-0.4522691450000001
mp-12523,"{'Yb': 1.0, 'P': 1.0, 'O': 4.0}",0.01994650083333394,-2.9808932955158727
mp-12535,"{'Te': 2.0, 'Zn': 1.0, 'K': 2.0}",0.0,-0.877610722
mp-12537,"{'C': 1.0, 'Ga': 1.0, 'Ti': 2.0}",0.0,-0.7576016105208341
mp-12543,"{'Pd': 2.0, 'Dy': 3.0}",0.0,-0.7423842889999996
mp-12545,"{'Pd': 2.0, 'Er': 3.0}",0.0,-0.7668675790000001
mp-12546,"{'Ti': 1.0, 'Cu': 3.0}",0.0,-0.08995210416666666
mp-12572,"{'Pd': 3.0, 'C': 1.0, 'Ca': 1.0}",0.2370132835833321,-0.19811298374999992
mp-12580,"{'Cd': 1.0, 'Li': 2.0, 'Sn': 1.0}",0.0,-0.3203519300000002
mp-12584,"{'Th': 2.0, 'N': 3.0, 'Cr': 1.0}",0.0,-1.5405055945233326
mp-12593,"{'Sc': 1.0, 'Ir': 3.0}",0.0,-0.5933566949999989
mp-12594,"{'Ir': 1.0, 'Ti': 1.0}",0.09511726500000073,-0.7476119733333331
mp-12597,"{'Ta': 1.0, 'P': 1.0}",0.3472630665059544,-0.2622437965476188
mp-126,{'Pt': 1.0},0.0,0.0
mp-12600,"{'Tl': 1.0, 'Pr': 2.0}",0.016753802222222447,-0.26799236333333337
mp-12605,"{'Re': 1.0, 'Si': 2.0}",0.12970111000000006,-0.19453255499999972
mp-12609,"{'Ca': 6.0, 'Li': 1.0, 'Ge': 1.0}",0.18367640078125014,-0.05186211312499989
mp-12626,"{'Be': 2.0, 'K': 2.0, 'F': 8.0, 'Sr': 1.0}",0.0024385303846159445,-3.619107692270769
mp-12637,"{'Nb': 1.0, 'Nd': 1.0, 'O': 6.0, 'Ba': 2.0}",0.015573327999998552,-3.3723841992500008
mp-12645,"{'Ho': 1.0, 'Li': 1.0, 'O': 2.0}",0.0,-3.316724172499999
mp-12651,"{'Mg': 1.0, 'Pt': 1.0}",0.0,-0.7269131437499996
mp-12659,"{'Nb': 1.0, 'Mn': 2.0}",0.0,-0.13790278758620644
mp-12672,"{'S': 1.0, 'Yb': 2.0, 'O': 2.0}",0.5332961022777774,-2.4962814113125007
mp-12681,"{'Te': 2.0, 'Li': 1.0, 'Mn': 1.0}",0.1506911449137931,-0.3083655903448275
mp-12684,"{'La': 1.0, 'Al': 1.0}",0.0,-0.4128532287500004
mp-1269,"{'S': 1.0, 'Sm': 1.0}",0.0,-2.35690179203125
mp-12693,"{'Mg': 2.0, 'Rh': 1.0}",0.0,-0.4327884133333336
mp-12699,"{'Au': 4.0, 'Ca': 3.0}",0.0,-0.7863121864285715
mp-12710,"{'Pd': 1.0, 'Zn': 1.0, 'Pr': 1.0}",0.0,-0.6767650477777778
mp-12712,"{'Pd': 4.0, 'Zr': 3.0}",0.003740256785712326,-0.6984755549999997
mp-12718,"{'Pr': 1.0, 'Li': 1.0, 'Sn': 1.0}",0.04719061188644602,-0.5038872800000002
mp-12722,"{'Pd': 1.0, 'Al': 1.0, 'Tb': 1.0}",0.0,-0.8845244130555555
mp-12723,"{'Au': 1.0, 'Ca': 1.0}",0.0,-0.8126261625
mp-12729,"{'Tm': 1.0, 'Ru': 1.0, 'Ba': 2.0, 'O': 6.0}",0.0,-2.8901626407499985
mp-12736,"{'Tb': 1.0, 'C': 1.0, 'Rh': 2.0, 'B': 2.0}",0.011055127152777013,-0.5989753847916669
mp-12737,"{'C': 1.0, 'Y': 1.0, 'Rh': 2.0, 'B': 2.0}",0.007168255763874144,-0.5915161970138895
mp-12741,"{'Pd': 2.0, 'Mg': 1.0}",0.0,-0.6147701991666666
mp-12742,"{'Pd': 3.0, 'Mg': 1.0}",0.0,-0.49667409999999895
mp-12751,"{'Pu': 1.0, 'Ni': 1.0}",0.04773189131944555,-0.0959368409374992
mp-12754,"{'Th': 1.0, 'Pt': 1.0}",0.0,-1.2242644599999997
mp-12755,"{'Th': 1.0, 'Rh': 1.0}",0.0,-0.9614923399999996
mp-12759,"{'Au': 1.0, 'Zn': 2.0, 'Cu': 1.0}",0.0,-0.15041749249999992
mp-12763,"{'Tb': 1.0, 'B': 6.0}",0.014014063095237006,-0.4175805666666668
mp-12765,"{'Gd': 1.0, 'C': 2.0}",0.0,-0.16630951750000142
mp-12773,"{'Zr': 2.0, 'Al': 1.0}",0.05535358933333345,-0.3182307400000006
mp-12779,"{'Te': 1.0, 'Cd': 1.0}",0.004014724999991337,-0.4586991500000002
mp-12781,"{'Sc': 1.0, 'Al': 2.0, 'Ni': 1.0}",0.0,-0.6563396537499999
mp-12787,"{'Si': 1.0, 'O': 2.0}",0.01029993166666543,-3.274346759166667
mp-12798,"{'Ni': 3.0, 'Pt': 1.0}",0.0,-0.07238995999999975
mp-12801,"{'Cu': 2.0, 'Sn': 1.0, 'Co': 1.0}",0.24586814666666698,0.19496707125000068
mp-12807,"{'Al': 1.0, 'K': 1.0, 'O': 2.0}",0.003958898593750426,-2.9267217587499994
mp-12829,"{'F': 6.0, 'Ca': 1.0, 'Li': 1.0, 'Ga': 1.0}",0.0,-3.482998991348889
mp-12843,"{'S': 2.0, 'Y': 1.0, 'Cu': 1.0}",2.129374999970679e-05,-1.7077152389062509
mp-12884,"{'Te': 4.0, 'Hf': 5.0}",0.0,-0.6461793405555561
mp-12885,"{'Al': 2.0, 'Sb': 2.0, 'O': 7.0, 'Ba': 1.0}",0.0,-2.7835840657291677
mp-12894,"{'S': 1.0, 'Y': 2.0, 'O': 2.0}",0.0,-3.5949500913125
mp-129,{'Mo': 1.0},0.0,0.0
mp-12900,"{'Ho': 1.0, 'Si': 1.0}",0.0,-0.8292199149999995
mp-12908,"{'Sc': 1.0, 'Se': 2.0, 'Ag': 1.0}",0.0,-1.0931012142968752
mp-12912,"{'Ru': 1.0, 'Pr': 1.0, 'Ba': 2.0, 'O': 6.0}",0.004836746999989927,-2.7516423482500003
mp-12924,"{'S': 4.0, 'La': 1.0, 'K': 1.0, 'Si': 1.0}",0.0022946971428572387,-1.8632481398214296
mp-12929,"{'Sm': 1.0, 'As': 1.0, 'O': 4.0}",0.0,-2.83638298
mp-12931,"{'Ta': 1.0, 'Sm': 1.0, 'O': 4.0}",0.0,-3.7205243266666654
mp-1294,"{'Y': 1.0, 'Co': 2.0}",0.0,-0.1755410949999998
mp-12947,"{'La': 1.0, 'Mg': 1.0, 'Cu': 2.0}",0.0031436980555561433,-0.1830529956250002
mp-12951,"{'Au': 1.0, 'Zr': 1.0, 'Ga': 1.0}",0.0,-0.5962655099999997
mp-12955,"{'Ho': 1.0, 'Se': 2.0, 'Ag': 1.0}",0.0,-1.2065798261718754
mp-12961,"{'Pd': 1.0, 'Al': 1.0, 'Y': 1.0}",0.0,-0.8778319022222223
mp-12965,"{'Er': 1.0, 'Ni': 4.0, 'B': 1.0}",0.0,-0.5081997194444448
mp-12972,"{'Zr': 6.0, 'Sb': 2.0, 'Pt': 1.0}",0.0,-0.7223471944444447
mp-12977,"{'Pd': 2.0, 'Dy': 2.0, 'Cd': 1.0}",0.0,-0.8171860250000001
mp-12978,"{'Sn': 1.0, 'O': 2.0}",0.01809907666666799,-2.106699737499999
mp-12982,"{'Sc': 1.0, 'As': 1.0}",0.4826706199999995,-0.8916699674999995
mp-12986,"{'C': 1.0, 'Pt': 2.0, 'Pr': 1.0, 'B': 2.0}",0.019174735625001386,-0.611901445347223
mp-13002,"{'F': 6.0, 'K': 2.0, 'Si': 1.0}",0.004923198333333545,-3.4478390869044446
mp-13009,"{'Sm': 1.0, 'Ge': 3.0, 'Cr': 1.0}",0.04781773133333367,-0.3809379100000001
mp-13025,"{'Pd': 1.0, 'Zn': 1.0, 'Yb': 1.0}",0.0,-0.7444523324999995
mp-13026,"{'Zn': 1.0, 'Yb': 1.0, 'Pt': 1.0}",0.0,-0.9289224216666666
mp-13032,"{'S': 1.0, 'Mg': 1.0}",0.015738310000000588,-1.7496731195312505
mp-13033,"{'Te': 1.0, 'Mg': 1.0}",0.0008903524999999135,-0.8787090125000003
mp-13035,"{'N': 1.0, 'Mo': 1.0}",0.7505724293749996,0.2022390638099996
mp-13055,"{'La': 1.0, 'Ta': 1.0, 'Ba': 2.0, 'O': 6.0}",0.0,-3.5238859385000016
mp-13060,"{'Sc': 2.0, 'O': 3.0}",0.13209030075000072,-3.85385606475
mp-13066,"{'Er': 2.0, 'O': 3.0}",0.07431206075000141,-3.99837369875
mp-13068,"{'O': 3.0, 'Lu': 2.0}",0.0928218707500008,-4.04559584675
mp-13079,"{'Al': 1.0, 'Mn': 2.0, 'Co': 1.0}",0.030764591810345188,-0.27062950193965474
mp-13085,"{'Co': 1.0, 'Sb': 1.0, 'Mn': 2.0}",0.13542163528017515,0.05065638056034594
mp-13099,"{'Y': 1.0, 'N': 1.0}",0.2483161299999992,-1.630341661190001
mp-131,{'Zr': 1.0},0.0,0.0
mp-13117,"{'N': 1.0, 'Cu': 1.0}",0.7862863888099998,0.7862863888099998
mp-13120,"{'Ru': 1.0, 'Ce': 1.0, 'Si': 3.0}",0.0,-0.7229372570000002
mp-13133,"{'K': 2.0, 'Ti': 1.0, 'O': 3.0}",0.0,-2.7849687667361116
mp-13141,"{'Te': 1.0, 'Hg': 1.0}",0.41057150499999984,0.24197306499999985
mp-13146,"{'Ca': 3.0, 'N': 2.0}",0.09344754375000086,-0.8530398929519997
mp-13148,"{'Ca': 3.0, 'N': 2.0}",0.19496718675000047,-0.7515202499520001
mp-13151,"{'N': 1.0, 'B': 1.0}",0.17746418625000082,-1.2940852607733326
mp-13155,"{'Hf': 2.0, 'Ag': 1.0}",0.0,-0.12201472666666645
mp-13163,"{'Zn': 1.0, 'Sn': 1.0, 'Tb': 1.0}",0.0,-0.5976495672222223
mp-13164,"{'Pd': 1.0, 'Ti': 2.0}",0.0,-0.4528586644444452
mp-1317,"{'Sb': 3.0, 'Co': 1.0}",0.0,-0.18636059437499952
mp-13173,"{'N': 1.0, 'Pt': 1.0}",1.1357854013099995,1.1357854013099995
mp-13175,"{'N': 1.0, 'Pt': 1.0}",1.1919422188099995,1.1919422188099995
mp-13182,"{'Li': 2.0, 'Ge': 1.0, 'O': 5.0, 'Ti': 1.0}",0.0,-2.7298400886574075
mp-13192,"{'In': 6.0, 'Re': 1.0, 'O': 12.0}",0.0664538286184202,-1.98765642631579
mp-13194,"{'Pr': 1.0, 'Sb': 1.0, 'O': 4.0}",0.0,-2.8018474899999988
mp-13203,"{'Sc': 1.0, 'Sn': 1.0, 'Cu': 1.0}",0.0,-0.5417721783333332
mp-13207,"{'Zn': 1.0, 'P': 1.0, 'O': 1.0, 'Ce': 1.0}",0.0,-1.9936600710863093
mp-13218,"{'Y': 1.0, 'Mg': 2.0, 'Cu': 9.0}",0.0,-0.17229353499999964
mp-13222,"{'Sm': 1.0, 'Mg': 2.0, 'Cu': 9.0}",0.0,-0.16973628083333325
mp-13227,"{'Yb': 1.0, 'Mg': 2.0, 'Cu': 9.0}",0.0,-0.19014825708333305
mp-13241,"{'Ir': 3.0, 'Si': 7.0, 'Mg': 1.0}",0.0,-0.5122174818181819
mp-13243,"{'Sc': 1.0, 'U': 3.0, 'Sb': 5.0}",0.0,-0.4603295155555564
mp-13250,"{'La': 1.0, 'Sn': 1.0, 'Pt': 1.0}",0.0,-1.0879651924999996
mp-13263,"{'C': 3.0, 'Ce': 2.0, 'Mo': 2.0}",0.0,-0.2798291051785711
mp-13265,"{'Er': 1.0, 'Sn': 1.0, 'Ag': 1.0}",0.012904182222222005,-0.555344904444444
mp-13268,"{'Gd': 1.0, 'Co': 4.0, 'B': 1.0}",0.010537837499997591,-0.2651990611111117
mp-1327,"{'Mg': 1.0, 'Nd': 1.0}",0.0,-0.11835882000000007
mp-13274,"{'Na': 4.0, 'C': 1.0, 'O': 4.0}",0.129045508888888,-1.7487926648611112
mp-13275,"{'Na': 1.0, 'P': 1.0, 'Sr': 1.0}",0.0,-0.8044207165873019
mp-13277,"{'P': 1.0, 'Li': 1.0, 'Ba': 1.0}",0.0,-0.9101929476984132
mp-13285,"{'Pd': 3.0, 'Na': 1.0, 'O': 4.0}",0.0,-1.0945313281249989
mp-13286,"{'Ca': 1.0, 'Ge': 2.0}",0.006907943333333222,-0.4828230199999997
mp-13306,"{'Yb': 1.0, 'Ge': 1.0, 'Cu': 1.0}",0.1626096833333337,-0.3830614149999996
mp-13323,"{'Nb': 1.0, 'Eu': 1.0, 'Ba': 2.0, 'O': 6.0}",0.0,-3.22899901125
mp-13326,"{'Se': 3.0, 'Pr': 1.0, 'Lu': 1.0}",0.0,-1.8791506691562496
mp-13336,"{'Sc': 5.0, 'Te': 8.0, 'Rb': 1.0}",0.0,-1.2538719085714287
mp-13344,"{'Yb': 1.0, 'Rh': 1.0, 'B': 4.0}",0.03775040053571477,-0.5039539465277775
mp-13346,"{'S': 3.0, 'Cs': 1.0, 'U': 1.0, 'Ag': 1.0}",0.0,-1.473995437864584
mp-13369,"{'Ir': 2.0, 'Ca': 1.0, 'Ba': 3.0, 'O': 9.0}",0.02097954366667132,-2.3675703827500003
mp-1337,"{'As': 2.0, 'Mo': 1.0}",0.0,-0.24626019499999904
mp-13382,"{'Pd': 1.0, 'Zn': 1.0, 'Ce': 1.0}",0.0,-0.6402266511111105
mp-13392,"{'Nd': 1.0, 'Cu': 1.0}",0.0,-0.18578502125000007
mp-13398,"{'Yb': 1.0, 'Si': 2.0, 'Mn': 2.0}",0.0,-0.4637608105517238
mp-134,{'Al': 1.0},0.0,0.0
mp-13400,"{'Sm': 1.0, 'Ge': 2.0, 'Cu': 2.0}",0.0,-0.5292232739999996
mp-13405,"{'Ge': 2.0, 'Lu': 1.0, 'Mn': 2.0}",0.0,-0.4460834065517247
mp-13415,"{'Ta': 3.0, 'B': 2.0}",0.0,-0.6750221316666668
mp-13416,"{'Sc': 2.0, 'In': 1.0, 'Ni': 2.0}",0.0,-0.5287130830000002
mp-13435,"{'Ce': 1.0, 'Ni': 4.0, 'Mg': 1.0}",0.0,-0.3989969325
mp-13444,"{'Li': 1.0, 'Sn': 1.0}",0.0035259266666662907,-0.32307625999999995
mp-13449,"{'Yb': 1.0, 'Ga': 2.0}",0.06319510666666693,-0.5506935866666666
mp-13463,"{'Fe': 1.0, 'Ni': 1.0, 'Pt': 2.0}",0.0,-0.2147986675000002
mp-13474,"{'Er': 1.0, 'Li': 1.0, 'Ge': 1.0}",0.0,-0.7107263516666664
mp-13478,"{'Sm': 1.0, 'Si': 2.0, 'Co': 1.0}",0.0,-0.7714460462500004
mp-13495,"{'Pd': 1.0, 'Zr': 1.0}",0.0,-0.6537642525000003
mp-13497,"{'Er': 2.0, 'Mg': 1.0}",0.02557191666666769,-0.027013318333333203
mp-13502,"{'Tm': 1.0, 'C': 2.0, 'Co': 1.0}",0.0,-0.3609272218749995
mp-13503,"{'Sc': 1.0, 'Zn': 2.0}",0.0,-0.33976276000000044
mp-13510,"{'In': 1.0, 'Ho': 4.0, 'Ni': 2.0, 'Ge': 4.0}",0.0,-0.7808648181818179
mp-13511,"{'Tm': 4.0, 'Ni': 2.0, 'In': 1.0, 'Ge': 4.0}",0.0,-0.7667142836363635
mp-13513,"{'Sr': 1.0, 'Ni': 1.0, 'Ge': 2.0}",0.0,-0.5223236275000005
mp-13516,"{'Tm': 1.0, 'Al': 3.0, 'O': 12.0, 'B': 4.0}",0.0044745631298077635,-3.268645619333333
mp-13534,"{'La': 1.0, 'Zn': 1.0, 'Ni': 1.0}",0.0,-0.3911401202777785
mp-13545,"{'F': 6.0, 'Ir': 1.0, 'Ba': 1.0}",0.0,-2.7837360608925
mp-13567,"{'S': 2.0, 'Ce': 1.0}",0.00999876833333424,-2.1419542377083345
mp-13576,"{'Eu': 1.0, 'As': 1.0, 'O': 4.0}",0.0,-2.4640705250000003
mp-13579,"{'Er': 1.0, 'Ge': 1.0, 'Pt': 1.0}",0.0,-1.1363031766666676
mp-13580,"{'Ge': 1.0, 'Lu': 1.0, 'Pt': 1.0}",0.0,-1.1226024891666655
mp-13588,"{'Cs': 1.0, 'C': 4.0, 'N': 4.0, 'B': 1.0}",0.30661610350000146,-0.16562887311866775
mp-13591,"{'N': 4.0, 'C': 4.0, 'Rb': 1.0, 'B': 1.0}",0.3756045862500006,-0.15357894661866708
mp-136,{'Fe': 1.0},0.09710225000000072,0.09710225000000072
mp-1365,"{'Ge': 5.0, 'Ti': 6.0}",0.0,-0.662417247727274
mp-13654,"{'Au': 3.0, 'Y': 3.0, 'Sb': 4.0}",0.0,-0.8232153589999995
mp-1367,"{'Si': 1.0, 'Mg': 2.0}",0.0,-0.15982384333333322
mp-13675,"{'Pd': 3.0, 'Cd': 1.0, 'O': 4.0}",0.0050544881250003115,-0.9420932193749998
mp-13683,"{'Hf': 1.0, 'Ge': 2.0}",0.0,-0.4741422533333335
mp-13687,"{'F': 6.0, 'Cs': 2.0, 'K': 1.0, 'Ag': 1.0}",0.0,-2.426285923714
mp-13696,"{'Eu': 1.0, 'O': 2.0, 'Cu': 1.0}",0.0,-2.288394921875001
mp-13703,"{'Al': 4.0, 'C': 1.0, 'O': 4.0}",0.0,-2.606645838194445
mp-13861,"{'Hf': 1.0, 'Ir': 3.0, 'B': 4.0}",0.0,-0.5221734095833329
mp-13868,"{'Pd': 1.0, 'F': 4.0}",0.0,-1.513705526952
mp-1392,"{'Zn': 1.0, 'P': 2.0}",0.003192257083333594,-0.24584686123015884
mp-13972,"{'Se': 1.0, 'Sm': 2.0, 'O': 2.0}",0.0,-3.3392547302187507
mp-13974,"{'Se': 1.0, 'Ho': 2.0, 'O': 2.0}",0.0,-3.4197431742187505
mp-13975,"{'Er': 2.0, 'Se': 1.0, 'O': 2.0}",0.0,-3.4244057122187512
mp-1399,"{'Au': 1.0, 'Al': 1.0}",0.0,-0.3924009300000004
mp-13993,"{'S': 6.0, 'Ni': 1.0, 'Ti': 3.0}",0.0,-1.594113591437501
mp-14015,"{'Ho': 1.0, 'Mn': 12.0}",0.0,-0.007007162042439264
mp-14018,"{'K': 3.0, 'As': 1.0}",0.0,-0.3316103275
mp-1403,"{'S': 3.0, 'Sm': 2.0}",0.0,-2.4688416484375013
mp-14070,"{'Al': 1.0, 'O': 2.0, 'Rb': 1.0}",0.0,-2.8781523893749994
mp-14083,"{'Fe': 1.0, 'C': 6.0, 'K': 2.0, 'Ni': 1.0, 'N': 6.0}",0.15359834451822962,-0.16153744354875066
mp-14090,"{'Tl': 1.0, 'Se': 2.0, 'Cu': 1.0}",0.0,-0.2364410242968749
mp-14099,"{'F': 3.0, 'Zn': 1.0, 'Ag': 1.0}",0.03561166100000035,-2.0163400497140005
mp-1411,"{'S': 2.0, 'Ta': 1.0}",0.002390139999999264,-1.4916500193750009
mp-14112,"{'Pd': 1.0, 'F': 3.0}",0.02920146791666633,-1.5647905004758336
mp-14115,"{'Li': 1.0, 'Rh': 1.0, 'O': 2.0}",0.0,-1.570079985625
mp-14128,"{'F': 6.0, 'Hf': 1.0, 'K': 2.0}",0.0,-3.755417805793333
mp-14168,"{'F': 6.0, 'K': 2.0, 'Ge': 1.0}",0.0,-3.05797004246
mp-14175,"{'Nb': 1.0, 'K': 3.0, 'O': 8.0}",0.0,-1.850363383333332
mp-1418,"{'Fe': 1.0, 'Ni': 3.0}",0.0,-0.08783712249999898
mp-14210,"{'Gd': 1.0, 'Li': 1.0, 'Ge': 1.0}",0.0,-0.7016690677777765
mp-14241,"{'Tl': 2.0, 'Si': 1.0, 'Se': 3.0}",0.0,-0.4833615609635421
mp-14243,"{'Te': 1.0, 'Cd': 3.0, 'O': 6.0}",0.0,-1.5335716212499997
mp-14245,"{'Dy': 2.0, 'Si': 5.0, 'Rh': 3.0}",0.0,-0.9770183134999996
mp-14254,"{'Al': 1.0, 'Nd': 1.0, 'O': 3.0}",0.027415337999990186,-3.661421995750001
mp-14294,"{'Yb': 1.0, 'Sb': 1.0, 'O': 6.0, 'Ba': 2.0}",0.0,-2.8256786027499996
mp-14345,"{'Zn': 1.0, 'P': 2.0, 'Ba': 1.0, 'O': 7.0}",0.0,-2.8538182572673163
mp-14363,"{'Li': 1.0, 'As': 1.0, 'O': 4.0, 'Rb': 2.0}",0.0,-2.1245376143749994
mp-14374,"{'Na': 3.0, 'Rh': 1.0, 'O': 12.0, 'N': 6.0}",0.0049228448053035825,-1.2133482770127273
mp-14395,"{'F': 1.0, 'Na': 1.0, 'As': 1.0, 'Al': 1.0, 'O': 4.0}",0.0,-2.62685226327375
mp-14420,"{'Er': 2.0, 'Be': 2.0, 'Ge': 1.0, 'O': 7.0}",0.003848176111111989,-3.3089451611458336
mp-1443,"{'F': 8.0, 'Sn': 3.0}",0.0,-2.728129071774546
mp-14430,"{'Ru': 1.0, 'Y': 1.0, 'O': 6.0, 'Sr': 2.0}",0.0,-2.86293984475
mp-14435,"{'Se': 3.0, 'K': 3.0, 'Ge': 1.0}",0.0,-1.0010731993973216
mp-14466,"{'Ir': 1.0, 'K': 1.0, 'Li': 6.0, 'O': 6.0}",0.0,-1.8986724998214288
mp-1447,"{'Se': 1.0, 'Sm': 1.0}",0.0,-1.815524479296876
mp-14474,"{'Ta': 2.0, 'Se': 7.0, 'Pt': 1.0}",0.0,-0.6328482625156248
mp-14495,"{'Zn': 1.0, 'Li': 6.0, 'O': 4.0}",0.0,-2.0449068472727263
mp-14503,"{'Er': 3.0, 'Cr': 1.0, 'B': 7.0}",0.0,-0.6359930083333335
mp-14542,"{'Fe': 1.0, 'Y': 3.0, 'B': 7.0}",0.0,-0.5874974537878795
mp-14587,"{'Zn': 1.0, 'P': 4.0}",0.060730581511907474,-0.08869288947619082
mp-14588,"{'Na': 2.0, 'Se': 2.0, 'Pt': 1.0}",0.0,-0.8219135454375001
mp-14696,"{'La': 2.0, 'Rh': 5.0, 'B': 4.0}",0.0,-0.6940084774242414
mp-1472,"{'Zr': 1.0, 'B': 2.0}",0.0,-0.9913717911111112
mp-14734,"{'F': 3.0, 'Cs': 1.0, 'C': 1.0, 'O': 1.0}",0.0,-2.354077861428332
mp-1475,"{'Be': 12.0, 'Mo': 1.0}",0.0,-0.13335510923076954
mp-14763,"{'Ca': 3.0, 'Mn': 1.0, 'N': 3.0}",0.0,-1.0327959376456153
mp-14769,"{'Zn': 3.0, 'As': 2.0, 'Ba': 2.0, 'O': 2.0}",0.012058193796295136,-1.4168181447222232
mp-14780,"{'Se': 4.0, 'Na': 6.0, 'Mn': 1.0}",0.0,-0.98399288143221
mp-14787,"{'S': 3.0, 'Tm': 2.0}",0.02008739224999889,-2.4573812334375007
mp-14796,"{'Se': 3.0, 'K': 1.0, 'Pt': 2.0}",0.0,-0.6504102359635416
mp-1480,"{'Si': 6.0, 'Ba': 1.0}",0.07168540357143005,-0.0818049835714295
mp-14815,"{'Ta': 1.0, 'Te': 5.0, 'Pt': 1.0}",0.0,-0.3649464592857145
mp-14825,"{'Er': 1.0, 'Cu': 3.0, 'Pb': 2.0, 'O': 8.0, 'Sr': 2.0}",0.027776857617188174,-2.08756004
mp-1483,"{'Si': 1.0, 'Rh': 1.0}",0.03227134374999974,-0.7904770250000004
mp-1492,"{'Te': 1.0, 'Cd': 1.0}",0.1074853316666582,-0.3552285433333333
mp-14964,"{'Ta': 1.0, 'Pr': 3.0, 'O': 7.0}",0.0,-3.7359059153409104
mp-14983,"{'Ru': 1.0, 'P': 4.0, 'Si': 4.0}",0.0,-0.3621171319312164
mp-1505,"{'Tm': 1.0, 'Mg': 1.0}",0.0,-0.061485895000000124
mp-15065,"{'S': 4.0, 'Ir': 2.0, 'Cu': 1.0}",0.0,-0.7425777144642863
mp-1510,"{'Fe': 17.0, 'Nd': 2.0}",0.03668238736842255,0.03668238736842143
mp-15226,"{'W': 1.0, 'N': 2.0, 'Cr': 1.0}",0.058889832499996686,-0.4680535286899996
mp-1529,"{'Ir': 1.0, 'Lu': 1.0}",0.0,-0.9940064050000004
mp-153,{'Mg': 1.0},0.0,0.0
mp-1536,"{'K': 1.0, 'Sb': 1.0}",0.0,-0.4386307968749996
mp-1539,"{'Te': 1.0, 'Zr': 1.0}",0.0,-0.8991193500000003
mp-1550,"{'Al': 1.0, 'P': 1.0}",0.0,-0.612621294047619
mp-1551,"{'Te': 2.0, 'Ir': 1.0}",0.0,-0.2903320866666669
mp-1552,"{'C': 1.0, 'Mo': 2.0}",0.0,-0.1029595612500008
mp-15607,"{'C': 2.0, 'Ca': 1.0, 'B': 2.0}",0.14545796400000022,-0.1873070051666673
mp-15635,"{'F': 6.0, 'Tl': 3.0, 'Ti': 1.0}",0.09685301000000024,-2.671182527380666
mp-1564,"{'Na': 1.0, 'Tl': 1.0}",0.0,-0.11592912250000033
mp-1566,"{'Fe': 5.0, 'Sm': 1.0}",0.0044349599999984335,0.004434959999999914
mp-15671,"{'Re': 3.0, 'B': 1.0}",0.0,-0.20511573791666748
mp-15683,"{'As': 1.0, 'Rh': 1.0, 'Cr': 1.0}",0.06920174777777799,-0.2560813583333328
mp-1569,"{'Be': 2.0, 'C': 1.0}",0.0,-0.23890488625
mp-157,{'P': 1.0},0.030029646904758955,0.03002964690476162
mp-1570,"{'Fe': 2.0, 'Y': 1.0}",0.0,-0.06311649000000112
mp-1572,"{'Se': 1.0, 'Ga': 1.0}",5.598750000057606e-06,-0.591793763046875
mp-15743,"{'Ce': 1.0, 'O': 4.0, 'Sr': 2.0}",0.0,-3.509029649285714
mp-1575,"{'C': 2.0, 'Ca': 1.0}",0.015081027500000843,0.015081027500000253
mp-15778,"{'Ni': 1.0, 'Sb': 1.0, 'Mg': 1.0}",0.0,-0.4104502883333326
mp-1586,"{'Sb': 1.0, 'Nd': 1.0}",0.0,-1.1889736875
mp-15901,"{'Ta': 2.0, 'La': 1.0, 'Li': 2.0, 'O': 7.0}",0.04527966229167468,-3.230444928854167
mp-15902,"{'Ta': 3.0, 'Ca': 2.0, 'Li': 2.0, 'O': 10.0}",0.03755122580393255,-3.2252001295588233
mp-1591,"{'Al': 4.0, 'C': 3.0}",0.0,-0.09141716232142827
mp-1595,"{'Nb': 2.0, 'O': 5.0}",0.009786977857142887,-3.042436315178572
mp-1602,"{'S': 2.0, 'Si': 1.0}",0.0,-1.1209923743750003
mp-1605,"{'O': 4.0, 'Ag': 3.0}",0.0,-0.4187488807142853
mp-1606,"{'Au': 2.0, 'Nb': 1.0}",0.0,-0.1147875333333334
mp-16115,"{'Pr': 2.0, 'O': 4.0, 'Cu': 1.0}",0.06416806714285528,-2.894412435
mp-16116,"{'Se': 4.0, 'Cu': 1.0, 'Sm': 2.0, 'Rb': 1.0}",0.0,-1.5088020599218748
mp-16236,"{'Se': 1.0, 'K': 1.0, 'Ag': 1.0}",0.0,-0.6716037995312497
mp-1625,"{'Sb': 1.0, 'Sn': 1.0}",0.11779225000000172,0.11779224999999993
mp-1628,"{'Te': 1.0, 'Rh': 1.0}",0.01936727749999889,-0.32099352500000045
mp-16305,"{'Sc': 1.0, 'Ru': 1.0, 'P': 1.0}",0.0,-1.194927196587301
mp-16319,"{'Sb': 1.0, 'Rb': 3.0}",0.0,-0.3616101049999996
mp-1632,"{'Nd': 1.0, 'B': 4.0}",0.0,-0.5648665053333332
mp-16337,"{'Te': 4.0, 'Hg': 1.0, 'Ga': 2.0}",0.0,-0.29988576142857176
mp-1634,"{'Se': 2.0, 'Mo': 1.0}",5.639833333326294e-05,-0.6699828523958343
mp-16358,"{'Zn': 1.0, 'Ni': 2.0, 'Ge': 1.0}",0.04877003187499973,-0.2294074262499999
mp-1636,"{'Sb': 1.0, 'Mn': 3.0}",0.10838435556034563,0.09236093646551867
mp-1637,"{'Re': 2.0, 'P': 1.0}",0.0,-0.2943854901984129
mp-1640,"{'Ho': 2.0, 'C': 1.0}",0.0,-0.3017000262499998
mp-16497,"{'Sc': 1.0, 'Al': 1.0, 'Cu': 2.0}",0.0,-0.4110377549999997
mp-16498,"{'Al': 8.0, 'Sm': 1.0, 'Cu': 4.0}",0.0,-0.31105265307692337
mp-16513,"{'Al': 3.0, 'Nd': 1.0}",0.0,-0.4457129862500002
mp-1654,"{'Ce': 1.0, 'Ni': 2.0}",0.0,-0.3794699933333329
mp-16564,"{'Se': 4.0, 'Zn': 1.0, 'Sn': 1.0, 'Cu': 2.0}",0.0,-0.3902433442968745
mp-16566,"{'Se': 4.0, 'Hg': 1.0, 'Sn': 1.0, 'Cu': 2.0}",0.0,-0.2740357067968753
mp-166,{'Ca': 1.0},0.013329299999999877,0.013329299999999877
mp-1662,"{'Au': 1.0, 'Te': 2.0}",0.01206473041666678,-0.07184034666666624
mp-16638,"{'Cu': 2.0, 'Mg': 1.0, 'Nd': 2.0}",0.0,-0.1950771439999997
mp-16652,"{'Pd': 2.0, 'Mg': 1.0, 'Tb': 2.0}",0.0,-0.7846007696666668
mp-16720,"{'Al': 2.0, 'Th': 1.0}",0.04293699166666709,-0.40704501166666657
mp-16730,"{'N': 1.0, 'Mo': 1.0}",0.400775999375,-0.14755736619000004
mp-16735,"{'In': 1.0, 'Cr': 1.0, 'Co': 2.0}",0.2172389295833339,0.20554064999999969
mp-16741,"{'Au': 1.0, 'Tm': 1.0, 'Sn': 1.0}",0.05243145333333299,-0.7805461116666669
mp-16750,"{'Ho': 1.0, 'Pb': 1.0, 'Cu': 1.0}",0.0,-0.3855825166666662
mp-16762,"{'Pr': 1.0, 'B': 3.0}",0.4814532495833337,-0.03193351750000062
mp-16765,"{'Te': 2.0, 'P': 1.0, 'Zr': 2.0}",0.0,-1.1157955996190474
mp-16770,"{'Ca': 2.0, 'Ag': 7.0}",0.0,-0.2418791183333333
mp-16783,"{'Re': 2.0, 'Cd': 2.0, 'O': 7.0}",0.04347424999999827,-1.7750231498863642
mp-168,{'Si': 1.0},0.15859482875000008,0.15859482875000008
mp-16807,"{'Al': 2.0, 'Dy': 3.0, 'Ni': 6.0}",0.0,-0.5685043436363635
mp-1683,"{'Zr': 1.0, 'Se': 3.0}",0.0,-1.0505425639453128
mp-16837,"{'Nb': 3.0, 'O': 8.0, 'Ag': 1.0}",0.038258320416666436,-2.67362297375
mp-16886,"{'Au': 1.0, 'Cd': 1.0}",0.0,-0.1810379922222221
mp-1689,"{'Hf': 1.0, 'Re': 2.0}",0.0,-0.4010507749999993
mp-169,{'C': 1.0},0.004413401249999893,0.004413401249999893
mp-1690,"{'S': 2.0, 'Ta': 1.0}",0.020789783333333037,-1.4732503760416684
mp-16904,"{'Te': 3.0, 'Cd': 1.0, 'Ba': 2.0}",0.01948655624999951,-1.3274621220833336
mp-1691,"{'La': 2.0, 'Ni': 3.0}",0.0,-0.33302004299999977
mp-16913,"{'Se': 1.0, 'O': 3.0, 'Ag': 2.0}",0.0,-0.8401775791406253
mp-1692,"{'O': 1.0, 'Cu': 1.0}",0.0,-0.9536060581249995
mp-17,{'Cr': 1.0},0.06880979625000094,0.06880979625000094
mp-17023,"{'U': 1.0, 'Ni': 2.0}",0.00622969358974057,-0.24733520833333364
mp-1705,"{'Sb': 2.0, 'O': 5.0}",0.0,-1.7665782908928558
mp-17092,"{'Sc': 1.0, 'Pd': 1.0, 'Sn': 1.0}",0.0,-0.8530130716666662
mp-17112,"{'Au': 1.0, 'K': 3.0, 'Ge': 4.0}",0.0,-0.2781182406249996
mp-17119,"{'Cu': 3.0, 'Sn': 4.0, 'O': 12.0, 'Sr': 1.0}",0.05298725575000685,-1.85295884725
mp-17155,"{'La': 3.0, 'Se': 7.0, 'Sn': 1.0, 'Ag': 1.0}",0.0,-1.4061184393880208
mp-17173,"{'S': 3.0, 'Rh': 2.0}",0.0,-0.867872885437501
mp-1718,"{'Fe': 2.0, 'Zr': 1.0}",0.0,-0.2832444033333334
mp-1723,"{'Al': 3.0, 'U': 1.0}",0.027684559062500117,-0.11840681124999985
mp-1727,"{'Si': 2.0, 'Sr': 1.0}",0.0,-0.3657914416666668
mp-1729,"{'Fe': 2.0, 'Sm': 1.0}",0.02058558333333327,0.02058558333333238
mp-1731,"{'La': 1.0, 'Co': 5.0}",0.03474771858695469,-0.01378858875000096
mp-17325,"{'Ba': 5.0, 'Sn': 3.0}",0.009166867499999842,-0.619970350625
mp-17334,"{'Sc': 2.0, 'Si': 5.0, 'Cr': 4.0}",0.0,-0.5498147700000001
mp-17355,"{'Gd': 1.0, 'Rh': 1.0, 'O': 6.0, 'Sr': 3.0}",0.0,-2.911317127500001
mp-17370,"{'La': 1.0, 'Rh': 1.0, 'Sn': 2.0}",0.0,-0.7882284012499996
mp-17396,"{'As': 3.0, 'Ni': 5.0, 'Sr': 1.0}",0.0,-0.5194462611111111
mp-17400,"{'Ta': 1.0, 'N': 3.0, 'Ba': 2.0}",0.0,-1.2639649695233324
mp-17424,"{'Tm': 1.0, 'Ru': 1.0, 'Ga': 3.0}",0.0,-0.576575592333334
mp-1746,"{'F': 2.0, 'Mg': 1.0}",0.06677042749999806,-3.784043308293333
mp-1749,"{'Al': 4.0, 'Ca': 1.0}",0.012662028000000712,-0.18522188600000009
mp-1752,"{'Ho': 1.0, 'Si': 2.0}",0.08703506833332497,-0.5121462266666666
mp-17567,"{'Zn': 3.0, 'Ce': 2.0, 'Ge': 6.0}",0.0,-0.3863244313636355
mp-17623,"{'Sm': 1.0, 'Si': 2.0, 'Co': 9.0}",0.030515382083334156,-0.2978689520833342
mp-17722,"{'Ta': 1.0, 'Pr': 1.0, 'O': 4.0}",0.0,-3.6691854887499993
mp-17753,"{'Ru': 1.0, 'Nd': 3.0, 'O': 7.0}",0.0,-3.0918101212500004
mp-17783,"{'Au': 1.0, 'Mg': 3.0}",0.0,-0.4136322720833331
mp-17791,"{'Se': 6.0, 'Cd': 4.0, 'Si': 1.0}",0.0134781418181813,-0.5663684746875
mp-17801,"{'Hf': 2.0, 'Ge': 4.0, 'Cu': 1.0}",0.0,-0.4396534464285712
mp-17806,"{'Ta': 2.0, 'V': 4.0, 'Si': 5.0}",0.1797383941515136,-0.3888729790909092
mp-17827,"{'Se': 7.0, 'Si': 1.0, 'Nd': 3.0, 'Ag': 1.0}",0.0,-1.339923478763021
mp-17869,"{'F': 3.0, 'Na': 1.0, 'Cu': 1.0}",0.007371125499999742,-2.308997816714
mp-17910,"{'Nb': 5.0, 'Ge': 3.0}",0.065724987500003,-0.4034162324999997
mp-17929,"{'S': 5.0, 'Ho': 2.0, 'Cu': 3.0, 'Rb': 1.0}",0.0,-1.5483276077556822
mp-17935,"{'Zn': 3.0, 'Ge': 6.0, 'Nd': 2.0}",0.0,-0.4046447463636362
mp-17942,"{'P': 1.0, 'Ni': 2.0, 'Mg': 1.0}",0.0,-0.5678899332738094
mp-17947,"{'S': 4.0, 'Ge': 1.0, 'Ba': 1.0, 'Cu': 2.0}",0.0,-1.142367597239583
mp-1795,"{'Nb': 1.0, 'F': 3.0}",0.1682514792916665,-2.9567274171425004
mp-1797,"{'Ni': 1.0, 'Mn': 1.0}",0.0386831020402294,-0.03866551818965469
mp-17972,"{'F': 6.0, 'Zn': 2.0, 'Hg': 2.0, 'O': 1.0}",0.0,-2.0558822934900003
mp-17986,"{'Tl': 2.0, 'Ti': 1.0, 'O': 3.0}",0.0,-2.2686480925694443
mp-18,{'Tb': 1.0},0.007275328333333775,0.007275328333333775
mp-18003,"{'S': 4.0, 'Cs': 1.0, 'Cu': 1.0}",0.0,-0.8851747814583332
mp-18006,"{'S': 4.0, 'Cu': 2.0, 'Sn': 1.0, 'Rb': 2.0}",0.010579755297621674,-0.9606376029166666
mp-18021,"{'C': 1.0, 'Ge': 3.0, 'Mo': 5.0}",0.0648986475555553,-0.06904705652777762
mp-18032,"{'Nb': 5.0, 'Ga': 4.0}",0.010039742164751786,-0.33665901111111096
mp-18059,"{'Zr': 1.0, 'Si': 2.0, 'Mn': 1.0}",0.00764110729166667,-0.69173627242816
mp-18062,"{'Na': 10.0, 'Yb': 1.0, 'Sn': 12.0}",0.0,-0.2727046960869562
mp-1812,"{'Au': 6.0, 'Hg': 5.0}",0.01650558090908949,0.0165055809090908
mp-18129,"{'S': 6.0, 'La': 2.0, 'Zn': 1.0, 'Ga': 2.0, 'O': 1.0}",0.01086185927082983,-1.934479722135416
mp-18240,"{'S': 4.0, 'Tl': 2.0, 'Sn': 1.0, 'Cu': 2.0}",0.027495028928571585,-0.6092379906944443
mp-1828,"{'Os': 2.0, 'Th': 1.0}",0.0,-0.26316975833333345
mp-183,"{'Ce': 1.0, 'Cd': 1.0}",0.08067100249999948,-0.10809751999999984
mp-18365,"{'Se': 4.0, 'Cu': 1.0, 'Rb': 1.0}",0.0,-0.4119513990625
mp-1837,"{'Cu': 1.0, 'Tb': 1.0}",0.0,-0.23509212833333315
mp-18377,"{'S': 1.0, 'Zn': 1.0}",0.011571749999999437,-1.1290612570312508
mp-18484,"{'S': 7.0, 'Fe': 1.0, 'Mn': 1.0, 'La': 3.0}",0.05552087312499943,-1.916482762276401
mp-1851,"{'Pd': 2.0, 'Sn': 1.0}",0.0,-0.5479363283333333
mp-1852,"{'F': 5.0, 'U': 1.0}",0.0,-3.892270550991667
mp-18567,"{'Zn': 11.0, 'Ca': 1.0}",0.0,-0.16253193833333338
mp-1857,"{'Yb': 1.0, 'Cd': 1.0}",0.0,-0.4126559599999999
mp-18577,"{'S': 2.0, 'K': 1.0, 'Ag': 3.0}",0.011450441944441449,-0.6112699530208333
mp-1860,"{'La': 1.0, 'Si': 1.0}",0.013365897499999946,-0.7432775662500006
mp-18632,"{'P': 3.0, 'Ni': 5.0, 'Sr': 1.0}",0.0,-0.7136732671428574
mp-18635,"{'N': 5.0, 'Ga': 1.0, 'Sr': 6.0}",0.0036829816666656967,-0.7518742597416667
mp-18645,"{'Sc': 5.0, 'In': 4.0, 'Rh': 2.0}",0.0,-0.6848130436363636
mp-18672,"{'Cs': 1.0, 'Dy': 2.0, 'Se': 5.0, 'Cu': 3.0}",0.0,-1.1214013943607952
mp-18678,"{'Nd': 2.0, 'Rh': 3.0, 'Ge': 5.0}",0.0,-0.8214716665000005
mp-18687,"{'Nb': 1.0, 'F': 5.0}",0.0,-3.3769631722416658
mp-18706,"{'Fe': 2.0, 'Te': 2.0, 'Y': 5.0}",0.0,-0.6599156755555557
mp-18707,"{'Mg': 3.0, 'Pt': 1.0}",0.0,-0.6009320762499998
mp-18712,"{'Pd': 1.0, 'Mg': 3.0}",0.0,-0.4388308245833332
mp-18718,"{'Ca': 1.0, 'Ni': 4.0, 'O': 8.0}",0.0,-1.1278947223076925
mp-18721,"{'P': 2.0, 'Mn': 2.0, 'O': 7.0}",0.0,-2.601652852692645
mp-18740,"{'V': 2.0, 'Cd': 2.0, 'O': 7.0}",0.0,-2.0992615635227256
mp-18742,"{'W': 1.0, 'Ca': 1.0, 'O': 6.0, 'Sr': 2.0}",0.042463765999992915,-2.99056744325
mp-18747,"{'Mo': 1.0, 'O': 3.0, 'Sr': 1.0}",0.02008476549999827,-2.59432888275
mp-18754,"{'Dy': 1.0, 'O': 4.0, 'Cr': 1.0}",0.0,-2.796731820833333
mp-18756,"{'Tm': 2.0, 'Ni': 1.0, 'O': 5.0, 'Ba': 1.0}",0.01969664416666994,-3.1082225451388887
mp-18761,"{'V': 3.0, 'K': 3.0, 'O': 8.0}",0.0,-2.4453897600000007
mp-18764,"{'W': 1.0, 'Ba': 2.0, 'O': 6.0, 'Sr': 1.0}",0.0,-2.974940176750001
mp-18772,"{'Na': 4.0, 'N': 2.0, 'O': 2.0, 'Mo': 1.0}",0.062458068981479535,-1.1523181308066666
mp-18776,"{'Ca': 1.0, 'P': 2.0, 'O': 7.0, 'Co': 1.0}",0.003605706590908753,-2.758330373176406
mp-18787,"{'O': 2.0, 'Sb': 2.0, 'Ba': 2.0, 'Mn': 3.0}",0.05607710499999996,-1.296230479946436
mp-18792,"{'Ca': 3.0, 'O': 6.0, 'Co': 2.0}",0.0036012981060595814,-2.436639621136365
mp-18793,"{'Li': 1.0, 'O': 2.0, 'Cr': 1.0}",0.0,-2.3990861481250008
mp-18798,"{'Mn': 2.0, 'O': 5.0, 'Sr': 2.0}",0.0,-2.586260577325401
mp-18802,"{'Pr': 2.0, 'Ni': 1.0, 'O': 5.0, 'Ba': 1.0}",0.0,-2.9299135640277765
mp-18805,"{'Mo': 1.0, 'Co': 1.0, 'O': 6.0, 'Sr': 2.0}",0.0,-2.5440465252500006
mp-18806,"{'Ni': 3.0, 'O': 6.0, 'B': 2.0}",0.0,-1.8262038614393945
mp-18807,"{'Zn': 2.0, 'V': 2.0, 'O': 7.0}",0.032445805454526244,-2.1499624244318167
mp-18812,"{'V': 1.0, 'Nd': 1.0, 'O': 4.0}",0.0,-3.1910397
mp-18821,"{'Y': 5.0, 'O': 12.0, 'Mo': 2.0}",0.0013484377631396427,-3.3675350565789484
mp-18828,"{'Fe': 1.0, 'Tl': 1.0, 'O': 2.0}",0.185982884375,-1.3014474368750006
mp-18829,"{'Zn': 1.0, 'Mo': 1.0, 'O': 6.0, 'Sr': 2.0}",0.025230981500000027,-2.59565081975
mp-18841,"{'La': 1.0, 'O': 3.0, 'Cr': 1.0}",0.0851903974999999,-3.10828945025
mp-18845,"{'Fe': 1.0, 'W': 1.0, 'Ba': 2.0, 'O': 6.0}",0.02778919399999857,-2.6055682837500007
mp-18850,"{'Y': 1.0, 'Mn': 2.0, 'O': 5.0, 'Ba': 1.0}",0.0,-2.7981695589920688
mp-18863,"{'Pr': 1.0, 'O': 4.0, 'Cr': 1.0}",0.0,-2.743556139166666
mp-18868,"{'Fe': 1.0, 'Mo': 2.0, 'O': 8.0, 'Rb': 1.0}",0.00025564583333448354,-2.1260346633333334
mp-18880,"{'Er': 1.0, 'V': 1.0, 'O': 4.0}",0.0358132916666527,-3.1919513941666664
mp-189,"{'Ru': 1.0, 'Si': 1.0}",0.0,-0.65174517125
mp-18903,"{'W': 1.0, 'Cd': 1.0, 'O': 6.0, 'Sr': 2.0}",0.08152678849999972,-2.5508153617500002
mp-18912,"{'S': 1.0, 'Na': 5.0, 'Ni': 1.0, 'O': 2.0}",0.13786478604166594,-1.1949640390625005
mp-18921,"{'Na': 1.0, 'O': 2.0, 'Co': 1.0}",0.0,-1.601393018125
mp-18925,"{'Li': 6.0, 'O': 4.0, 'Co': 1.0}",0.0,-1.9582997281818184
mp-18926,"{'La': 3.0, 'Ni': 2.0, 'O': 7.0}",0.022911300000000526,-2.7463198034375
mp-18927,"{'Zr': 3.0, 'Ni': 1.0, 'O': 1.0}",0.4794639251999993,-0.9073493702500002
mp-18937,"{'V': 2.0, 'O': 3.0}",0.011643768249998132,-2.5225095997500007
mp-18962,"{'Ca': 1.0, 'Mo': 1.0, 'O': 6.0, 'Sr': 2.0}",0.07283942949999833,-2.8966893547500008
mp-18965,"{'Ba': 1.0, 'O': 3.0, 'Co': 1.0}",0.0,-2.07012614875
mp-18978,"{'Mn': 1.0, 'O': 4.0, 'Sr': 2.0}",0.006333909107143931,-2.7073474796199
mp-18983,"{'Er': 1.0, 'Ni': 1.0, 'O': 3.0}",0.0,-2.4238950072500005
mp-18987,"{'P': 2.0, 'Li': 1.0, 'O': 7.0, 'Mo': 1.0}",0.0,-2.628543158630952
mp-18990,"{'Mn': 1.0, 'Ba': 2.0, 'O': 12.0, 'B': 6.0}",0.0,-2.9685911136828245
mp-18991,"{'Ni': 4.0, 'O': 8.0, 'Ba': 1.0}",0.013365711826922144,-1.0998449430769226
mp-190,"{'Re': 1.0, 'O': 3.0}",0.0015580724999999518,-2.1532277534375
mp-1900,"{'Ca': 1.0, 'As': 3.0}",0.0,-0.5602697137500003
mp-19011,"{'Te': 1.0, 'Ni': 1.0, 'O': 6.0, 'Ba': 2.0}",0.0,-2.2307627722500003
mp-1902,"{'Pd': 1.0, 'Mn': 1.0}",0.012226012499999328,-0.1888083056896548
mp-19029,"{'O': 8.0, 'Cr': 4.0, 'Rb': 1.0}",0.03716152471154999,-2.1462277469230773
mp-19033,"{'W': 1.0, 'O': 3.0}",0.00023540749999995117,-2.1839868309374992
mp-19039,"{'Cd': 1.0, 'O': 4.0, 'Mo': 1.0}",0.0,-1.8926400483333337
mp-19042,"{'Ca': 3.0, 'Mn': 2.0, 'O': 7.0}",0.016265049722221647,-2.6575923261190515
mp-19044,"{'Fe': 1.0, 'Na': 2.0, 'O': 4.0}",0.0663802192857128,-1.4287936807142867
mp-19053,"{'La': 1.0, 'V': 1.0, 'O': 3.0}",0.17120238600000093,-3.1151046302500007
mp-19055,"{'Ho': 1.0, 'O': 4.0, 'Cr': 1.0}",0.022444830833341808,-2.7748608091666664
mp-19063,"{'Er': 1.0, 'O': 3.0, 'Cr': 1.0}",0.0,-3.23844360325
mp-19070,"{'Mn': 2.0, 'O': 7.0, 'Sr': 3.0}",0.024207715138889085,-2.610013627785717
mp-19071,"{'Si': 1.0, 'O': 4.0, 'Co': 2.0}",0.0360733549999992,-2.1368338164285725
mp-19077,"{'As': 1.0, 'O': 4.0, 'Cr': 1.0}",0.0,-1.9562828604166664
mp-19081,"{'Mn': 1.0, 'O': 4.0, 'Mo': 1.0}",0.0,-2.1397739103898856
mp-19088,"{'V': 5.0, 'Ba': 5.0, 'O': 14.0}",0.025328131224993555,-2.8311371090624995
mp-19092,"{'W': 1.0, 'O': 4.0, 'Co': 1.0}",0.0,-1.9399482633333336
mp-19093,"{'U': 1.0, 'Ni': 1.0, 'O': 6.0, 'Ba': 2.0}",0.0,-3.0383663222500004
mp-19100,"{'Ca': 1.0, 'Mo': 1.0, 'O': 6.0, 'Sr': 2.0}",0.06496467349999957,-2.9045641107499987
mp-19110,"{'O': 7.0, 'P': 2.0, 'Ba': 1.0, 'Cr': 1.0}",0.0,-2.9050958354491336
mp-1912,"{'Zn': 1.0, 'Ag': 1.0}",0.006977487631579128,-0.034365569999999845
mp-19120,"{'O': 4.0, 'Mg': 1.0, 'Cr': 1.0}",0.0,-2.2134398408333333
mp-19123,"{'V': 1.0, 'Li': 1.0, 'O': 4.0, 'Rb': 2.0}",0.0,-2.3827692312499997
mp-19124,"{'Ca': 3.0, 'Mn': 2.0, 'O': 7.0}",0.058211570555554815,-2.6156458052857183
mp-19133,"{'V': 1.0, 'Y': 1.0, 'O': 4.0}",0.0,-3.2064525133333333
mp-19134,"{'P': 2.0, 'Ca': 1.0, 'O': 7.0, 'Cr': 1.0}",8.121681818096249e-05,-2.887152609994589
mp-19144,"{'W': 2.0, 'O': 7.0, 'Rb': 2.0}",0.0,-2.280652726250001
mp-19149,"{'Na': 1.0, 'Ni': 1.0, 'O': 2.0}",0.0,-1.2191856293750003
mp-19156,"{'Mn': 1.0, 'O': 3.0, 'Ba': 1.0}",0.007699808666679964,-2.472896876217861
mp-19159,"{'Pd': 1.0, 'W': 1.0, 'Ca': 2.0, 'O': 6.0}",0.3401851420000126,-2.1898882247500007
mp-19161,"{'W': 1.0, 'Ca': 2.0, 'O': 6.0, 'Co': 1.0}",0.0,-2.63750431875
mp-19162,"{'La': 1.0, 'V': 1.0, 'O': 4.0}",0.0,-3.241644237916667
mp-19169,"{'V': 1.0, 'Pr': 1.0, 'O': 4.0}",0.0,-3.1819982899999992
mp-19178,"{'O': 2.0, 'Ag': 1.0, 'Co': 1.0}",0.0,-1.0454290731250009
mp-19185,"{'Mn': 3.0, 'O': 6.0, 'B': 2.0}",0.0,-2.448720147986478
mp-19187,"{'Zr': 1.0, 'Na': 2.0, 'P': 4.0, 'O': 14.0, 'Co': 1.0}",0.02675144332071344,-2.7557341679491345
mp-19190,"{'Ni': 1.0, 'O': 2.0, 'Sr': 1.0}",0.12043804999999976,-1.893533450625
mp-19194,"{'P': 2.0, 'Mn': 1.0, 'O': 7.0, 'Ba': 1.0}",0.005969526818182303,-2.929460222934526
mp-19197,"{'O': 5.0, 'Ba': 3.0, 'Cr': 1.0}",0.002068298333327334,-2.755918337916666
mp-19199,"{'Sm': 2.0, 'Ni': 1.0, 'O': 5.0, 'Ba': 1.0}",0.0,-3.0053203806944437
mp-19205,"{'Er': 1.0, 'V': 1.0, 'O': 3.0}",0.0,-3.3178781307500005
mp-19210,"{'Pt': 1.0, 'O': 2.0, 'Co': 1.0}",0.0,-1.1237892118749997
mp-19214,"{'V': 1.0, 'Ce': 1.0, 'O': 4.0}",0.04852114499999871,-3.1679652908333344
mp-19218,"{'Fe': 2.0, 'O': 5.0, 'Sr': 3.0}",0.0,-2.5402149836250003
mp-19219,"{'V': 1.0, 'Li': 3.0, 'O': 4.0}",0.0,-2.5143019737499994
mp-19230,"{'Na': 1.0, 'K': 3.0, 'Cr': 2.0, 'O': 8.0}",0.002212338928579527,-2.0734118232142857
mp-19238,"{'Pt': 3.0, 'O': 6.0, 'Co': 1.0}",0.0,-1.0443776972499996
mp-19242,"{'Y': 1.0, 'Ni': 1.0, 'O': 3.0}",0.0,-2.38218328425
mp-19247,"{'Sc': 1.0, 'V': 1.0, 'O': 4.0}",0.0,-3.0582747258333334
mp-19248,"{'Sm': 2.0, 'Ba': 1.0, 'O': 5.0, 'Co': 1.0}",0.0,-3.1046485956944454
mp-19251,"{'Li': 1.0, 'O': 4.0, 'Cr': 1.0, 'Rb': 1.0}",0.00021661285714191791,-2.111231382142857
mp-1926,"{'Fe': 2.0, 'Ho': 1.0}",0.0,-0.1013051650000006
mp-19262,"{'Cd': 1.0, 'O': 4.0, 'Cr': 2.0}",0.0,-2.1442319028571437
mp-19270,"{'Fe': 1.0, 'Ti': 1.0, 'O': 3.0}",0.022649387000001298,-2.790838701083333
mp-19271,"{'O': 3.0, 'Ba': 1.0, 'Cr': 1.0}",0.07623427887500345,-2.5351896662499995
mp-19274,"{'Pr': 1.0, 'Mn': 2.0, 'O': 6.0, 'Ba': 1.0}",0.020699807333333098,-2.7004402892178616
mp-1929,"{'Nd': 1.0, 'B': 6.0}",0.0,-0.4760002678571423
mp-19290,"{'As': 2.0, 'Mn': 2.0, 'O': 7.0}",0.0,-1.917176894857147
mp-19292,"{'As': 2.0, 'O': 6.0, 'Co': 1.0}",0.0,-1.6505258747222216
mp-19310,"{'Na': 3.0, 'N': 6.0, 'O': 12.0, 'Co': 1.0}",0.06839618315371432,-1.1749831790581828
mp-19318,"{'O': 4.0, 'Ag': 2.0, 'Mo': 1.0}",0.00031228892857182444,-1.3145433049999995
mp-19323,"{'V': 1.0, 'Sm': 1.0, 'O': 4.0}",0.0,-3.205146656666667
mp-19324,"{'W': 1.0, 'Ca': 2.0, 'Mg': 1.0, 'O': 6.0}",0.0,-3.00547367575
mp-1933,"{'N': 1.0, 'Cu': 3.0}",0.18947214690500047,0.18947214690500047
mp-19330,"{'Ca': 1.0, 'O': 4.0, 'Mo': 1.0}",0.0,-2.712723470833332
mp-19331,"{'Ni': 1.0, 'O': 3.0, 'Mn': 1.0}",0.0,-1.498097105217863
mp-19336,"{'Co': 1.0, 'Nd': 2.0, 'O': 6.0, 'Mn': 1.0}",0.0,-2.820173266983931
mp-19339,"{'La': 1.0, 'Ni': 1.0, 'O': 3.0}",0.0,-2.3778523062500008
mp-19349,"{'Na': 1.0, 'Si': 2.0, 'Mn': 1.0, 'O': 6.0}",0.008578212437492459,-2.8008479729839317
mp-19366,"{'Fe': 2.0, 'O': 4.0, 'Lu': 1.0}",0.07749202919644027,-2.5567900550000005
mp-19372,"{'W': 1.0, 'O': 2.0}",0.0,-2.0323614325
mp-19373,"{'V': 1.0, 'Li': 1.0, 'O': 3.0}",0.020126461500000303,-2.4202105772500007
mp-19374,"{'K': 2.0, 'Sr': 1.0, 'Ni': 1.0, 'O': 12.0, 'N': 6.0}",0.07143472378581882,-1.3052255731490912
mp-19375,"{'Se': 2.0, 'Ce': 1.0, 'O': 1.0, 'Cr': 1.0}",0.0,-1.8944871956875005
mp-19377,"{'La': 2.0, 'Li': 1.0, 'O': 6.0, 'Mo': 1.0}",0.002160403333341776,-3.1146076337500004
mp-19381,"{'Dy': 1.0, 'O': 3.0, 'Cr': 1.0}",0.0,-3.2269305897500002
mp-19395,"{'Mn': 1.0, 'O': 2.0}",0.0,-1.8105353591131037
mp-19399,"{'O': 3.0, 'Cr': 2.0}",0.0,-2.34880271575
mp-1940,"{'Th': 2.0, 'N': 3.0}",0.1184056258413353,-1.5884036954279992
mp-19419,"{'Fe': 1.0, 'Li': 1.0, 'O': 2.0}",0.34463473625000063,-1.7317002456249997
mp-19420,"{'W': 1.0, 'Mg': 1.0, 'O': 6.0, 'Sr': 2.0}",0.0,-2.99812830125
mp-19422,"{'S': 3.0, 'Na': 3.0, 'V': 1.0, 'O': 1.0}",0.11278008742187495,-1.500484307929688
mp-19424,"{'Ti': 1.0, 'O': 3.0, 'Co': 1.0}",0.0,-2.659033747083334
mp-19433,"{'Sc': 1.0, 'Li': 1.0, 'O': 8.0, 'Mo': 3.0}",0.13560535423076736,-2.386489636923078
mp-19434,"{'Pr': 2.0, 'Ni': 1.0, 'O': 4.0}",0.06019627357142721,-2.8871546592857142
mp-19443,"{'W': 1.0, 'O': 3.0}",0.0003473449999997769,-2.1838748934374994
mp-19447,"{'Cs': 2.0, 'V': 1.0, 'Na': 1.0, 'O': 4.0}",0.0,-2.318143518125
mp-19449,"{'Na': 1.0, 'Cd': 1.0, 'V': 1.0, 'O': 4.0}",0.0,-2.1453525107142863
mp-19450,"{'Sc': 1.0, 'Tl': 1.0, 'O': 8.0, 'Mo': 2.0}",0.0,-2.418984985
mp-19456,"{'Al': 1.0, 'V': 2.0, 'O': 4.0}",0.022106429791667992,-2.7156596485714286
mp-1948,"{'La': 1.0, 'Ag': 1.0}",0.0,-0.2617377787499997
mp-1950,"{'S': 2.0, 'Sr': 1.0}",0.010899530000003209,-1.827360514375
mp-1952,"{'Al': 13.0, 'Ba': 7.0}",0.021351067400000368,-0.2114463990000001
mp-19592,"{'Se': 6.0, 'Mn': 1.0, 'O': 1.0, 'Nd': 4.0}",0.0,-1.9663377329293183
mp-19598,"{'Gd': 1.0, 'O': 3.0, 'Cr': 1.0}",0.0,-3.1626704272499992
mp-19610,"{'Ca': 3.0, 'Mn': 2.0, 'O': 7.0}",0.026153138472222004,-2.6477042373690507
mp-19646,"{'V': 2.0, 'K': 2.0, 'Mn': 1.0, 'O': 7.0}",0.0,-2.4095775530074426
mp-19652,"{'S': 4.0, 'V': 2.0, 'Ba': 3.0, 'O': 3.0}",0.04655549664061986,-2.3220567283333344
mp-19680,"{'La': 1.0, 'W': 2.0, 'O': 8.0, 'Rb': 1.0}",0.0,-2.678702979791666
mp-19698,"{'V': 3.0, 'O': 8.0, 'Rb': 1.0}",0.0,-2.384202574583334
mp-19707,"{'Zn': 2.0, 'V': 2.0, 'O': 7.0}",0.0,-2.182408229886363
mp-19712,"{'Pr': 1.0, 'Pb': 1.0, 'Ag': 1.0}",0.0,-0.4701336766666671
mp-19721,"{'Nb': 1.0, 'O': 4.0, 'Gd': 1.0}",0.0,-3.5445069016666677
mp-19722,"{'S': 4.0, 'Cu': 2.0, 'Mn': 1.0, 'Sn': 1.0}",0.0,-0.7403965259536642
mp-1973,"{'Nb': 1.0, 'Ga': 3.0}",0.0,-0.3009328037500003
mp-19731,"{'Pd': 1.0, 'Ce': 1.0, 'Mg': 1.0}",0.0,-0.5671093327777778
mp-19732,"{'Cs': 2.0, 'Pb': 1.0, 'N': 6.0, 'O': 12.0, 'Cu': 1.0}",0.06718124100298706,-1.1161245322400013
mp-19738,"{'Er': 1.0, 'Si': 1.0, 'Mn': 1.0}",0.03532527408867025,-0.5297806004597696
mp-19740,"{'In': 1.0, 'Y': 1.0, 'Pt': 1.0}",0.0,-1.0084757555555552
mp-19746,"{'S': 2.0, 'Nb': 1.0, 'Pb': 1.0}",0.0,-1.2143124532812504
mp-19749,"{'C': 1.0, 'Pr': 3.0, 'In': 1.0}",1.8148282703333345,1.55080098225
mp-19753,"{'Pd': 2.0, 'Gd': 1.0, 'Si': 2.0}",0.0,-0.9404479870000004
mp-19758,"{'Sm': 3.0, 'C': 1.0, 'Pb': 1.0}",1.730277415499999,1.5781903862499995
mp-19763,"{'Eu': 1.0, 'Ge': 3.0, 'Pt': 1.0}",0.0,-0.6610679860000005
mp-19766,"{'Pd': 1.0, 'Ce': 1.0, 'Sn': 1.0}",0.014360685833333163,-0.8250078166666657
mp-19777,"{'In': 1.0, 'Yb': 3.0, 'C': 1.0}",0.27728195333333394,0.0012469542499999875
mp-19782,"{'In': 1.0, 'Cu': 1.0, 'Tb': 1.0}",0.0,-0.4270928011111105
mp-19787,"{'Ru': 2.0, 'Ge': 2.0, 'Sr': 1.0}",0.0,-0.503759076
mp-19794,"{'Eu': 1.0, 'P': 1.0, 'Sn': 1.0}",0.0,-0.8134470110317468
mp-19799,"{'F': 6.0, 'Pb': 1.0, 'Ba': 1.0}",0.0,-3.0549235371425003
mp-19810,"{'Ta': 1.0, 'Te': 2.0, 'Ni': 1.0}",0.0,-0.3836816137500003
mp-19813,"{'Gd': 1.0, 'Ba': 2.0, 'O': 7.0, 'Cu': 3.0}",0.01570948716346443,-2.181284370288461
mp-19824,"{'Ca': 1.0, 'Ge': 2.0, 'Mn': 2.0}",0.0,-0.3372458425517231
mp-1984,"{'S': 2.0, 'Ta': 1.0}",0.0,-1.4940401593750003
mp-19857,"{'P': 2.0, 'Mn': 2.0, 'Ba': 1.0}",0.0,-0.7597768817898185
mp-19875,"{'Gd': 1.0, 'Ru': 1.0, 'Si': 1.0}",0.0,-0.8112716033333326
mp-19878,"{'Yb': 1.0, 'Ge': 1.0, 'Mn': 1.0}",0.060260103180075575,-0.3864368679597702
mp-19901,"{'Au': 1.0, 'In': 1.0, 'Eu': 1.0}",0.0,-0.6834880699999992
mp-19904,"{'Zr': 1.0, 'Sb': 1.0, 'Ni': 2.0}",0.14698316249999974,-0.4110031999999997
mp-19907,"{'In': 2.0, 'Se': 3.0}",0.3163601923333328,-0.2175576791562502
mp-19908,"{'F': 3.0, 'Eu': 1.0}",0.0,-3.811926859642501
mp-19910,"{'Ce': 2.0, 'Ni': 2.0, 'Mg': 1.0}",0.0,-0.3141126330000006
mp-19911,"{'Tm': 1.0, 'In': 5.0, 'Co': 1.0}",0.0,-0.2233058357142857
mp-19912,"{'Se': 3.0, 'U': 1.0, 'Mn': 1.0}",0.13919693853846127,-0.6666360704321128
mp-19913,"{'In': 2.0, 'P': 4.0, 'Ba': 3.0}",0.0,-0.7965754108201055
mp-19914,"{'Gd': 1.0, 'Rb': 1.0, 'Te': 4.0}",0.0,-0.9498892358333342
mp-19924,"{'S': 1.0, 'Se': 1.0, 'U': 1.0}",0.0,-1.510664670885416
mp-19926,"{'La': 2.0, 'Be': 2.0, 'Ge': 1.0, 'O': 7.0}",0.0,-3.292131806562501
mp-19945,"{'Gd': 2.0, 'Ge': 2.0, 'Mg': 1.0}",0.0,-0.7611957029999985
mp-19947,"{'Pu': 2.0, 'Sn': 1.0, 'Pt': 2.0}",0.590343037000002,0.025157526249999763
mp-19958,"{'Gd': 3.0, 'C': 1.0, 'Pb': 1.0}",1.5805323065000003,1.5306394512500006
mp-19962,"{'Sn': 2.0, 'Pt': 1.0}",0.0,-0.4557487766666668
mp-19968,"{'In': 2.0, 'Ca': 1.0, 'Cu': 1.0}",0.011699217499999914,-0.3247851650000002
mp-19974,"{'In': 2.0, 'Ag': 1.0}",0.0,-0.03978832999999978
mp-19975,"{'Pr': 1.0, 'O': 4.0, 'Sr': 2.0}",0.05494250964285996,-3.084112085
mp-19977,"{'In': 3.0, 'Sm': 1.0}",0.0,-0.4626887750000002
mp-19983,"{'Ti': 1.0, 'Sn': 1.0, 'Cu': 1.0}",0.009833901145829492,-0.22164483722222167
mp-19985,"{'In': 1.0, 'Tl': 1.0, 'P': 2.0, 'Se': 6.0}",0.0,-0.2844004332752981
mp-19989,"{'In': 8.0, 'Ce': 2.0, 'Co': 1.0}",0.0001602427272731077,-0.3222948877272729
mp-19990,"{'Ba': 1.0, 'O': 3.0, 'Ti': 1.0}",1.820529656,-1.6856425340833339
mp-19991,"{'Pd': 1.0, 'In': 4.0, 'Sr': 1.0}",0.0,-0.4692324866666666
mp-19992,"{'La': 6.0, 'U': 1.0, 'O': 12.0}",0.0,-3.9606740471052633
mp-19996,"{'Nb': 1.0, 'Ba': 2.0, 'O': 6.0, 'Gd': 1.0}",0.0,-3.43165372525
mp-2,{'Pd': 1.0},0.0,0.0
mp-20002,"{'S': 4.0, 'Fe': 1.0, 'Sn': 1.0, 'Ag': 2.0}",0.08370450812499985,-0.57991451328125
mp-20010,"{'Dy': 1.0, 'Ge': 1.0, 'Cu': 1.0}",0.0,-0.6897198433333328
mp-20015,"{'As': 2.0, 'Pb': 1.0, 'O': 6.0}",0.0,-1.7539710319444444
mp-20022,"{'Ir': 1.0, 'Ge': 1.0, 'Ce': 1.0}",0.0,-0.8735281441666665
mp-20033,"{'Ir': 1.0, 'Sn': 1.0}",0.0,-0.2246385024999995
mp-20037,"{'In': 1.0, 'Pr': 1.0, 'Rh': 1.0}",0.0,-0.7016475800000003
mp-20038,"{'Eu': 1.0, 'P': 2.0, 'Co': 2.0}",0.0,-0.8935191562380951
mp-20040,"{'Pd': 3.0, 'Eu': 1.0, 'B': 1.0}",0.037907423928569266,-0.5025149503333338
mp-20048,"{'U': 1.0, 'Ni': 4.0, 'P': 2.0}",0.0,-0.6657246780272104
mp-20051,"{'Pt': 4.0, 'Ce': 1.0, 'B': 1.0}",0.0,-0.7710595352777775
mp-20064,"{'Dy': 1.0, 'Ga': 2.0}",0.0,-0.6448813299999999
mp-20070,"{'Gd': 1.0, 'Ge': 1.0, 'Ti': 1.0}",0.008156561666666562,-0.6757775955555552
mp-20085,"{'La': 1.0, 'Ge': 3.0, 'Ti': 1.0}",0.0,-0.7185352538333334
mp-20086,"{'Mn': 1.0, 'Sn': 2.0}",0.014233469540229747,0.014233469540230931
mp-20097,"{'C': 1.0, 'Pb': 1.0, 'Pt': 3.0}",0.4554500142499993,0.37946113025000017
mp-20104,"{'S': 2.0, 'Ag': 3.0, 'Rb': 1.0}",0.14455482361110938,-0.4716261230208338
mp-20119,"{'O': 2.0, 'Pt': 1.0}",0.7892922499999999,-0.15158663749999945
mp-20129,"{'Ba': 1.0, 'O': 3.0, 'Tb': 1.0}",0.08700575949999399,-3.1398553645833345
mp-20137,"{'Dy': 1.0, 'Ge': 2.0, 'Pt': 2.0}",0.07167582700000086,-0.8015735839999991
mp-20146,"{'Zr': 2.0, 'Ni': 2.0, 'Sn': 1.0}",0.024118384000001214,-0.5686883499999993
mp-20149,"{'Gd': 1.0, 'Mg': 2.0, 'Ag': 1.0}",0.09345091625000013,-0.09448833874999972
mp-20151,"{'Al': 2.0, 'Eu': 1.0, 'Ge': 2.0}",0.0,-0.4258091729999997
mp-20158,"{'Pb': 1.0, 'O': 2.0}",0.10590563666666776,-1.2165709608333326
mp-20159,"{'C': 1.0, 'Sn': 1.0, 'Ce': 3.0}",2.033718111333333,1.6482787842500002
mp-2016,"{'Pr': 1.0, 'Ni': 2.0}",0.0,-0.2793084099999999
mp-20163,"{'S': 3.0, 'Th': 2.0}",0.0,-2.3581551259375004
mp-20171,"{'Pu': 1.0, 'Si': 2.0, 'Ni': 2.0}",0.0,-0.6527715493749995
mp-20172,"{'Er': 1.0, 'Ge': 1.0, 'Mn': 1.0}",0.06864743287356312,-0.4992180404597697
mp-20175,"{'Sc': 2.0, 'In': 1.0, 'C': 1.0}",0.017271178554687516,-0.5495325209374995
mp-20182,"{'Gd': 1.0, 'C': 1.0, 'Rh': 3.0}",0.0,-0.4668666627500002
mp-20198,"{'Ir': 1.0, 'Ca': 1.0, 'O': 3.0}",0.6602073660000016,-1.4491892027499986
mp-20203,"{'P': 1.0, 'Mn': 1.0, 'Cu': 1.0}",0.25397445833333343,-0.15751269149151526
mp-20206,"{'In': 3.0, 'Th': 1.0}",0.0,-0.3628846750000001
mp-20213,"{'S': 4.0, 'Yb': 2.0, 'Mn': 1.0}",0.3085900264285701,-1.5946227989470454
mp-20219,"{'Te': 3.0, 'Cs': 1.0, 'U': 1.0, 'Cu': 1.0}",0.0,-0.7321852600000002
mp-20220,"{'In': 1.0, 'Ca': 1.0, 'Rh': 1.0}",0.0,-0.5572122858333337
mp-20224,"{'Pd': 1.0, 'Gd': 1.0, 'In': 1.0}",0.0,-0.8143914394444446
mp-20226,"{'Ir': 1.0, 'Ge': 1.0, 'U': 1.0}",0.0,-0.5731379041666665
mp-20240,"{'Pd': 1.0, 'In': 2.0, 'Yb': 1.0}",0.0,-0.6788047887499999
mp-20241,"{'P': 6.0, 'Mg': 4.0, 'Rh': 7.0}",0.0,-0.7694054169747898
mp-20242,"{'As': 1.0, 'Mn': 1.0, 'Rb': 1.0}",0.03778264079022975,-0.2488903121264361
mp-20254,"{'Te': 2.0, 'Na': 2.0, 'O': 7.0}",0.0,-1.7024629589772722
mp-20261,"{'Se': 4.0, 'Mn': 1.0, 'Ga': 2.0}",0.0,-0.562256632250616
mp-20265,"{'In': 2.0, 'Li': 1.0, 'Pt': 1.0}",0.0,-0.5084112474999998
mp-20277,"{'Eu': 1.0, 'O': 2.0, 'Rb': 1.0}",0.0,-2.535659499374999
mp-20285,"{'Na': 1.0, 'O': 4.0, 'Pt': 3.0}",0.0,-1.0869228543749996
mp-20292,"{'Si': 2.0, 'Rh': 2.0, 'Np': 1.0}",0.0710791002500013,-0.5871195947499999
mp-20308,"{'Tm': 1.0, 'Ru': 1.0, 'Si': 1.0}",0.0,-0.8638476825
mp-20315,"{'In': 1.0, 'C': 1.0, 'Ti': 2.0}",0.0,-0.6739481092708344
mp-20322,"{'La': 1.0, 'Ge': 2.0, 'Cu': 2.0}",0.0,-0.5614228474999997
mp-20325,"{'In': 1.0, 'C': 1.0, 'Ti': 3.0}",0.0,-0.5486080097500008
mp-20329,"{'In': 1.0, 'O': 2.0, 'Ag': 1.0}",6.238000000013955e-05,-1.4175673681249998
mp-20332,"{'Pd': 1.0, 'Gd': 1.0, 'Mg': 1.0}",0.0,-0.6820567166666657
mp-20350,"{'C': 1.0, 'Dy': 1.0, 'Co': 1.0}",0.0,-0.3155544512499991
mp-20385,"{'In': 1.0, 'C': 1.0, 'Nd': 3.0}",0.0,-0.3242837907499997
mp-20397,"{'Te': 4.0, 'In': 2.0, 'Sr': 1.0}",0.0,-0.7379265628571429
mp-20400,"{'Ce': 1.0, 'Ge': 2.0, 'Pt': 2.0}",0.0,-0.9025403209999994
mp-20404,"{'Pd': 2.0, 'In': 1.0, 'Sm': 2.0}",0.0,-0.8418282910000002
mp-20411,"{'In': 1.0, 'N': 1.0}",0.00951198749999982,-0.09569866619000056
mp-20424,"{'C': 1.0, 'Mg': 1.0, 'Co': 3.0}",0.0,-0.06804810175000142
mp-20425,"{'Si': 3.0, 'Np': 1.0}",0.0,-0.24126573593750056
mp-20430,"{'Er': 3.0, 'C': 1.0, 'Pb': 1.0}",1.8411060279298248,1.65643500825
mp-20446,"{'C': 1.0, 'Sn': 1.0, 'Pt': 3.0}",0.6434349402499988,0.3344323742500009
mp-20449,"{'In': 1.0, 'Ir': 1.0, 'Ce': 1.0}",0.0,-0.6937719944444444
mp-20462,"{'U': 3.0, 'Ge': 7.0, 'Co': 4.0}",0.0,-0.34884126571428553
mp-20470,"{'Gd': 2.0, 'O': 3.0}",0.05488460325000055,-3.85108014475
mp-20473,"{'Ge': 1.0, 'Mn': 2.0}",0.06651574551281669,-0.03737135091953903
mp-20474,"{'S': 4.0, 'Cu': 2.0, 'Ge': 1.0, 'Mn': 1.0}",0.0,-0.735409802203665
mp-20479,"{'In': 4.0, 'Ni': 1.0, 'Sr': 1.0}",0.0,-0.3198320775000004
mp-20482,"{'Eu': 1.0, 'P': 1.0, 'Ag': 1.0}",0.0,-0.7606552293650791
mp-20485,"{'In': 1.0, 'Se': 1.0}",0.001453408750000218,-0.5267554355468751
mp-20494,"{'La': 1.0, 'As': 1.0}",0.367331815,-1.2048935762500008
mp-20502,"{'Gd': 1.0, 'Sb': 2.0, 'Cu': 1.0}",0.0,-0.6341824875000004
mp-20505,"{'Ta': 2.0, 'Te': 4.0, 'In': 1.0, 'Cu': 1.0}",0.6164041583281232,0.3138249875000003
mp-20509,"{'Y': 1.0, 'Ba': 2.0, 'O': 8.0, 'Cu': 4.0}",0.3370133373333335,-1.7098798653333338
mp-20512,"{'Fe': 1.0, 'Sn': 1.0}",0.18455057499999936,0.18455057500000027
mp-20526,"{'S': 1.0, 'Pb': 1.0}",0.05779800999999996,-0.8168199720312503
mp-20527,"{'Fe': 2.0, 'La': 1.0, 'Ge': 2.0}",0.005583971250000097,-0.42979625150000017
mp-20532,"{'Pd': 1.0, 'Pr': 1.0, 'Sb': 2.0}",0.0,-0.8493147924999995
mp-20539,"{'Sc': 1.0, 'In': 3.0}",0.0,-0.30904744750000024
mp-20541,"{'V': 2.0, 'P': 1.0}",0.0008141512962911435,-0.7926732693650796
mp-20553,"{'Gd': 1.0, 'Si': 1.0, 'Mn': 1.0}",0.0,-0.5585193837931021
mp-20555,"{'Na': 1.0, 'Pb': 3.0}",0.0,-0.1135813962499994
mp-20557,"{'Si': 1.0, 'Y': 1.0, 'Ni': 1.0}",0.0,-0.8156268633333331
mp-20571,"{'Dy': 1.0, 'Si': 1.0, 'Pt': 1.0}",0.0,-1.1979278783333325
mp-20573,"{'In': 1.0, 'Dy': 1.0, 'Mg': 1.0}",0.0,-0.4009146638888888
mp-20575,"{'In': 1.0, 'Ge': 2.0, 'Nd': 2.0}",0.0,-0.7416166040000001
mp-20579,"{'Dy': 1.0, 'Sn': 2.0, 'Co': 1.0}",0.06042303250000014,-0.3814033149999991
mp-2059,"{'Nb': 1.0, 'As': 1.0}",0.0,-0.6695618274999999
mp-2060,"{'Tl': 3.0, 'Lu': 1.0}",0.0,-0.12174873500000015
mp-20601,"{'Pb': 3.0, 'Nd': 1.0}",0.0,-0.3721006037499999
mp-20617,"{'Th': 3.0, 'Si': 2.0}",0.9775016469999996,0.4176061370000007
mp-20621,"{'S': 2.0, 'Nb': 1.0, 'In': 1.0}",0.022153217499999656,-1.1886284670312506
mp-20628,"{'In': 1.0, 'Na': 1.0}",0.0,-0.15464727750000007
mp-2063,"{'Pr': 2.0, 'O': 3.0}",0.025595703000002246,-3.72700075275
mp-20635,"{'In': 5.0, 'Rh': 1.0, 'Tb': 1.0}",0.0,-0.4379027266666671
mp-20637,"{'Sm': 1.0, 'Pb': 1.0, 'Cu': 1.0}",0.0,-0.4100623999999999
mp-20661,"{'C': 1.0, 'Pb': 1.0, 'Ti': 2.0}",0.0,-0.566025216770834
mp-20665,"{'In': 1.0, 'Ce': 1.0, 'Cu': 1.0}",0.0,-0.28862586999999945
mp-20676,"{'Er': 1.0, 'Ni': 1.0, 'Ge': 1.0}",0.0,-0.8087605225000006
mp-20680,"{'Ce': 4.0, 'Sb': 3.0}",0.006698800714286968,-0.9064508599999996
mp-20683,"{'Se': 2.0, 'Cu': 3.0}",0.0,-0.1325992324375001
mp-20685,"{'Ge': 1.0, 'Cr': 3.0}",0.0,-0.11941111624999935
mp-20697,"{'Zr': 1.0, 'Sb': 1.0, 'Ni': 1.0}",0.0,-0.6390094241666661
mp-20709,"{'Sc': 1.0, 'Sb': 1.0, 'O': 6.0, 'Ba': 2.0}",2.196425028937499,-0.7977248517499994
mp-20710,"{'Ce': 1.0, 'Si': 1.0, 'Ni': 1.0}",0.0,-0.7492413533333332
mp-20715,"{'In': 1.0, 'Pr': 2.0, 'Ge': 2.0}",0.0,-0.7386008529999998
mp-20719,"{'Eu': 1.0, 'Hg': 2.0}",0.0,-0.473565385
mp-2072,"{'Te': 1.0, 'K': 1.0}",0.0,-0.8436321962500002
mp-20733,"{'Er': 1.0, 'Ir': 1.0, 'Si': 1.0}",0.0,-1.0818633716666677
mp-20737,"{'Nb': 1.0, 'Eu': 1.0, 'K': 1.0, 'Na': 1.0, 'O': 5.0}",0.0,-2.822475345694444
mp-20741,"{'Re': 1.0, 'O': 3.0}",0.006568003749999107,-2.148217822187501
mp-20743,"{'La': 1.0, 'Pd': 2.0, 'In': 1.0}",0.0,-0.8139606581249996
mp-20745,{'Pb': 1.0},0.014801160000000204,0.014801160000000204
mp-20746,"{'Au': 1.0, 'In': 2.0, 'Yb': 1.0}",0.0,-0.5756489325
mp-20750,"{'C': 1.0, 'Sn': 1.0, 'Tb': 3.0}",1.7144616271111115,1.44534856625
mp-20752,"{'Ru': 4.0, 'Ce': 1.0, 'Sn': 6.0}",0.0,-0.3532243881818173
mp-20759,"{'Sn': 1.0, 'Mn': 1.0, 'Sr': 1.0}",0.2179790545402298,-0.2343346721264362
mp-20766,"{'Ce': 1.0, 'Ge': 1.0, 'Cu': 1.0}",0.0,-0.5798146949999996
mp-20768,"{'Fe': 1.0, 'Zn': 1.0, 'Sb': 1.0}",0.4714317506410257,0.4509543633333332
mp-20773,"{'Pu': 1.0, 'As': 1.0}",0.19726252000000066,-0.8166259759374999
mp-20777,"{'Sm': 1.0, 'Ge': 1.0, 'Co': 1.0}",0.0,-0.6005260850000008
mp-20779,"{'Ce': 1.0, 'Li': 2.0, 'Sb': 2.0}",0.090809698666666,-0.6830189799999993
mp-20781,"{'Hg': 1.0, 'N': 3.0, 'O': 6.0, 'Rb': 1.0}",0.8903801688492949,-0.1685493095127277
mp-20785,"{'Fe': 2.0, 'Ge': 2.0, 'Nd': 1.0}",0.0,-0.43495455499999947
mp-20801,"{'Pd': 1.0, 'In': 2.0, 'Li': 1.0}",0.0,-0.4645325799999998
mp-20803,"{'U': 1.0, 'As': 1.0, 'Sb': 1.0}",0.010475058749999988,-0.4962389516666666
mp-20804,"{'Au': 4.0, 'In': 2.0, 'Rb': 1.0}",0.0,-0.2660729885714283
mp-20808,"{'C': 1.0, 'Pb': 1.0, 'Nd': 3.0}",1.7171086586666666,1.5623233052499998
mp-20812,"{'In': 1.0, 'N': 1.0}",0.20957364750000007,0.1043629938099997
mp-20822,"{'Si': 1.0, 'Mn': 1.0, 'Tb': 1.0}",0.0,-0.5679620426819909
mp-20826,"{'Te': 1.0, 'Cu': 1.0}",0.0,-0.06309114500000003
mp-2083,"{'Ir': 1.0, 'Sn': 2.0}",0.0,-0.2852675766666669
mp-20834,"{'Ce': 1.0, 'Sn': 1.0, 'Pt': 1.0}",0.0,-0.9917891341666658
mp-20835,"{'Ir': 1.0, 'Sn': 1.0, 'Ce': 1.0}",0.0,-0.8471190077777777
mp-20839,"{'Ni': 4.0, 'N': 1.0}",2.0161923680000005,1.964479357524
mp-20841,"{'Ir': 1.0, 'Ca': 1.0, 'Ba': 2.0, 'O': 6.0}",0.0,-2.5492668997500005
mp-20848,"{'Tm': 1.0, 'In': 1.0}",0.0,-0.4258445725000004
mp-20865,"{'Y': 1.0, 'Pb': 1.0, 'Cu': 1.0}",0.0,-0.4085360033333334
mp-20870,"{'Pd': 2.0, 'In': 1.0, 'Dy': 2.0}",0.0,-0.8843333579999999
mp-20881,"{'La': 1.0, 'B': 1.0, 'Ni': 1.0, 'N': 1.0}",0.0,-1.051104026636667
mp-20882,"{'Ce': 1.0, 'O': 3.0, 'B': 1.0}",0.0,-3.4027988955833326
mp-20889,"{'Hf': 1.0, 'Sn': 1.0, 'Pt': 1.0}",0.4922499599999988,-0.27783584166666725
mp-20895,"{'As': 1.0, 'Np': 1.0}",0.13423281999999934,-0.5435453543750004
mp-20896,"{'Tm': 1.0, 'Ni': 4.0, 'In': 1.0}",0.0,-0.4112173275000005
mp-20902,"{'In': 1.0, 'Se': 6.0, 'P': 2.0, 'Ag': 1.0}",0.0,-0.2298285872752977
mp-20910,"{'La': 1.0, 'Ir': 1.0, 'Ge': 3.0}",0.0,-0.7274096884999999
mp-20923,"{'Eu': 1.0, 'Sb': 1.0, 'Pt': 1.0}",0.0,-1.012843294166667
mp-20933,"{'Ce': 1.0, 'Ge': 2.0, 'Co': 2.0}",0.0,-0.5814481839999999
mp-20941,"{'In': 3.0, 'U': 1.0}",0.0,-0.012563681250000514
mp-20942,"{'Tl': 1.0, 'Ba': 2.0, 'O': 5.0, 'Cu': 1.0}",0.06517328875000318,-1.8900792940277773
mp-20944,"{'Pb': 1.0, 'O': 4.0, 'Sr': 2.0}",0.0,-2.4884500578571425
mp-20948,"{'Nb': 1.0, 'P': 2.0, 'Ni': 1.0}",0.0,-0.7310135759226188
mp-20959,"{'In': 1.0, 'Ce': 2.0, 'Ge': 2.0}",0.0,-0.6489137099999993
mp-2096,"{'Yb': 1.0, 'Mg': 2.0}",0.0,-0.10643934416666667
mp-20967,"{'Pd': 3.0, 'Gd': 1.0, 'B': 1.0}",0.10425852426666538,-0.6046526543333328
mp-20969,"{'Sb': 1.0, 'Np': 1.0}",0.0,-0.18565992187500055
mp-2097,"{'Sn': 1.0, 'O': 1.0}",0.0,-1.6441005831249995
mp-20971,"{'Sn': 1.0, 'Pt': 3.0}",0.0,-0.38625320749999936
mp-20972,"{'In': 5.0, 'Yb': 1.0, 'Co': 1.0}",0.004848392142857261,-0.22218659785714276
mp-20973,"{'S': 3.0, 'Ce': 2.0}",0.0,-2.416137975937501
mp-20975,"{'In': 5.0, 'Ir': 1.0, 'Ce': 1.0}",0.0,-0.39196465428571453
mp-20977,"{'Te': 1.0, 'O': 3.0, 'Cu': 1.0}",0.06483703974998978,-1.2222011752500002
mp-20978,"{'Tl': 1.0, 'C': 1.0, 'Ho': 3.0}",1.9285625660000008,1.6191011242500004
mp-20984,"{'In': 1.0, 'Ce': 3.0}",0.0,-0.19815770000000035
mp-20985,"{'S': 2.0, 'Ta': 1.0, 'Pb': 1.0}",0.0,-1.2081093807812504
mp-20987,"{'Zn': 1.0, 'Y': 1.0, 'Sn': 1.0}",0.0,-0.5975625041666669
mp-20995,"{'Eu': 4.0, 'As': 3.0}",0.0,-1.2324186542857152
mp-20996,"{'In': 5.0, 'Dy': 1.0, 'Rh': 1.0}",0.0,-0.4283585557142864
mp-21,{'Ca': 1.0},0.013583329999999894,0.013583329999999894
mp-21003,"{'C': 2.0, 'Re': 1.0, 'Y': 2.0}",0.0,-0.4189482354999995
mp-21015,"{'Ho': 1.0, 'Sb': 2.0, 'Cu': 1.0}",0.0,-0.5924305812499995
mp-21025,"{'Nd': 2.0, 'O': 5.0, 'Cu': 2.0}",0.06964481388889254,-2.4669452884722225
mp-21026,"{'In': 1.0, 'Li': 2.0, 'Pt': 1.0}",0.0,-0.5801212725
mp-21032,"{'In': 2.0, 'Ba': 1.0, 'Pt': 1.0}",0.0,-0.6435451949999997
mp-2105,"{'Hf': 3.0, 'Si': 2.0}",0.0,-0.8034006019999993
mp-21057,"{'La': 1.0, 'Ge': 2.0, 'Pt': 2.0}",0.09851214650000097,-0.8800419194999997
mp-21058,"{'In': 1.0, 'C': 1.0, 'Mn': 3.0}",2.4085022171847843,2.3394220774224146
mp-21062,"{'Yb': 1.0, 'Ge': 1.0, 'Mn': 1.0}",0.11821868012451996,-0.3284782910153249
mp-21066,"{'Ta': 1.0, 'P': 1.0, 'Mn': 1.0}",0.0,-0.7738019089915156
mp-21071,"{'S': 1.0, 'Eu': 2.0, 'O': 2.0}",0.0,-2.8566997133125
mp-21085,"{'Pd': 3.0, 'Pu': 1.0}",0.0,-0.5653973967187493
mp-21089,"{'Ce': 1.0, 'Ge': 2.0, 'Mn': 2.0}",0.0,-0.4543622865517236
mp-21099,"{'S': 2.0, 'K': 2.0, 'Pb': 1.0, 'O': 8.0}",0.0,-2.2433329090865377
mp-21108,"{'Fe': 1.0, 'U': 6.0}",0.023243114285712352,-0.0005872092857158253
mp-21111,"{'Pt': 1.0, 'Nd': 1.0, 'Sn': 1.0}",0.0,-1.0516132272222218
mp-21113,"{'Fe': 2.0, 'Y': 1.0, 'Ge': 2.0}",0.0,-0.4582208339999994
mp-21130,"{'Co': 2.0, 'Si': 2.0, 'Np': 1.0}",0.12413924025000078,-0.36753593475000057
mp-21136,"{'N': 3.0, 'Ce': 3.0, 'Ni': 2.0, 'B': 2.0}",0.0,-1.237434670047334
mp-21152,"{'Pu': 2.0, 'Mg': 1.0}",0.7406847804166663,0.7406847804166669
mp-21161,"{'Sm': 1.0, 'Sn': 1.0, 'Pt': 1.0}",0.018954823333332985,-1.0537071533333335
mp-21165,"{'Pd': 1.0, 'Se': 1.0}",0.0,-0.3307973180468746
mp-21187,"{'In': 1.0, 'Ca': 1.0}",0.0008437287500000501,-0.4812627962500002
mp-2119,"{'C': 2.0, 'Tb': 1.0}",0.04435430156250053,-0.188823491388888
mp-21194,"{'Ru': 1.0, 'Ge': 1.0, 'Nd': 1.0}",0.0,-0.6682334899999999
mp-21201,"{'Pd': 2.0, 'La': 1.0, 'Ga': 3.0}",0.0,-0.7745700920833329
mp-21208,"{'F': 3.0, 'Rh': 1.0}",0.10431752499999992,-1.7524652196425
mp-21211,"{'Fe': 1.0, 'In': 1.0, 'Co': 2.0}",0.11013543833333372,0.06857593750000035
mp-21215,"{'Pd': 1.0, 'In': 1.0}",0.0003035222222207423,-0.5091439550000003
mp-21222,"{'In': 1.0, 'Sm': 2.0, 'Ge': 2.0}",0.0,-0.7387820659999995
mp-21224,"{'Ru': 2.0, 'Sm': 1.0, 'Ge': 2.0}",0.0,-0.662418903999999
mp-21228,"{'F': 1.0, 'Se': 1.0, 'Cu': 1.0, 'Sr': 1.0}",0.0,-2.1539668886959373
mp-21231,"{'Fe': 1.0, 'C': 6.0, 'N': 6.0, 'Sn': 2.0}",0.1198509683733322,0.07827596688133269
mp-21239,"{'Fe': 1.0, 'C': 6.0, 'Pb': 2.0, 'N': 6.0}",0.1288298588413328,0.0459293255480001
mp-21242,"{'Li': 1.0, 'Yb': 1.0, 'Pb': 1.0}",0.0,-0.4787515855555557
mp-21246,"{'Pb': 1.0, 'Ba': 2.0}",0.0,-0.5444270266666665
mp-21248,"{'Nb': 1.0, 'Ir': 1.0, 'Si': 1.0}",0.0,-0.8442962191666664
mp-21264,"{'Os': 1.0, 'N': 2.0}",0.27136577008000273,0.27136577008000035
mp-21267,"{'Pd': 2.0, 'In': 1.0, 'Yb': 2.0}",0.014026089333334824,-0.8080409600000003
mp-21271,"{'Pr': 1.0, 'Ge': 1.0, 'Mn': 1.0}",0.1280341945402288,-0.4293896137931033
mp-21278,"{'In': 2.0, 'Ir': 1.0, 'Ce': 1.0}",0.03907829562499998,-0.5226529874999999
mp-21281,"{'Th': 1.0, 'Ge': 2.0, 'Mn': 2.0}",0.0,-0.4641045865517228
mp-21282,"{'S': 1.0, 'Na': 2.0, 'O': 3.0}",0.041190059166665634,-2.1532101938020842
mp-21283,"{'Cs': 2.0, 'Pb': 1.0, 'O': 3.0}",0.0002467341666623213,-1.5707503806250005
mp-2129,"{'Ge': 2.0, 'Nd': 1.0}",0.0557441645833352,-0.6102222166666665
mp-21297,"{'Ru': 1.0, 'Li': 1.0, 'Sn': 4.0}",0.0,-0.2553848141666665
mp-21298,"{'Si': 2.0, 'Np': 1.0}",0.0,-0.256210256249999
mp-2130,"{'Ni': 2.0, 'Lu': 1.0}",0.0,-0.5187027633333324
mp-21301,"{'Sc': 1.0, 'In': 1.0, 'Ni': 2.0}",0.0,-0.4513918475000001
mp-21312,"{'Ca': 1.0, 'Ni': 12.0, 'B': 6.0}",0.0,-0.3550331205263156
mp-21318,"{'Pb': 2.0, 'Pt': 1.0}",0.0,-0.15836653166666595
mp-21320,"{'U': 1.0, 'Ni': 1.0, 'Ga': 1.0}",0.0,-0.2957113388888896
mp-21323,"{'Ir': 1.0, 'Ge': 1.0, 'Dy': 1.0}",0.0,-0.9283099341666664
mp-2133,"{'Zn': 1.0, 'O': 1.0}",0.0,-1.797598968125
mp-21336,"{'Fe': 1.0, 'Ta': 1.0, 'P': 1.0}",0.0,-0.8459465168650789
mp-21337,"{'Pd': 2.0, 'U': 2.0, 'Sn': 1.0}",0.14096265299999988,-0.25784190900000115
mp-21339,"{'Ce': 1.0, 'Ge': 1.0, 'Co': 1.0}",0.0,-0.5771699749999991
mp-21345,"{'La': 1.0, 'Ge': 1.0}",0.0,-0.8418686075000004
mp-21347,"{'B': 1.0, 'Co': 1.0, 'Mo': 1.0}",0.0,-0.4313169622222226
mp-21352,"{'Au': 1.0, 'In': 2.0, 'Na': 1.0}",0.0,-0.30326495
mp-21357,"{'Fe': 2.0, 'U': 2.0, 'Sn': 1.0}",0.0,-0.15562319000000002
mp-21360,"{'In': 1.0, 'Nd': 1.0, 'Cu': 2.0}",0.009531287976190406,-0.29619449374999984
mp-21363,"{'Fe': 1.0, 'Si': 1.0, 'Tb': 1.0}",0.0,-0.63537953888889
mp-21366,"{'Ru': 2.0, 'Yb': 1.0, 'Ge': 2.0}",0.0,-0.5935743340000001
mp-21367,"{'La': 1.0, 'Pd': 1.0, 'In': 2.0}",0.0,-0.6847318793750001
mp-2137,"{'Ni': 1.0, 'Mg': 2.0}",0.0,-0.17984649166666675
mp-21378,"{'Ho': 1.0, 'Ge': 1.0, 'Mn': 1.0}",0.07921344954023546,-0.496285892126437
mp-21380,"{'Pb': 1.0, 'Pt': 1.0}",0.15725831349999894,0.0242439525
mp-21382,"{'Al': 1.0, 'Dy': 2.0, 'Ge': 2.0}",0.0,-0.7238492950000002
mp-21391,"{'In': 1.0, 'As': 1.0}",0.19762970499999974,-0.050293087500000055
mp-21399,"{'Ce': 1.0, 'Ge': 1.0, 'Mn': 1.0}",0.025180208374383284,-0.4167039737931037
mp-21410,"{'S': 1.0, 'Fe': 1.0}",0.23558913500000056,-0.6109196395312502
mp-21422,"{'C': 1.0, 'Y': 1.0, 'Co': 1.0}",0.0,-0.3049301412499996
mp-21426,"{'Fe': 2.0, 'Dy': 1.0, 'Ge': 2.0}",0.0,-0.4571689699999994
mp-21432,"{'La': 1.0, 'Pb': 3.0}",0.0,-0.4458426793749997
mp-21440,"{'Nb': 1.0, 'Ge': 1.0, 'Cr': 1.0}",0.042664371534391066,-0.2648216372222218
mp-21441,"{'Ir': 1.0, 'Si': 1.0, 'Ce': 1.0}",0.0,-0.903219751666666
mp-21447,"{'Nb': 4.0, 'P': 1.0, 'Co': 1.0}",0.0430618811904786,-0.4238529538492048
mp-21453,"{'Pr': 1.0, 'Sn': 1.0, 'Pt': 1.0}",0.010857676666665485,-1.0260286899999993
mp-21456,"{'In': 1.0, 'Sm': 1.0, 'Mg': 1.0}",0.0,-0.4236602050000001
mp-21463,"{'Pr': 1.0, 'Ge': 1.0, 'Ti': 1.0}",0.0025972317592586336,-0.6162705188888893
mp-21475,"{'In': 1.0, 'Sm': 1.0, 'Cu': 2.0}",0.0,-0.3112250625000001
mp-21476,"{'Fe': 2.0, 'N': 1.0}",0.052103444999998416,-0.16287466246000076
mp-21479,"{'La': 1.0, 'In': 5.0, 'Rh': 1.0}",0.0,-0.4822159225000005
mp-21481,"{'Pr': 3.0, 'Pb': 1.0}",0.0,-0.34793794250000065
mp-21482,"{'In': 3.0, 'Np': 1.0}",0.0,-0.002234355937499544
mp-21484,"{'Pu': 1.0, 'Ge': 3.0}",0.0,-0.3584302229687504
mp-21487,"{'In': 2.0, 'Eu': 1.0, 'Rh': 1.0}",0.0,-0.5605481274999997
mp-21493,"{'Ru': 1.0, 'U': 2.0, 'Ga': 8.0}",0.0,-0.30057352500000045
mp-21496,"{'La': 4.0, 'Li': 1.0, 'O': 8.0, 'Cu': 1.0}",0.013850598571427676,-3.1840505428571437
mp-21504,"{'Se': 8.0, 'V': 4.0, 'Ga': 1.0}",0.0,-0.7362427202884612
mp-2170,"{'Li': 2.0, 'Pt': 1.0}",0.0,-0.5367729399999993
mp-2172,"{'Al': 1.0, 'As': 1.0}",0.0,-0.4839899574999995
mp-2176,"{'Te': 1.0, 'Zn': 1.0}",0.0,-0.4684326050000003
mp-2178,"{'Yb': 1.0, 'Ga': 2.0}",0.0,-0.6138886933333335
mp-21847,"{'K': 1.0, 'As': 1.0, 'Mn': 1.0}",0.05381263204022968,-0.2520824104597696
mp-21852,"{'S': 6.0, 'Nb': 3.0, 'Pb': 1.0}",0.0,-1.4509263124375011
mp-21853,"{'In': 2.0, 'Ir': 1.0, 'Sm': 1.0}",0.0,-0.5440872475000003
mp-2186,"{'As': 1.0, 'Np': 1.0}",0.0,-0.6777781743749998
mp-21863,"{'S': 2.0, 'Pd': 3.0, 'Pb': 2.0}",0.0060018414285716295,-0.6121215583035712
mp-2187,"{'Sb': 1.0, 'Ti': 1.0}",0.0,-0.4616051358333335
mp-21879,"{'Ce': 1.0, 'Ba': 2.0, 'O': 6.0, 'Pt': 1.0}",0.0,-2.8142241057499997
mp-21885,"{'In': 1.0, 'Ca': 2.0, 'Pt': 2.0}",0.0,-0.8978575020000001
mp-21887,"{'Pd': 1.0, 'In': 1.0, 'Nd': 1.0}",0.0,-0.7953689249999998
mp-21890,"{'Si': 1.0, 'Nd': 1.0, 'Co': 1.0}",0.0,-0.6854324933333338
mp-21891,"{'C': 1.0, 'Pr': 1.0, 'Si': 2.0, 'Mo': 2.0}",0.0,-0.4361849447916673
mp-21892,"{'Al': 2.0, 'Pb': 1.0, 'O': 4.0}",0.0,-2.911459205
mp-219,"{'P': 1.0, 'Mo': 1.0}",0.0,-0.6523081790476191
mp-2194,"{'Se': 2.0, 'Ti': 1.0}",0.0,-1.1135780312847234
mp-2195,"{'Mg': 1.0, 'Lu': 1.0}",0.0,-0.0471736625000001
mp-22014,"{'Sc': 2.0, 'Ir': 5.0, 'Si': 1.0, 'B': 2.0}",0.0,-0.8522161048333331
mp-22015,"{'Fe': 1.0, 'C': 6.0, 'N': 6.0, 'Co': 2.0}",0.5091405693573394,0.4465599095480002
mp-2203,"{'Y': 1.0, 'B': 6.0}",0.030011104285714293,-0.3996787585714289
mp-22036,"{'Pd': 1.0, 'Zr': 1.0, 'Sb': 1.0}",0.0,-0.7514514499999988
mp-22052,"{'S': 4.0, 'In': 2.0, 'Zn': 1.0}",0.010982961607142627,-0.9983441958928576
mp-22065,"{'U': 1.0, 'Ge': 1.0, 'Pt': 1.0}",0.0,-0.6264873233333326
mp-22072,"{'F': 3.0, 'Yb': 1.0}",0.0,-3.4377103515175
mp-22074,"{'Ta': 1.0, 'Ce': 1.0, 'O': 4.0}",0.0,-3.64438765125
mp-22085,"{'Dy': 1.0, 'Pb': 1.0, 'Cu': 1.0}",0.0,-0.3961933066666668
mp-22102,"{'Na': 3.0, 'Ir': 1.0, 'N': 6.0, 'O': 12.0}",0.014252031168939359,-1.206877297012728
mp-22108,"{'Ho': 1.0, 'Ge': 1.0, 'Ti': 1.0}",0.0,-0.6940343372222225
mp-22115,"{'Sb': 1.0, 'Rh': 1.0, 'Tb': 1.0}",0.0,-1.0142551755555556
mp-22119,"{'S': 4.0, 'Pd': 2.0, 'U': 1.0}",0.029785281190475743,-1.1485195501785717
mp-22125,"{'Co': 2.0, 'Ge': 2.0, 'Np': 1.0}",0.07925770424999977,-0.09425150675000113
mp-22129,"{'Pd': 1.0, 'Dy': 1.0, 'Ga': 1.0}",0.0,-0.9035923966666668
mp-22141,"{'In': 2.0, 'Ba': 1.0}",0.0,-0.4944627916666669
mp-22144,"{'Ta': 2.0, 'In': 1.0, 'C': 1.0}",0.061096446250001435,-0.3901979059374998
mp-22147,"{'S': 3.0, 'Hf': 1.0, 'Pb': 1.0}",0.004249784500001574,-1.5606182189374995
mp-22150,"{'Zr': 2.0, 'In': 1.0, 'Co': 2.0}",0.0,-0.3458244120000004
mp-22152,"{'Fe': 1.0, 'Na': 1.0, 'As': 1.0}",0.0,-0.2860405783333331
mp-22164,"{'Pr': 1.0, 'Ni': 1.0, 'Sn': 1.0}",0.0,-0.6082857174999999
mp-22165,"{'Co': 4.0, 'Ce': 1.0, 'B': 4.0}",0.0026228388333411345,-0.4691550057407407
mp-22179,"{'Si': 1.0, 'Y': 1.0, 'Ti': 1.0}",0.0,-0.6713194388888889
mp-22180,"{'Pd': 2.0, 'Dy': 1.0, 'Ge': 2.0}",0.0,-0.7990246379999995
mp-22211,"{'V': 3.0, 'Sn': 1.0}",0.03858140749999972,-0.02910823499999982
mp-22215,"{'Y': 1.0, 'Ba': 2.0, 'O': 6.0, 'Cu': 3.0}",0.003951943416664605,-2.2446797522916664
mp-22221,"{'Cu': 2.0, 'Mn': 1.0, 'Sn': 1.0}",0.10095233215517307,0.08770011965517277
mp-22228,"{'Dy': 1.0, 'Sn': 1.0, 'Co': 1.0}",0.0,-0.4898023241666666
mp-22229,"{'In': 1.0, 'Cu': 4.0, 'Tb': 1.0}",0.0,-0.2788146111111107
mp-22230,"{'Pb': 1.0, 'Ba': 1.0, 'O': 3.0}",8.570800000207157e-05,-2.1267385027500003
mp-22235,"{'Te': 4.0, 'Cs': 2.0, 'Mn': 1.0, 'Sn': 1.0}",0.0,-0.6155492651724135
mp-22237,"{'Ce': 1.0, 'Mg': 1.0, 'Cu': 2.0}",0.001600556250000551,-0.12697862374999944
mp-22238,"{'Pt': 1.0, 'Sn': 1.0, 'Tb': 1.0}",0.0,-1.0682357563888896
mp-22248,"{'Eu': 1.0, 'O': 6.0, 'B': 3.0}",0.0,-2.97108983725
mp-22255,"{'Te': 2.0, 'In': 1.0, 'Rb': 1.0}",0.0,-0.7136444925000003
mp-22264,"{'Nb': 3.0, 'Cs': 1.0, 'O': 10.0, 'Sr': 2.0}",0.0,-3.172700174531249
mp-22270,"{'P': 1.0, 'Co': 1.0}",0.0,-0.5824482002976188
mp-22275,"{'Y': 1.0, 'Sn': 1.0, 'Pt': 1.0}",0.0,-1.0765638791666667
mp-22295,"{'Ca': 1.0, 'P': 2.0, 'Cu': 4.0}",0.0,-0.4473267223129253
mp-22297,"{'Se': 1.0, 'Cu': 2.0}",0.14608565750000355,0.03558629713541705
mp-22310,"{'U': 1.0, 'C': 2.0, 'Cr': 1.0}",0.22510956999999365,0.07372957437499927
mp-22324,"{'Pt': 1.0, 'Ge': 1.0, 'Tb': 1.0}",0.0,-1.1340260372222228
mp-22329,"{'Na': 1.0, 'Os': 1.0, 'Nd': 2.0, 'O': 6.0}",0.0,-2.7681594272500005
mp-2233,"{'Th': 2.0, 'Ag': 1.0}",0.022502461666666033,-0.06630414333333334
mp-22338,"{'F': 1.0, 'Eu': 1.0, 'O': 1.0}",0.0,-3.563294179146668
mp-22342,"{'Se': 1.0, 'Pb': 1.0, 'O': 4.0}",0.0,-1.4215287255989582
mp-22344,"{'Ru': 3.0, 'Sn': 7.0}",0.0,-0.20901573000000007
mp-22346,"{'Pt': 1.0, 'Ge': 3.0, 'Ba': 1.0}",0.0,-0.6377161769999994
mp-22355,"{'In': 1.0, 'Sb': 1.0, 'O': 6.0, 'Sr': 2.0}",0.0,-2.60507280425
mp-22360,"{'U': 2.0, 'Sn': 1.0, 'Co': 2.0}",0.0,-0.20020820399999906
mp-22365,"{'Eu': 3.0, 'Ru': 1.0, 'O': 7.0}",0.0,-2.6641539367045457
mp-22375,"{'S': 3.0, 'In': 2.0}",0.029300844249992686,-0.9275039734375
mp-22377,"{'Zr': 1.0, 'Sb': 1.0, 'Co': 1.0}",0.6102419466666671,0.13259972500000095
mp-22389,"{'Mn': 3.0, 'Sn': 1.0}",0.171917260215519,0.171917260215519
mp-22395,"{'Se': 4.0, 'K': 1.0, 'Ce': 1.0}",0.0,-1.1395454740625002
mp-224,"{'S': 2.0, 'W': 1.0}",0.0,-1.2639013677083344
mp-22403,"{'C': 4.0, 'N': 6.0, 'Co': 1.0}",0.21060026209999985,0.19627822233818068
mp-22414,"{'Se': 1.0, 'O': 3.0, 'Cu': 1.0}",0.031551070000000785,-1.0728482719687509
mp-22446,"{'Pr': 1.0, 'Li': 2.0, 'Sb': 2.0}",0.09255017399999944,-0.7424719439999997
mp-22480,"{'Sc': 1.0, 'Gd': 1.0, 'Si': 1.0}",0.0,-0.6590405066666657
mp-22497,"{'Ru': 1.0, 'Si': 1.0, 'Ho': 1.0}",0.0,-0.8439339324999994
mp-22503,"{'Zr': 1.0, 'Sn': 1.0, 'Co': 2.0}",0.0,-0.3783443200000001
mp-22512,"{'In': 2.0, 'O': 5.0, 'Sr': 2.0}",0.030906152777776974,-2.5107456040277767
mp-22515,"{'Cu': 1.0, 'Pb': 1.0, 'N': 6.0, 'O': 12.0, 'Rb': 2.0}",0.06628814221511536,-1.1088325158763646
mp-22522,"{'Zr': 1.0, 'Si': 1.0, 'Cu': 1.0}",0.0,-0.6675599733333328
mp-22530,"{'La': 1.0, 'Yb': 1.0, 'O': 3.0}",0.11499331087499876,-3.2918538672500004
mp-22539,"{'Ce': 1.0, 'Sb': 2.0, 'Ni': 1.0}",0.0,-0.7346986049999993
mp-22540,"{'Ce': 1.0, 'Ga': 1.0, 'O': 3.0}",0.8788490948181797,-2.2504680937500003
mp-22561,"{'C': 2.0, 'Pr': 2.0, 'Re': 1.0}",0.0,-0.23211626049999975
mp-22562,"{'S': 1.0, 'Y': 1.0}",0.20884096000000074,-2.11792400203125
mp-22563,"{'S': 6.0, 'Gd': 1.0, 'Lu': 3.0}",0.0,-2.4669863029375008
mp-22575,"{'Sc': 3.0, 'As': 2.0}",0.012721961250000469,-1.1543038675
mp-22580,"{'Zr': 1.0, 'Ni': 2.0, 'Ga': 1.0}",0.0,-0.5288946112499993
mp-22597,"{'Cd': 1.0, 'N': 3.0, 'O': 6.0, 'Rb': 1.0}",1.0687801224878442,-0.11915921769454615
mp-2260,"{'Fe': 1.0, 'Pt': 1.0}",0.0,-0.23952202999999986
mp-22600,"{'Sc': 3.0, 'P': 2.0}",0.0,-1.2862430297380951
mp-22602,"{'Au': 1.0, 'In': 2.0, 'Ca': 1.0}",0.0,-0.5383391299999998
mp-22615,"{'Au': 2.0, 'Gd': 1.0, 'Si': 2.0}",0.0,-0.5893044109999991
mp-22623,"{'Ce': 3.0, 'Ge': 4.0, 'Cu': 4.0}",0.0,-0.5498224990909093
mp-22629,"{'Tb': 2.0, 'Ge': 2.0, 'Co': 1.0}",0.13299837349999688,-0.6115184446666667
mp-22664,"{'Ho': 1.0, 'C': 1.0, 'Rh': 3.0}",0.0,-0.5268222977500002
mp-22670,"{'Ho': 1.0, 'Ge': 1.0, 'Rh': 1.0}",0.0,-0.9933126674999984
mp-22687,"{'In': 4.0, 'Ba': 1.0}",0.0,-0.367792798
mp-2269,"{'Te': 1.0, 'U': 1.0}",0.101431671666667,-0.4111317525000002
mp-22693,"{'Te': 2.0, 'W': 1.0}",0.0,-0.10604466666666568
mp-22695,"{'Pd': 1.0, 'Nd': 1.0, 'Sn': 1.0}",0.009607880555554615,-0.9060919333333328
mp-22707,"{'Eu': 1.0, 'Sb': 1.0, 'Ag': 1.0}",0.0,-0.7336699883333336
mp-2271,"{'Na': 1.0, 'Pt': 2.0}",0.0,-0.3718095849999994
mp-22713,"{'Ce': 2.0, 'Ni': 2.0, 'Sn': 1.0}",0.0,-0.5040656200000001
mp-22718,"{'Au': 1.0, 'In': 1.0, 'Tb': 1.0}",0.0,-0.7542957644444448
mp-22723,"{'In': 1.0, 'Ir': 1.0, 'Dy': 1.0}",0.0,-0.7046088633333341
mp-22725,"{'In': 1.0, 'Ti': 1.0, 'Cu': 2.0}",0.0,-0.11461051416666646
mp-2273,"{'Sb': 1.0, 'Ag': 3.0}",0.07052989250000062,0.07052989250000062
mp-22736,"{'S': 2.0, 'In': 1.0, 'Cu': 1.0}",0.0,-0.8229514657812507
mp-22740,"{'Ce': 1.0, 'Si': 1.0, 'Cu': 1.0}",0.0,-0.5633518783333334
mp-22747,"{'C': 2.0, 'Pb': 1.0, 'O': 4.0}",0.0644511877678573,-1.6244400803571435
mp-22749,"{'C': 2.0, 'Mn': 5.0}",0.013394776708077316,-0.06884348491379301
mp-22750,"{'P': 2.0, 'Pb': 3.0, 'O': 8.0}",0.035726596538461663,-2.3198949589377285
mp-22760,"{'La': 1.0, 'Ge': 2.0, 'Mn': 2.0}",0.0,-0.4584445900517238
mp-22762,"{'N': 3.0, 'Co': 1.0}",0.3938705100599993,0.3544849007149997
mp-22763,"{'Ce': 1.0, 'Sn': 1.0, 'Pt': 1.0}",0.010117293055555088,-0.9816718411111106
mp-22767,"{'Th': 1.0, 'Ga': 4.0, 'Co': 1.0}",0.0,-0.489528645
mp-22793,"{'Fe': 3.0, 'Al': 1.0, 'C': 1.0}",0.0,-0.1611267497500009
mp-22801,"{'Si': 1.0, 'Rh': 1.0, 'Lu': 1.0}",0.0,-1.0941016774999994
mp-22812,"{'In': 2.0, 'Ir': 1.0}",0.0,-0.17112522583333364
mp-22856,"{'S': 3.0, 'Bi': 2.0}",0.0,-0.7474239489374994
mp-22857,"{'Cl': 2.0, 'Cr': 1.0}",0.0622775309259298,-1.3260172671733337
mp-22859,"{'Hg': 1.0, 'I': 1.0}",0.0,-0.2580796150000001
mp-22861,"{'Ni': 1.0, 'Bi': 1.0}",0.29637720249999955,0.2755398624999996
mp-22865,"{'Cs': 1.0, 'Cl': 1.0}",0.04779838500000011,-2.2174201766299997
mp-22868,"{'Rh': 1.0, 'Bi': 1.0}",0.28125069062499897,0.12984896249999964
mp-2287,"{'Si': 1.0, 'Rh': 1.0}",0.017358396249999686,-0.8053899725000004
mp-22870,"{'In': 1.0, 'Br': 1.0}",0.0,-0.6904768949999998
mp-22872,"{'Sb': 1.0, 'Cl': 3.0}",0.0,-1.3137734168200002
mp-22878,"{'Mn': 1.0, 'Bi': 1.0}",0.4505493743103442,0.450549374310345
mp-22880,"{'Fe': 1.0, 'Br': 2.0}",0.0,-0.4408783599999999
mp-22883,"{'I': 2.0, 'Pb': 1.0}",0.0,-0.6757985166666666
mp-22885,"{'Xe': 1.0, 'F': 2.0}",0.0,-0.7930456807933335
mp-22888,"{'Br': 2.0, 'Ca': 1.0}",0.0,-2.0538298066666663
mp-22894,"{'I': 1.0, 'Ag': 1.0}",0.0009864324999999674,-0.2827118325
mp-22903,"{'I': 1.0, 'Rb': 1.0}",0.0,-1.5164153149999997
mp-22905,"{'Li': 1.0, 'Cl': 1.0}",0.0,-2.1068389866299997
mp-22906,"{'Cs': 1.0, 'Br': 1.0}",0.04037617500000002,-1.7693662999999995
mp-22913,"{'Br': 1.0, 'Cu': 1.0}",0.0,-0.25428130999999965
mp-22914,"{'Cl': 1.0, 'Cu': 1.0}",0.0,-0.66933074663
mp-22916,"{'Na': 1.0, 'Br': 1.0}",0.0,-1.5864799074999998
mp-22919,"{'I': 1.0, 'Ag': 1.0}",0.09201829499999993,-0.19167997000000006
mp-22924,"{'Na': 1.0, 'Bi': 1.0}",0.0,-0.30832088250000034
mp-22939,"{'Bi': 1.0, 'O': 1.0, 'Cl': 1.0}",0.0,-1.7001968748366665
mp-22945,"{'Te': 1.0, 'Rh': 1.0, 'Cl': 1.0}",0.0,-0.727427606086667
mp-22955,"{'Li': 1.0, 'I': 1.0, 'O': 3.0}",0.009089483999999535,-1.3899911107500005
mp-22956,"{'Pd': 1.0, 'K': 2.0, 'Cl': 4.0}",0.0,-1.71706902472
mp-22957,"{'F': 1.0, 'Cl': 1.0, 'Sr': 1.0}",0.0,-3.597515304816666
mp-22962,"{'Cs': 1.0, 'Br': 3.0, 'Ti': 1.0}",0.0,-1.406634974333333
mp-22975,"{'Te': 1.0, 'Cl': 6.0, 'Rb': 2.0}",0.0,-1.6713872299511112
mp-22980,"{'Li': 2.0, 'Cl': 4.0, 'Co': 1.0}",0.00776278142857123,-1.5948075111485716
mp-22981,"{'Tl': 1.0, 'I': 1.0, 'O': 3.0}",0.0,-0.9833289907500002
mp-22983,"{'Al': 1.0, 'Li': 1.0, 'Cl': 4.0}",0.0,-2.0417809475900004
mp-22987,"{'I': 1.0, 'Bi': 1.0, 'O': 1.0}",0.0,-1.2216412487499997
mp-22988,"{'Cs': 1.0, 'Ge': 1.0, 'Cl': 3.0}",0.0,-1.7080857229559996
mp-22989,"{'Na': 1.0, 'I': 1.0, 'O': 3.0}",0.0,-1.33763034025
mp-22990,"{'Cs': 1.0, 'I': 1.0, 'Cl': 2.0}",0.0,-1.4150152091300003
mp-22992,"{'Ti': 1.0, 'O': 1.0, 'Cl': 1.0}",0.026923900555554603,-2.7301528070588894
mp-22995,"{'S': 1.0, 'I': 1.0, 'Ag': 3.0}",0.05431834499999777,-0.2260977928125001
mp-23002,"{'Br': 1.0, 'Ti': 1.0, 'O': 1.0}",0.017888213333331567,-2.3714660943055565
mp-23013,"{'U': 1.0, 'Cl': 2.0, 'O': 2.0}",0.0,-2.886844223804
mp-23017,"{'Cs': 1.0, 'Br': 3.0, 'Cu': 2.0}",0.0,-0.8085594224999996
mp-23020,"{'Se': 1.0, 'I': 1.0, 'Bi': 1.0}",0.01167197416666621,-0.42168667203125015
mp-23021,"{'K': 2.0, 'Br': 6.0, 'Re': 1.0}",0.0,-0.9923985461111116
mp-23024,"{'F': 1.0, 'Br': 1.0, 'Sr': 1.0}",0.0,-3.2307471987299996
mp-23034,"{'Zn': 1.0, 'Cl': 4.0, 'Sr': 1.0}",0.012543112499999952,-2.1985250896733333
mp-23036,"{'Se': 1.0, 'K': 2.0, 'Br': 6.0}",0.0,-0.9026701942881944
mp-23038,"{'Cs': 1.0, 'V': 1.0, 'Br': 3.0}",0.0,-1.2735666959999998
mp-23041,"{'S': 1.0, 'I': 1.0, 'Sb': 1.0}",0.0,-0.5383818705208334
mp-23045,"{'Cl': 2.0, 'N': 1.0, 'B': 1.0}",0.2436716141866677,-0.946016069725
mp-23046,"{'F': 1.0, 'I': 1.0, 'Sr': 1.0}",0.0,-3.0115796803966672
mp-2305,"{'C': 1.0, 'Mo': 1.0}",0.0023079465625013285,-0.07491172437500104
mp-23050,"{'Gd': 1.0, 'Cl': 1.0, 'O': 1.0}",0.0,-3.4730481681699987
mp-23053,"{'I': 1.0, 'Pb': 1.0, 'Cl': 1.0}",0.04622600916666642,-1.0676615302533337
mp-23055,"{'Cu': 1.0, 'Cl': 3.0, 'Rb': 1.0}",0.009389958000000751,-1.449751434956
mp-23059,"{'Cl': 6.0, 'Sn': 1.0, 'Rb': 2.0}",0.0,-1.8780487477288892
mp-23062,"{'Y': 1.0, 'C': 1.0, 'I': 1.0}",0.0,-0.862370912916667
mp-23063,"{'Ba': 4.0, 'O': 1.0, 'Cl': 6.0}",0.0,-2.9823502528009085
mp-23066,"{'S': 2.0, 'I': 6.0, 'Pb': 5.0}",0.0246715823076924,-0.7123021544711541
mp-23072,"{'Br': 1.0, 'Bi': 1.0, 'O': 1.0}",0.0,-1.391198465416667
mp-23079,"{'Si': 1.0, 'Cl': 2.0, 'O': 1.0}",0.013632993437498795,-2.2939846119425003
mp-23084,"{'Pb': 1.0, 'Bi': 1.0, 'O': 2.0, 'Cl': 1.0}",0.0,-1.6902952911520004
mp-23085,"{'Cl': 2.0, 'Ba': 2.0, 'O': 4.0, 'Cu': 3.0}",0.0,-1.8941085983199992
mp-2309,"{'S': 3.0, 'Tm': 2.0}",0.025713774250000654,-2.4517548514374994
mp-23092,"{'Ta': 1.0, 'Ba': 2.0, 'O': 6.0, 'Bi': 1.0}",0.00027959800001209345,-2.9673807617499994
mp-23093,"{'O': 6.0, 'Nd': 1.0, 'Bi': 1.0, 'Sr': 2.0}",0.0,-2.80365596075
mp-23096,"{'Se': 1.0, 'O': 3.0, 'Lu': 1.0, 'Cl': 1.0}",0.0,-2.506989650933958
mp-23099,"{'Pd': 1.0, 'Cs': 2.0, 'I': 2.0, 'Br': 4.0}",0.003666201111109935,-0.9629409666666662
mp-23102,"{'Cu': 1.0, 'Cl': 2.0, 'O': 2.0, 'Sr': 2.0}",0.0,-2.4525569355742864
mp-23120,"{'Na': 1.0, 'Y': 1.0, 'Cs': 2.0, 'Cl': 6.0}",0.0,-2.497411777456
mp-23126,"{'As': 4.0, 'K': 1.0, 'I': 1.0, 'O': 6.0}",0.0,-1.6464909289583336
mp-2313,"{'In': 1.0, 'Mg': 1.0}",0.0,-0.09686022750000013
mp-23137,"{'Y': 1.0, 'Ba': 2.0, 'O': 6.0, 'Bi': 1.0}",0.0,-2.8272407617499997
mp-23156,{'He': 1.0},0.002468739999999997,0.002468739999999997
mp-23163,"{'Cs': 1.0, 'Bi': 2.0}",0.0,-0.2956052249999998
mp-23164,"{'Se': 3.0, 'Bi': 2.0}",0.025860382499999446,-0.3646548606562504
mp-23173,"{'Hg': 1.0, 'I': 2.0}",0.021952886041666675,-0.2937704599999999
mp-23181,"{'I': 2.0, 'Sr': 1.0}",0.014642054583333675,-1.6998980179166665
mp-23185,"{'Xe': 1.0, 'F': 4.0}",0.0,-0.8762198709519998
mp-23193,"{'K': 1.0, 'Cl': 1.0}",0.0,-2.25435982663
mp-23195,"{'Bi': 2.0, 'O': 3.0}",0.022702459499999602,-1.6371655287500004
mp-23199,"{'Ba': 1.0, 'Cl': 2.0}",0.02402086833333339,-2.9287390105066664
mp-23202,"{'In': 1.0, 'I': 1.0}",0.0,-0.4836383150000003
mp-23205,"{'I': 2.0, 'Mg': 1.0}",0.0,-1.0663023283333333
mp-23206,"{'Pd': 1.0, 'Bi': 1.0}",0.010106301875000057,-0.3167247581249999
mp-23207,"{'Cl': 1.0, 'O': 2.0}",0.0,-0.5623416752533336
mp-23208,"{'U': 1.0, 'Cl': 3.0}",0.0,-2.1104108261950003
mp-23210,"{'Mg': 1.0, 'Cl': 2.0}",0.0,-2.2545789371733336
mp-23220,"{'Yb': 1.0, 'Cl': 2.0}",0.009572099166667236,-2.8724595246733338
mp-23221,"{'Br': 3.0, 'Pr': 1.0}",0.0,-1.91564871875
mp-23224,"{'Te': 1.0, 'Bi': 1.0}",0.0015436237499981686,-0.1988242216666668
mp-23230,"{'P': 1.0, 'Cl': 3.0}",0.0,-1.14446966946881
mp-23232,"{'Fe': 1.0, 'Br': 3.0}",0.0,-0.35005886125
mp-23241,"{'Y': 1.0, 'Bi': 1.0}",0.0,-0.8943500000000002
mp-23255,"{'Br': 3.0, 'U': 1.0}",0.0,-1.27448769125
mp-23259,"{'Br': 1.0, 'Li': 1.0}",0.0254924700000001,-1.547402815
mp-23260,"{'I': 2.0, 'Ba': 1.0}",0.0,-1.798669000833333
mp-23262,"{'Bi': 2.0, 'O': 3.0}",0.0,-1.6598679882499998
mp-23270,"{'Th': 3.0, 'Bi': 4.0}",0.0,-0.629466443571428
mp-23283,"{'Sm': 4.0, 'Bi': 3.0}",0.0,-0.8050777178571435
mp-23292,"{'Br': 2.0, 'Hg': 1.0}",0.0,-0.4773990083333333
mp-23297,"{'F': 3.0, 'Br': 1.0}",0.0,-1.2539411996425
mp-23300,"{'Nd': 1.0, 'Bi': 1.0}",0.0,-0.9489332325000008
mp-23306,"{'I': 1.0, 'Cu': 1.0}",0.2537859149999999,0.09735093249999993
mp-23309,"{'Sc': 1.0, 'Cl': 3.0}",0.0,-2.563925348695
mp-23314,"{'Pr': 4.0, 'Bi': 3.0}",0.0,-0.8447266342857144
mp-23318,"{'S': 1.0, 'Bi': 1.0, 'Cl': 1.0}",0.0,-1.0643716199408342
mp-23319,"{'V': 1.0, 'Cl': 3.0, 'Rb': 1.0}",0.0,-1.8583682279559999
mp-23324,"{'S': 1.0, 'Br': 1.0, 'Bi': 1.0}",0.0,-0.7690728046875002
mp-23355,"{'Au': 1.0, 'P': 1.0, 'Cl': 4.0}",0.0,-0.9888102501892064
mp-23396,"{'Cl': 3.0, 'N': 1.0, 'Mo': 1.0}",0.0,-1.0842209074320004
mp-2341,"{'Li': 3.0, 'N': 1.0}",0.009674440000000395,-0.4503166030950001
mp-23412,"{'F': 1.0, 'Sb': 1.0, 'Cl': 4.0}",0.0,-1.4599763436216666
mp-23419,"{'Sb': 4.0, 'O': 5.0, 'Cl': 2.0}",0.0,-1.6999665561609083
mp-23434,"{'Al': 2.0, 'Cl': 8.0, 'Cu': 1.0}",0.0,-1.6688722855527267
mp-23445,"{'Ru': 2.0, 'Bi': 2.0, 'O': 7.0}",0.0,-1.5697655485227269
mp-23446,"{'Ge': 1.0, 'O': 5.0, 'Bi': 2.0}",0.005495376770833005,-1.8825393939062491
mp-23467,"{'Cs': 1.0, 'Sn': 2.0, 'Br': 5.0}",0.0,-1.0742377993749996
mp-23474,"{'S': 5.0, 'Bi': 3.0, 'Ag': 1.0}",0.0,-0.6796549211458343
mp-23482,"{'Ba': 1.0, 'O': 3.0, 'Bi': 1.0}",0.0017194224999999008,-2.2474861877500003
mp-23484,"{'Au': 1.0, 'Cs': 1.0, 'Cl': 3.0}",0.0,-1.4078012849560002
mp-23485,"{'Hg': 1.0, 'I': 4.0, 'Ag': 2.0}",0.0,-0.30195567714285715
mp-23487,"{'K': 1.0, 'I': 1.0, 'O': 3.0}",0.0,-1.3865853862500004
mp-23496,"{'Cs': 1.0, 'I': 3.0, 'Ag': 2.0}",0.0021208908333338887,-0.7178722674999998
mp-23503,"{'In': 1.0, 'Na': 3.0, 'Cl': 6.0}",0.0,-1.899930098956
mp-23514,"{'S': 1.0, 'I': 1.0, 'Bi': 1.0}",0.002827082499999189,-0.6288141780208333
mp-23516,"{'Cl': 2.0, 'O': 1.0, 'Cu': 2.0}",0.01255016799999975,-0.8999050985540002
mp-23535,"{'Zn': 1.0, 'K': 2.0, 'Br': 4.0}",0.0,-1.4298352357142856
mp-23536,"{'I': 3.0, 'Sb': 1.0, 'Cl': 8.0}",0.0,-0.8112784363400001
mp-23582,"{'K': 1.0, 'Li': 6.0, 'Bi': 1.0, 'O': 6.0}",0.0,-1.9990870955357145
mp-23587,"{'Se': 1.0, 'Ho': 1.0, 'O': 3.0, 'Cl': 1.0}",0.0,-2.5007530851006248
mp-23611,"{'Ta': 2.0, 'Ba': 1.0, 'O': 9.0, 'Bi': 2.0}",0.029960441607082444,-2.8028193586607157
mp-23636,"{'Cs': 3.0, 'Cl': 4.0, 'O': 2.0, 'Np': 1.0}",0.01361497259999922,-2.597216309429
mp-23657,"{'S': 2.0, 'F': 1.0, 'Na': 6.0, 'Cl': 1.0, 'O': 8.0}",0.0,-2.379706358754167
mp-23700,"{'F': 1.0, 'Rb': 1.0, 'O': 1.0, 'H': 2.0}",0.0,-2.001997717436
mp-23705,"{'Al': 1.0, 'Na': 3.0, 'H': 6.0}",0.0,-0.26472765717200025
mp-23709,"{'Al': 2.0, 'Mg': 1.0, 'H': 8.0}",0.027637464090909614,-0.1297904367236365
mp-23711,"{'Mg': 1.0, 'H': 2.0}",0.0006492308333334584,-0.2786500549133333
mp-23717,"{'P': 2.0, 'Ca': 2.0, 'Mg': 1.0, 'O': 10.0, 'H': 4.0}",0.0012390621929823098,-2.67074962095634
mp-23719,"{'Be': 1.0, 'Al': 1.0, 'H': 5.0}",0.010111892380952892,-0.11897313901428573
mp-2373,"{'Fe': 2.0, 'Pr': 1.0}",0.11716856333333416,0.11716856333333325
mp-23730,"{'Na': 1.0, 'Mg': 1.0, 'H': 3.0}",0.0,-0.29493591117199963
mp-23736,"{'Li': 1.0, 'Mg': 1.0, 'H': 3.0}",0.008867852000001175,-0.3518135351719998
mp-23759,"{'Sr': 1.0, 'H': 2.0}",0.043959871666666483,-0.59316452408
mp-23764,"{'Si': 2.0, 'Mg': 3.0, 'O': 9.0, 'H': 4.0}",0.00026126249999958157,-2.6387530150405563
mp-2384,"{'La': 1.0, 'P': 1.0}",0.0,-1.580471172797619
mp-2388,"{'Te': 1.0, 'Cd': 1.0}",0.17901002499999175,-0.28370384999999976
mp-2396,"{'Ho': 1.0, 'Co': 2.0}",0.0,-0.2198193383333328
mp-2398,"{'Sc': 1.0, 'Sn': 2.0}",0.0,-0.4664038358333335
mp-2399,"{'Hg': 1.0, 'Y': 1.0}",0.0,-0.507081935
mp-2400,"{'S': 1.0, 'Na': 1.0}",0.0,-1.1645925470312504
mp-2404,"{'Al': 2.0, 'Ca': 1.0}",0.0,-0.32980652333333305
mp-241,"{'F': 2.0, 'Cd': 1.0}",0.0,-2.50276683746
mp-2415,"{'Tl': 3.0, 'Dy': 1.0}",0.0,-0.21328734250000012
mp-2431,"{'Er': 1.0, 'Tl': 3.0}",0.0,-0.17707168750000024
mp-2432,"{'Ca': 1.0, 'Mg': 2.0}",0.0,-0.12205894416666666
mp-2437,"{'F': 3.0, 'Ir': 1.0}",0.0032535418749999323,-1.6105872808924997
mp-24412,"{'Al': 1.0, 'K': 2.0, 'Na': 1.0, 'H': 6.0}",0.0,-0.32981654667200005
mp-24413,"{'Na': 2.0, 'Li': 1.0, 'Al': 1.0, 'H': 6.0}",0.0,-0.3082216826719996
mp-2443,"{'Dy': 1.0, 'Hg': 1.0}",0.0,-0.4791273299999999
mp-2451,"{'Al': 3.0, 'Y': 1.0}",0.0017520212499997356,-0.4348842150000003
mp-2454,"{'Fe': 2.0, 'Ti': 1.0}",0.0,-0.28543016222222306
mp-2458,"{'O': 2.0, 'Tb': 1.0}",0.12670745499999825,-3.2092858263888893
mp-2465,"{'Dy': 1.0, 'Pt': 3.0}",0.0,-1.0257574599999997
mp-2472,"{'O': 1.0, 'Sr': 1.0}",0.0,-3.0937058756249995
mp-248,"{'Fe': 2.0, 'N': 1.0}",0.05677661777777665,-0.1582014896822225
mp-24805,"{'La': 1.0, 'Ni': 1.0, 'Sn': 1.0, 'H': 2.0}",0.0,-0.6385710984479992
mp-24809,"{'Ca': 1.0, 'H': 2.0}",0.05592437416666796,-0.6030255090800001
mp-24810,"{'Na': 1.0, 'B': 1.0, 'H': 4.0}",0.02499221708333321,-0.3997545972744441
mp-24814,"{'B': 1.0, 'K': 1.0, 'H': 4.0}",0.3163609758333337,-0.180447660191111
mp-24849,"{'Pr': 1.0, 'O': 3.0, 'Co': 1.0}",0.0,-2.575369597750001
mp-24851,"{'Nd': 1.0, 'O': 3.0, 'Co': 1.0}",0.1701638878333327,-2.42183426275
mp-24859,"{'W': 1.0, 'Pb': 2.0, 'O': 6.0, 'Co': 1.0}",0.02547104675000078,-1.7740459652499994
mp-24860,"{'P': 2.0, 'O': 7.0, 'Co': 2.0}",0.011032289090906922,-2.274602261358224
mp-24865,"{'Sm': 1.0, 'O': 3.0, 'Co': 1.0}",0.20933803650000016,-2.4079060977500006
mp-24871,"{'K': 3.0, 'N': 6.0, 'O': 12.0, 'Co': 1.0}",0.046847475418309685,-1.2307350561036363
mp-24873,"{'Se': 1.0, 'O': 3.0, 'Co': 1.0}",0.0,-1.3191681304687506
mp-24885,"{'Ge': 1.0, 'O': 3.0, 'Co': 1.0}",0.0,-1.82868896575
mp-2489,"{'C': 1.0, 'U': 1.0}",0.0,-0.12233779687499967
mp-24897,"{'O': 1.0, 'Cr': 3.0}",1.7716479241666665,0.7929801259375004
mp-249,"{'Hf': 1.0, 'Al': 1.0}",0.0014912874999994938,-0.40458447750000026
mp-24902,"{'O': 3.0, 'Bi': 1.0, 'Cr': 1.0}",0.023487813250000045,-1.9808475387500004
mp-24928,"{'Cd': 1.0, 'K': 2.0, 'O': 10.0, 'Cr': 2.0, 'H': 4.0}",0.0,-1.7464607119463162
mp-24932,"{'Fe': 1.0, 'Bi': 1.0, 'O': 3.0}",0.020322255249999092,-1.7524546467500002
mp-24935,"{'Fe': 2.0, 'Cl': 2.0, 'O': 5.0, 'Sr': 3.0}",0.007312432291667116,-2.6033892935641667
mp-24943,"{'S': 2.0, 'Fe': 1.0, 'K': 1.0, 'O': 8.0}",0.0,-2.164416402343749
mp-24944,"{'Fe': 1.0, 'Sm': 1.0, 'As': 1.0, 'O': 1.0}",0.16059733531250053,-1.7761561515624995
mp-24945,"{'Fe': 1.0, 'La': 1.0, 'As': 1.0, 'O': 1.0}",0.09940458145833377,-1.8519982665624992
mp-24946,"{'Fe': 1.0, 'Ca': 1.0, 'O': 2.0}",0.07494506625000064,-2.4210819531249994
mp-24950,"{'Fe': 3.0, 'Ca': 1.0, 'Ti': 4.0, 'O': 12.0}",0.02834993506250605,-2.9757458350833352
mp-24964,"{'Fe': 1.0, 'O': 2.0, 'Sr': 1.0}",0.01084295499999932,-2.3900828131250007
mp-24970,"{'Fe': 1.0, 'Ca': 2.0, 'Sb': 1.0, 'O': 6.0}",0.0,-2.6110636157500005
mp-24973,"{'Fe': 1.0, 'P': 1.0, 'O': 4.0}",0.009437873750012926,-2.419900613849207
mp-24977,"{'Fe': 2.0, 'Ti': 1.0, 'O': 5.0}",0.021279522812498897,-2.4767093359895838
mp-24980,"{'Fe': 1.0, 'Tm': 1.0, 'O': 3.0}",0.01389965033333418,-2.9876058597500004
mp-24990,"{'Fe': 1.0, 'Nd': 1.0, 'O': 3.0}",0.0,-2.8897647922499994
mp-24999,"{'Fe': 1.0, 'Y': 1.0, 'O': 3.0}",0.0,-2.9400443927499986
mp-25,{'N': 2.0},0.0,0.0
mp-2500,"{'Al': 1.0, 'Cu': 1.0}",0.0,-0.2133576820000002
mp-25004,"{'O': 6.0, 'Mn': 2.0, 'Ba': 1.0, 'Nd': 1.0}",0.03353460483333137,-2.6960147207178617
mp-25010,"{'Na': 1.0, 'Mn': 1.0, 'O': 2.0}",0.003707965000000257,-2.0297127774598267
mp-25011,"{'P': 1.0, 'Mn': 1.0, 'O': 1.0, 'Nd': 1.0}",0.1871465908016665,-1.882924301671137
mp-25015,"{'Li': 1.0, 'Mn': 2.0, 'O': 4.0}",0.038937960280643225,-2.0334543106683745
mp-25018,"{'Ca': 2.0, 'Mn': 1.0, 'O': 5.0, 'Ga': 1.0}",0.00012369143517432235,-2.7327254537321446
mp-25026,"{'Sm': 1.0, 'Mn': 1.0, 'O': 3.0}",0.0,-3.0060685707178623
mp-2503,"{'Pd': 7.0, 'Se': 4.0}",0.0,-0.26760420494318155
mp-25036,"{'Yb': 1.0, 'Mn': 1.0, 'O': 3.0}",0.0,-2.7137524397178616
mp-25053,"{'Sr': 2.0, 'Ni': 1.0, 'O': 6.0, 'Mo': 1.0}",0.008950601999998753,-2.45952553275
mp-2507,"{'S': 1.0, 'Ga': 1.0}",0.0,-0.9844880695312505
mp-25071,"{'Pb': 2.0, 'O': 5.0, 'Mo': 1.0}",0.0,-1.8913073932812503
mp-25090,"{'La': 2.0, 'Ni': 1.0, 'O': 4.0}",0.05922559142857153,-2.9895617957142853
mp-25092,"{'As': 2.0, 'Ni': 2.0, 'O': 7.0}",0.02987107034090375,-1.4370122553409084
mp-25142,"{'V': 2.0, 'Pb': 3.0, 'O': 8.0}",0.003169480384562995,-2.081303988461539
mp-25146,"{'V': 2.0, 'Pb': 1.0, 'O': 6.0}",0.0,-2.2286562430555565
mp-2515,"{'Cr': 1.0, 'Pt': 3.0}",0.0,-0.258155402499999
mp-25176,"{'W': 1.0, 'Pb': 1.0, 'O': 4.0}",0.0504008170833341,-2.009410621666666
mp-25177,"{'W': 1.0, 'Bi': 2.0, 'O': 6.0}",0.0,-1.9666235636111116
mp-253,"{'Sc': 1.0, 'Co': 2.0}",0.0,-0.35023303333333305
mp-2530,"{'Te': 1.0, 'Li': 2.0}",0.0,-1.0379118333333337
mp-2537,"{'S': 2.0, 'Nd': 1.0}",1.522037533333335,-0.6634414193750006
mp-2551,"{'Dy': 1.0, 'Co': 5.0}",0.02573262924242492,-0.10556057916666717
mp-25534,"{'Fe': 1.0, 'W': 2.0, 'Na': 1.0, 'O': 8.0}",0.0,-2.1541901241666666
mp-2554,"{'Al': 3.0, 'V': 1.0}",0.0,-0.2886842025000007
mp-2558,"{'Sm': 1.0, 'Mg': 1.0}",0.0,-0.1078564175000003
mp-256,"{'La': 1.0, 'N': 1.0}",0.012962274999999579,-1.5044189649400002
mp-2562,"{'S': 1.0, 'Mn': 1.0}",0.01789153750000239,-0.9307969202209048
mp-2566,"{'Pu': 1.0, 'Sb': 1.0}",0.0,-0.5860356634374995
mp-2573,"{'Al': 3.0, 'Np': 1.0}",0.019096832499999827,-0.08937432343749929
mp-2574,"{'Zr': 1.0, 'O': 2.0}",0.03621101666666604,-3.7965395725
mp-2613,"{'La': 1.0, 'Cu': 5.0}",0.0,-0.15162437458333322
mp-2614,"{'Hf': 1.0, 'Al': 3.0}",0.009723173749999424,-0.3856209937500008
mp-2617,"{'Pd': 5.0, 'B': 2.0}",0.007050444999999961,-0.2604227890476188
mp-2619,"{'Fe': 1.0, 'Sb': 1.0}",0.038345354999999685,0.020856262499999726
mp-2625,"{'C': 3.0, 'U': 2.0}",0.0,-0.12144949325000028
mp-2629,"{'Ce': 7.0, 'O': 12.0}",0.0,-3.925570436578948
mp-2636,"{'Gd': 1.0, 'Mg': 1.0}",0.0,-0.11156385999999953
mp-2639,"{'Na': 3.0, 'N': 1.0}",0.2646077600000005,0.13456792815500007
mp-2646,"{'Sb': 2.0, 'Mg': 3.0}",0.0,-0.3708388009999997
mp-2653,"{'N': 1.0, 'B': 1.0}",0.09298564750000082,-1.3785637995233326
mp-2659,"{'Li': 1.0, 'N': 3.0}",0.0,-0.4170082817849998
mp-266,"{'Pd': 1.0, 'Zr': 2.0}",0.0,-0.4884217100000008
mp-2665,"{'Ru': 2.0, 'Pr': 1.0}",0.0,-0.10021590000000084
mp-2667,"{'Au': 1.0, 'Cs': 1.0}",0.0,-0.3266473900000002
mp-2668,"{'As': 1.0, 'Mn': 3.0}",0.0003067261853448855,-0.134312704784481
mp-2672,"{'K': 2.0, 'O': 2.0}",0.0,-1.3012042706249995
mp-2685,"{'Pd': 1.0, 'Hg': 1.0}",0.0,-0.17346151499999962
mp-2692,"{'Nb': 1.0, 'O': 1.0}",0.7922564983333321,-1.5008059356249994
mp-2695,"{'Os': 1.0, 'Sb': 2.0}",0.0,-0.02149796333333261
mp-27,{'Si': 1.0},0.5367564800000002,0.5367564800000002
mp-2700,"{'Ca': 1.0, 'Si': 2.0}",0.0,-0.3827014133333335
mp-2701,"{'Nb': 1.0, 'N': 1.0}",0.03961945499999864,-1.211955646189999
mp-2708,"{'La': 1.0, 'Ni': 2.0}",0.017848206212121017,-0.3231685874999997
mp-27124,"{'S': 10.0, 'Bi': 5.0, 'Cu': 4.0}",0.008631603333324023,-0.6311384652960538
mp-27125,"{'Na': 6.0, 'Mn': 1.0, 'Cl': 8.0}",0.0,-1.9894402578306205
mp-2714,"{'Au': 1.0, 'Pr': 2.0}",0.0,-0.5387045325
mp-27178,"{'S': 3.0, 'P': 1.0, 'Hg': 1.0}",0.0,-0.5871780760565478
mp-27199,"{'Au': 1.0, 'Br': 1.0, 'Se': 1.0}",0.0,-0.1568101953645833
mp-2720,"{'Nd': 1.0, 'Pt': 2.0}",0.0,-1.0479864799999998
mp-27231,"{'Te': 1.0, 'Li': 2.0, 'O': 3.0}",0.0,-2.032670521875
mp-27259,"{'Cs': 1.0, 'I': 3.0, 'Cr': 1.0}",0.05336022999999912,-0.8181635419999995
mp-27294,"{'Br': 3.0, 'Ca': 3.0, 'As': 1.0}",0.0,-1.7936630549999997
mp-2730,"{'Te': 1.0, 'Hg': 1.0}",0.0,-0.16859844000000002
mp-27302,"{'Tm': 1.0, 'Cl': 2.0}",0.26894377847222195,-2.12169221259
mp-27304,"{'K': 2.0, 'Mn': 1.0, 'Cl': 6.0}",0.0,-1.7999100045488123
mp-27311,"{'La': 1.0, 'C': 1.0, 'O': 1.0}",0.05366403791666663,-2.1639990158333333
mp-27315,"{'F': 6.0, 'Ca': 1.0, 'Ti': 1.0}",0.0,-3.994715800475833
mp-27319,"{'Sc': 2.0, 'Si': 1.0, 'Co': 3.0}",0.0,-0.6104257441666666
mp-27355,"{'F': 2.0, 'Pb': 2.0, 'O': 1.0}",0.0,-2.2292194317260003
mp-27356,"{'As': 1.0, 'O': 2.0}",0.002175681874999391,-1.6010162545833329
mp-27367,"{'F': 2.0, 'Se': 1.0, 'O': 1.0}",0.0,-1.7896637499309378
mp-27368,"{'Na': 1.0, 'Li': 5.0, 'Sn': 4.0}",0.09269467689583387,-0.2477429884999996
mp-27369,"{'Cl': 3.0, 'Ge': 1.0, 'Rb': 1.0}",0.0,-1.681649709956
mp-27386,"{'Tl': 1.0, 'Hg': 5.0, 'Cl': 11.0}",0.0,-1.0328519426976472
mp-2739,"{'Te': 1.0, 'O': 2.0}",0.011017738749999673,-1.4983085808333332
mp-27396,"{'Ni': 1.0, 'Cl': 2.0}",0.0,-0.9742156955066664
mp-27397,"{'Br': 3.0, 'Ir': 1.0}",0.0,-0.29798088499999986
mp-27401,"{'Na': 1.0, 'I': 1.0, 'O': 4.0}",0.005296266041664666,-1.1093956841666663
mp-27418,"{'Au': 1.0, 'K': 1.0, 'O': 2.0}",0.02815435499999008,-1.1319031006250002
mp-27419,"{'F': 6.0, 'Li': 1.0, 'Bi': 1.0}",0.0,-2.5072149571425
mp-27422,"{'F': 6.0, 'Cs': 1.0, 'Bi': 1.0}",0.0,-2.5732154921425003
mp-2743,"{'Pd': 1.0, 'Li': 1.0}",0.011212534999998969,-0.42217425499999983
mp-27454,"{'Li': 2.0, 'Si': 1.0, 'Ba': 1.0}",0.0,-0.27240937249999986
mp-27456,"{'Br': 2.0, 'Ba': 1.0}",0.0,-2.2273628333333333
mp-27484,"{'Tl': 2.0, 'O': 1.0}",0.00023734666666630488,-0.8234338170833334
mp-27487,"{'Th': 1.0, 'Li': 2.0, 'N': 2.0}",0.0,-1.2169941436186669
mp-27490,"{'Au': 1.0, 'Te': 2.0, 'Cl': 1.0}",0.0,-0.40417252956500027
mp-27507,"{'Sc': 1.0, 'Cl': 1.0}",0.021059828999999475,-1.7210595041300003
mp-27533,"{'Pd': 15.0, 'P': 2.0}",0.0012704058823524988,-0.262580591540616
mp-27552,"{'I': 3.0, 'Tl': 1.0, 'Pb': 1.0}",0.011416748999999893,-0.6666730569999999
mp-27553,"{'Ta': 2.0, 'Sn': 1.0, 'O': 7.0}",0.18441050250000046,-2.801913126375
mp-27559,"{'Na': 14.0, 'Cd': 2.0, 'O': 9.0}",0.0,-1.4848861156500004
mp-2756,"{'Ce': 1.0, 'Ag': 1.0}",0.02803856999999965,-0.039664319999999975
mp-27562,"{'Pd': 3.0, 'Na': 2.0, 'O': 4.0}",0.0,-1.158469649444444
mp-27608,"{'Be': 4.0, 'O': 7.0, 'Te': 1.0}",0.0,-2.5906008890625003
mp-27635,"{'I': 6.0, 'Sn': 1.0, 'Rb': 2.0}",0.011617750972221952,-0.8709076355555554
mp-27637,"{'Br': 2.0, 'Ni': 1.0}",0.0,-0.36441785666666665
mp-2764,"{'La': 1.0, 'Ni': 3.0}",0.00028166599265144754,-0.3277253343749997
mp-27688,"{'Te': 1.0, 'K': 2.0, 'I': 6.0}",0.0,-0.7627887527777778
mp-27691,"{'Br': 6.0, 'K': 2.0, 'Pt': 1.0}",0.0,-1.0012131333333332
mp-27699,"{'S': 3.0, 'N': 2.0, 'Cl': 2.0}",0.12422684422214306,-0.3602395426382142
mp-27703,"{'In': 1.0, 'Br': 1.0, 'O': 1.0}",0.0,-1.51388203875
mp-27710,"{'Cr': 1.0, 'B': 4.0}",0.0,-0.3061435033333339
mp-27716,"{'Tl': 1.0, 'K': 1.0, 'O': 1.0}",0.0,-1.2129798854166662
mp-27743,"{'F': 5.0, 'Bi': 1.0}",0.0,-2.149722326825
mp-2778,"{'Ho': 1.0, 'Ag': 1.0}",0.0,-0.3343315850000001
mp-2779,"{'S': 1.0, 'Fe': 1.0}",0.18100018791666628,-0.6655085866145841
mp-27814,"{'S': 14.0, 'C': 1.0}",0.0,-0.5552772097083344
mp-27826,"{'K': 2.0, 'Cl': 6.0, 'Mo': 1.0}",0.0,-1.7827165299511114
mp-27831,"{'Zr': 1.0, 'Cl': 6.0, 'Rb': 2.0}",0.0,-2.3461285899511117
mp-27833,"{'Te': 1.0, 'Tl': 2.0, 'Cl': 6.0}",0.0,-1.2099045710622225
mp-27834,"{'Tl': 2.0, 'Cl': 6.0, 'Pt': 1.0}",0.0,-1.1743364977288886
mp-27851,"{'Se': 2.0, 'Hg': 3.0, 'Cl': 2.0}",0.0,-0.6000442569582144
mp-27852,"{'Te': 2.0, 'Hg': 3.0, 'Cl': 2.0}",0.0,-0.573519330217143
mp-2786,"{'Zn': 3.0, 'Ca': 5.0}",0.0,-0.19570894250000004
mp-27865,"{'K': 1.0, 'Mg': 1.0, 'Cl': 3.0}",0.0007802274999995085,-2.2546147904560003
mp-27872,"{'Mg': 1.0, 'O': 4.0, 'Ti': 2.0}",0.011553829285722015,-3.236078248333333
mp-27873,"{'Ta': 2.0, 'O': 1.0}",1.767801878500002,0.2018792220833324
mp-27882,"{'Cs': 2.0, 'Ge': 1.0, 'Cl': 6.0}",0.0,-1.8043325327288888
mp-27904,"{'S': 1.0, 'Fe': 1.0, 'Sb': 1.0}",0.0,-0.5852151613541672
mp-27910,"{'S': 1.0, 'Te': 2.0, 'Bi': 2.0}",0.0,-0.42206250281250063
mp-27911,"{'As': 1.0, 'Bi': 1.0, 'O': 4.0}",0.0,-1.7826258879166668
mp-27919,"{'C': 5.0, 'Ti': 8.0}",0.0,-0.7246087020833334
mp-27922,"{'I': 2.0, 'Ge': 1.0}",0.0,-0.34438698388888905
mp-27923,"{'Cl': 1.0, 'Tb': 1.0}",0.04885971027777725,-1.7583633124633329
mp-27926,"{'F': 8.0, 'As': 1.0, 'Cl': 1.0}",0.0,-1.9319663182780005
mp-27934,"{'Br': 2.0, 'Cd': 1.0}",0.0,-0.8904674266666666
mp-27935,"{'Al': 1.0, 'I': 1.0, 'Cl': 6.0}",0.0,-1.30687437557
mp-27941,"{'O': 3.0, 'Ag': 1.0, 'Cl': 1.0}",0.055499430000001126,-0.5388086384019999
mp-27945,"{'Bi': 1.0, 'O': 1.0}",0.4831843229166655,-0.9000390006249992
mp-27948,"{'Te': 4.0, 'Ge': 1.0, 'Bi': 2.0}",0.0037263414285715335,-0.1918044650000001
mp-2795,"{'Zr': 1.0, 'C': 1.0}",0.0,-0.8068115693750002
mp-27953,"{'N': 1.0, 'Mo': 2.0}",0.008913331249999601,-0.35664224579333376
mp-27962,"{'C': 1.0, 'I': 4.0}",0.5334171962500003,0.5334171962499997
mp-27970,"{'K': 2.0, 'N': 12.0, 'Cd': 1.0}",0.044538822381325005,-0.18768886190400072
mp-27974,"{'Br': 3.0, 'Pu': 1.0}",0.0,-1.53862641671875
mp-27976,"{'Br': 3.0, 'Sm': 1.0}",0.0,-1.90121480625
mp-27982,"{'Br': 1.0, 'Pu': 1.0, 'O': 1.0}",0.0,-2.721242574375001
mp-27989,"{'Br': 1.0, 'C': 1.0, 'N': 1.0}",0.3666231746233333,0.3666231746233339
mp-27994,"{'Br': 1.0, 'Hg': 1.0, 'O': 3.0}",0.0,-0.40756218025000013
mp-27999,"{'K': 5.0, 'Sb': 2.0, 'Cu': 1.0}",0.0,-0.3685844112499996
mp-2800,"{'U': 1.0, 'Si': 3.0}",0.0,-0.3746727387500002
mp-28006,"{'Ca': 1.0, 'As': 2.0, 'Cu': 4.0}",0.003336700714285712,-0.34607117999999965
mp-28020,"{'Al': 1.0, 'Cl': 4.0, 'Cu': 1.0}",0.0,-1.5615047721733333
mp-28048,"{'Tl': 1.0, 'K': 1.0, 'Br': 4.0}",0.0,-0.9631270254166664
mp-28060,"{'Te': 2.0, 'Li': 1.0, 'Ge': 1.0}",0.0190407429166668,-0.4156778133333337
mp-28067,"{'Th': 1.0, 'I': 1.0, 'N': 1.0}",0.0,-1.9182723441266667
mp-28070,"{'Te': 1.0, 'I': 6.0, 'Rb': 2.0}",0.0,-0.7826544116666665
mp-28110,"{'Pt': 1.0, 'I': 6.0, 'Rb': 2.0}",0.0,-0.7858073611111109
mp-28111,"{'K': 3.0, 'N': 1.0, 'O': 3.0}",0.0,-1.3598415615900001
mp-28116,"{'Ti': 1.0, 'Cl': 2.0}",0.054431407638888096,-1.7872633943955556
mp-28145,"{'Pd': 1.0, 'Cl': 6.0, 'Rb': 2.0}",0.0,-1.5630989221733331
mp-28149,"{'I': 2.0, 'Bi': 9.0}",0.026260626363636685,-0.09177886454545424
mp-28158,"{'Be': 3.0, 'K': 4.0, 'O': 5.0}",0.0,-2.3259683405208325
mp-28159,"{'F': 6.0, 'Br': 3.0, 'As': 1.0}",0.0,-1.6840611067140001
mp-28195,"{'Si': 1.0, 'O': 3.0, 'Ag': 2.0}",0.039835953333329684,-1.767231043125
mp-282,"{'F': 2.0, 'Ti': 1.0}",0.25996352259259137,-3.0212579296822226
mp-28208,"{'Fe': 1.0, 'Zr': 1.0, 'Cl': 6.0}",0.020494251250000598,-1.8024439518200002
mp-28232,"{'Mg': 1.0, 'O': 5.0, 'Ti': 2.0}",0.0,-3.4431290718229164
mp-28237,"{'Br': 2.0, 'Li': 1.0, 'Rb': 1.0}",0.004812353749999776,-1.66820318625
mp-28248,"{'Cd': 1.0, 'I': 2.0}",0.0007364368888886919,-0.5915279766666668
mp-2825,"{'Pd': 3.0, 'Er': 1.0}",0.0,-0.919467375
mp-28250,"{'Br': 4.0, 'Li': 2.0, 'Mn': 1.0}",0.013792142857142586,-1.2351679787684726
mp-28254,"{'Ru': 1.0, 'Li': 1.0, 'O': 2.0}",0.10102242124999973,-1.5776609031250004
mp-28261,"{'Na': 4.0, 'Sn': 1.0, 'O': 3.0}",0.0,-1.6719754123437505
mp-28268,"{'I': 3.0, 'Pt': 1.0}",0.002750410312499785,-0.14994153437499946
mp-28278,"{'Se': 3.0, 'Na': 2.0, 'Ge': 1.0}",0.0,-0.7635091051302082
mp-28283,"{'Cs': 1.0, 'Ti': 1.0, 'Cl': 3.0}",0.017574388222222126,-2.0498516972893333
mp-28302,"{'K': 4.0, 'P': 2.0, 'Cd': 1.0}",0.0,-0.3549527423129253
mp-28308,"{'S': 5.0, 'Ta': 2.0, 'Ni': 1.0}",0.0,-1.347442032539063
mp-28326,"{'Br': 4.0, 'Li': 1.0, 'Ga': 1.0}",0.0,-1.1028260262499998
mp-28328,"{'I': 3.0, 'Rb': 1.0}",0.0,-0.7946686437499997
mp-28330,"{'Au': 1.0, 'Te': 1.0, 'Cl': 7.0}",0.0,-0.9195918497577776
mp-28339,"{'Ca': 1.0, 'P': 1.0, 'Pt': 1.0}",0.0,-1.144590520198412
mp-28358,"{'Nb': 1.0, 'Al': 1.0, 'Cl': 8.0}",0.0,-1.817660074608
mp-2836,"{'Dy': 5.0, 'Si': 3.0}",0.0,-0.6867201281249997
mp-28360,"{'Na': 3.0, 'Cl': 6.0, 'Cr': 1.0}",0.0,-1.890178550956
mp-28376,"{'Au': 1.0, 'F': 5.0, 'Cu': 1.0}",0.0,-1.5601538472785716
mp-28395,"{'P': 1.0, 'B': 6.0}",0.0,-0.2917146475850337
mp-28406,"{'S': 1.0, 'Cl': 2.0, 'O': 1.0}",0.0,-1.230212741083125
mp-28408,"{'Tc': 1.0, 'K': 1.0, 'Cl': 3.0}",0.05108191550000018,-1.5014698759560006
mp-28412,"{'Ho': 2.0, 'P': 7.0, 'Ni': 12.0}",0.0,-0.7760053946031741
mp-28419,"{'Te': 1.0, 'Se': 3.0, 'K': 2.0}",0.0,-0.7206412638802083
mp-28423,"{'Te': 1.0, 'Se': 2.0, 'Ga': 2.0}",0.0,-0.5140456764375003
mp-28435,"{'Fe': 1.0, 'K': 1.0, 'Cl': 4.0}",0.0,-1.6236149280066667
mp-28473,"{'F': 3.0, 'C': 1.0, 'Cl': 1.0}",0.01450238059374964,-1.7901523651159998
mp-2849,"{'S': 2.0, 'U': 1.0}",0.0,-1.8115099943750008
mp-28490,"{'Tl': 3.0, 'Se': 3.0, 'B': 1.0}",0.0,-0.3169424339211311
mp-28491,"{'S': 1.0, 'O': 4.0, 'Cu': 2.0}",0.0209581032142836,-1.3758932755803568
mp-28500,"{'Te': 5.0, 'U': 1.0}",0.0,-0.34864136416666663
mp-28513,"{'Pb': 1.0, 'Cl': 2.0, 'O': 6.0}",0.0,-0.8656703393355561
mp-28516,"{'Ge': 2.0, 'Lu': 1.0, 'Mn': 1.0}",0.0,-0.5069437353448277
mp-28518,"{'S': 1.0, 'Tl': 6.0, 'Br': 4.0}",0.0008814172727302784,-0.7974448476420455
mp-28520,"{'Te': 5.0, 'Sn': 1.0, 'Rb': 2.0}",0.0008886878125000662,-0.5344760743750001
mp-28522,"{'Gd': 2.0, 'Br': 1.0, 'C': 1.0}",0.0,-0.9483025946874992
mp-28523,"{'Ta': 3.0, 'Li': 2.0, 'N': 5.0}",0.0001319004270765589,-1.3042822406899999
mp-2853,"{'Ga': 1.0, 'N': 1.0}",0.4782324899999999,-0.18757071869
mp-28534,"{'In': 1.0, 'Br': 3.0, 'Ca': 1.0}",0.0,-1.5179913859999998
mp-28553,"{'Ca': 2.0, 'I': 1.0, 'N': 1.0}",0.0,-1.2742612343450004
mp-28554,"{'As': 1.0, 'Ca': 2.0, 'I': 1.0}",0.0,-1.41324723875
mp-28564,"{'Br': 6.0, 'Pb': 1.0, 'Rb': 4.0}",0.0,-1.5635685718181818
mp-28569,"{'In': 1.0, 'Na': 1.0, 'Br': 4.0}",0.007368292083334448,-1.0901474162499998
mp-28570,"{'In': 1.0, 'Na': 1.0, 'I': 4.0}",0.0,-0.7934137404166668
mp-28572,"{'La': 1.0, 'Br': 2.0}",0.0029221391666665038,-1.8249453075
mp-28577,"{'F': 4.0, 'Br': 1.0, 'Rb': 1.0}",0.0,-1.9013237907933331
mp-28595,"{'Na': 1.0, 'K': 1.0, 'Se': 1.0}",0.0,-1.1058694795312505
mp-28599,"{'Na': 4.0, 'Br': 2.0, 'O': 1.0}",0.00031133428571505917,-1.5483202616071432
mp-286,"{'Yb': 1.0, 'Se': 1.0}",0.0,-2.094621269296875
mp-28603,"{'Na': 1.0, 'Li': 1.0, 'Se': 1.0}",0.0,-1.172221218697917
mp-28610,"{'Cs': 1.0, 'Cl': 3.0, 'Ag': 1.0}",0.0,-1.445183498956
mp-28611,"{'Ta': 2.0, 'Th': 1.0, 'O': 7.0}",0.0,-3.666090939875001
mp-28627,"{'Br': 2.0, 'K': 4.0, 'O': 1.0}",0.0,-1.5713776444642855
mp-28630,"{'Na': 3.0, 'N': 2.0, 'B': 1.0}",0.0,-0.6393408039877778
mp-28637,"{'Fe': 1.0, 'Li': 4.0, 'N': 2.0}",0.2803296761904823,-0.19171545210857185
mp-28638,"{'Gd': 2.0, 'C': 1.0, 'Cl': 1.0}",0.0,-1.2181710205024991
mp-28647,"{'F': 6.0, 'Br': 5.0, 'As': 1.0}",0.004721423750003062,-1.3986628318449998
mp-28649,"{'Na': 1.0, 'Ti': 8.0, 'O': 13.0}",0.0045601182954548855,-3.2619782229356065
mp-28650,"{'F': 1.0, 'Cs': 1.0, 'Br': 2.0}",0.0,-1.5026413740475
mp-28651,"{'Cs': 2.0, 'Ir': 1.0, 'Cl': 6.0}",0.0,-1.6178627843955553
mp-28671,"{'Te': 2.0, 'Br': 5.0, 'Zr': 1.0}",0.0,-0.937840423125
mp-28687,"{'U': 2.0, 'As': 5.0, 'Cu': 4.0}",0.0,-0.3600684013636352
mp-28691,"{'Ta': 1.0, 'Te': 4.0, 'I': 1.0}",0.0,-0.28323801500000023
mp-28716,"{'Na': 2.0, 'Cl': 4.0, 'Cr': 1.0}",0.03715287380952503,-1.7630171747199996
mp-28721,"{'S': 2.0, 'Cl': 8.0, 'Pt': 1.0}",0.0,-0.8605918322004549
mp-2873,"{'Ce': 1.0, 'Cr': 2.0, 'B': 6.0}",0.0,-0.6206996733333341
mp-28734,"{'Zr': 6.0, 'Cl': 15.0, 'Co': 1.0}",0.0,-2.0794207738136365
mp-28741,"{'Br': 1.0, 'Se': 3.0, 'Cu': 1.0}",0.025313539281248687,-0.14601954415624974
mp-28744,"{'Br': 4.0, 'Os': 1.0, 'Y': 4.0}",0.0,-1.2942799733333332
mp-28746,"{'Ru': 1.0, 'Pr': 3.0, 'I': 3.0}",0.0,-1.0144798949999998
mp-28765,"{'F': 1.0, 'Br': 3.0, 'C': 1.0}",0.18137605718749986,-0.36834243448800025
mp-2877,"{'Si': 2.0, 'Nd': 1.0, 'Cu': 2.0}",0.0,-0.5924986029999999
mp-28770,"{'Fe': 1.0, 'Ca': 2.0, 'N': 2.0}",0.007139985666669624,-0.8660177839520002
mp-28772,"{'S': 1.0, 'Sb': 1.0, 'Cl': 9.0}",0.012003253636364786,-0.9980432880365909
mp-28781,"{'Zr': 3.0, 'Pr': 1.0, 'F': 15.0}",0.00457102934210596,-4.128243391202632
mp-28795,"{'La': 1.0, 'Ru': 1.0, 'Si': 2.0}",0.0,-0.8437860531250001
mp-28813,"{'C': 1.0, 'Si': 3.0, 'Cl': 8.0}",0.0643396793055544,-1.4043189466525003
mp-28815,"{'Th': 1.0, 'I': 6.0, 'Sn': 1.0}",0.020754635729166804,-0.9398524712499996
mp-28818,"{'Se': 8.0, 'Cr': 5.0, 'Rb': 1.0}",0.0,-0.6422506391964282
mp-28828,"{'Fe': 1.0, 'Li': 6.0, 'Cl': 8.0}",0.014674813333333425,-1.892627187072
mp-28832,"{'As': 4.0, 'Mn': 5.0}",0.05586221095785415,-0.1834612218773941
mp-28838,"{'C': 2.0, 'Si': 2.0, 'U': 3.0}",0.0,-0.2301715217857147
mp-28843,"{'Te': 5.0, 'Tl': 2.0, 'Sn': 1.0}",0.006858853906249962,-0.1890636400000001
mp-28846,"{'Ta': 1.0, 'Te': 2.0, 'Co': 1.0}",0.0,-0.3322766856249997
mp-2885,"{'S': 8.0, 'Ga': 1.0, 'Mo': 4.0}",0.03861622967032918,-1.1744764313461535
mp-28863,"{'Y': 6.0, 'Os': 1.0, 'I': 10.0}",0.0,-1.210535505
mp-28868,"{'S': 6.0, 'Nb': 3.0, 'Bi': 2.0}",0.0,-1.2595632935795458
mp-28872,"{'Br': 1.0, 'O': 3.0, 'Rb': 1.0}",0.0,-1.067822370750001
mp-28875,"{'P': 3.0, 'Hg': 2.0, 'Cl': 1.0}",0.002276410119047334,-0.27730602625761946
mp-28895,"{'Pd': 2.0, 'P': 4.0, 'Ba': 1.0}",0.0,-0.6694024074829932
mp-28898,"{'C': 1.0, 'Ba': 1.0, 'N': 2.0}",0.056328305833333474,-0.9270177075441666
mp-28899,"{'Hg': 2.0, 'Br': 1.0, 'As': 3.0}",0.00034140916666647314,-0.142122126666667
mp-28921,"{'Se': 2.0, 'Tl': 5.0, 'Br': 1.0}",0.0,-0.4973676752734377
mp-28929,"{'S': 1.0, 'Dy': 1.0, 'I': 1.0}",0.0,-2.0454274880208327
mp-28939,"{'Te': 3.0, 'U': 4.0, 'O': 4.0}",0.0,-2.3897103804545465
mp-28944,"{'Te': 1.0, 'Bi': 1.0, 'Cl': 1.0}",0.0,-0.7973411060866665
mp-28954,"{'Pd': 1.0, 'Tl': 2.0, 'Se': 2.0}",0.0,-0.3717902764374997
mp-28955,"{'N': 3.0, 'Mg': 3.0, 'B': 1.0}",0.03064084374999965,-1.0389449541152385
mp-28962,"{'Bi': 2.0, 'O': 11.0, 'Ti': 4.0}",0.006088243455865339,-2.9810439988480404
mp-28963,"{'S': 1.0, 'Ag': 8.0}",0.26459765833333515,0.1718549739930554
mp-28967,"{'S': 4.0, 'Pd': 2.0, 'Ba': 1.0}",0.0,-1.220890307321429
mp-28968,"{'Nb': 3.0, 'As': 1.0, 'Te': 3.0}",0.0,-0.5401337714285707
mp-28969,"{'Pr': 2.0, 'N': 1.0, 'Cl': 3.0}",0.0,-2.4348389670266672
mp-28989,"{'Br': 1.0, 'Li': 10.0, 'N': 3.0}",0.0,-0.626648201938572
mp-29009,"{'Br': 4.0, 'Li': 2.0, 'Mg': 1.0}",0.014540987142856562,-1.533458495
mp-29011,"{'Pd': 1.0, 'Te': 1.0, 'Bi': 1.0}",0.0,-0.34696056583333323
mp-29015,"{'Br': 6.0, 'Ca': 1.0, 'Th': 1.0}",0.053307408125003335,-1.8106797006249995
mp-2903,"{'Al': 3.0, 'U': 1.0, 'Ni': 2.0}",0.10509536916666652,-0.4052287891666673
mp-29048,"{'Bi': 2.0, 'O': 4.0, 'Sr': 1.0}",0.0,-2.1333913664285715
mp-2906,"{'Ho': 1.0, 'P': 2.0, 'Ni': 2.0}",0.0,-1.015610735238095
mp-29076,"{'Fe': 1.0, 'W': 1.0, 'N': 2.0}",0.0,-0.39819436369000094
mp-2910,"{'F': 4.0, 'Al': 1.0, 'K': 1.0}",0.013234982083325521,-3.660435850793334
mp-29103,"{'Cs': 1.0, 'Al': 1.0, 'Br': 4.0}",0.0,-1.4701229033333334
mp-29117,"{'Ta': 3.0, 'Te': 1.0, 'I': 7.0}",0.0061853238020823645,-0.4523069268181814
mp-29131,"{'Se': 1.0, 'V': 1.0}",0.1389545137500008,-0.5034944067968743
mp-29135,"{'Zr': 6.0, 'As': 2.0, 'Co': 1.0}",0.0,-0.7291378061111118
mp-2914,"{'La': 1.0, 'Ir': 1.0, 'Si': 3.0}",0.0,-0.8567899115000003
mp-29152,"{'Zr': 2.0, 'P': 1.0, 'Co': 1.0}",0.0,-0.93354077202381
mp-29154,"{'Hf': 2.0, 'P': 1.0, 'Co': 1.0}",0.0,-0.9287417395238098
mp-29196,"{'Au': 1.0, 'C': 1.0, 'N': 1.0}",0.2504354896233325,0.250435489623334
mp-29208,"{'Ca': 1.0, 'Mg': 2.0, 'Bi': 2.0}",0.0,-0.5387954700000002
mp-29212,"{'I': 6.0, 'Tl': 4.0, 'Pb': 1.0}",0.015884869545454983,-0.6640796277272727
mp-29238,"{'Tl': 1.0, 'Se': 1.0, 'Ag': 1.0}",0.0,-0.2454021520312501
mp-29239,"{'Ru': 1.0, 'Lu': 1.0, 'B': 2.0}",0.0,-0.6681141270833333
mp-29240,"{'La': 1.0, 'Ru': 3.0, 'Si': 2.0}",0.08114949583333253,-0.6660915304166674
mp-29243,"{'Ba': 3.0, 'O': 1.0, 'Sn': 1.0}",0.0,-1.534559016250001
mp-29246,"{'P': 3.0, 'Cl': 1.0, 'Cd': 2.0}",0.009067961458332885,-0.4593433637576194
mp-29257,"{'La': 1.0, 'Tl': 1.0, 'O': 3.0}",0.1558866817500002,-2.3505529902499998
mp-2926,"{'Pr': 2.0, 'Ni': 2.0, 'Mg': 1.0}",0.0,-0.2896120869999997
mp-2927,"{'Li': 1.0, 'Sn': 1.0, 'Ag': 2.0}",0.0,-0.2304860024999997
mp-29279,"{'F': 10.0, 'Cl': 1.0, 'Cu': 1.0}",0.002192744583333184,-1.092535345846667
mp-2930,"{'Zn': 1.0, 'C': 1.0, 'Mn': 3.0}",0.039738433184783865,-0.02934170657758415
mp-2931,"{'Li': 2.0, 'Ti': 1.0, 'O': 3.0}",0.0,-2.9951096059027784
mp-29312,"{'In': 1.0, 'I': 2.0}",0.0,-0.5262428437499999
mp-29352,"{'Pd': 1.0, 'Ba': 2.0, 'O': 3.0}",0.0,-2.290323673958333
mp-29361,"{'K': 2.0, 'O': 7.0, 'U': 2.0}",0.0,-3.3432121062500006
mp-29362,"{'Cl': 4.0, 'Ga': 1.0, 'Cu': 1.0}",0.0,-1.3005962338399997
mp-29364,"{'Li': 5.0, 'Sb': 1.0, 'O': 5.0}",0.0,-2.210174317840908
mp-29365,"{'Li': 5.0, 'Bi': 1.0, 'O': 5.0}",0.0,-1.9609123242045452
mp-2939,"{'Ba': 1.0, 'O': 3.0, 'Tb': 1.0}",0.09111488199999407,-3.1357462420833344
mp-29393,"{'Nb': 2.0, 'U': 1.0, 'O': 7.0}",0.02751266128333185,-3.243921535375
mp-29394,"{'Gd': 2.0, 'C': 1.0, 'Cl': 2.0}",0.0,-1.700623787053999
mp-29395,"{'Na': 1.0, 'I': 4.0, 'Al': 1.0}",0.0,-0.9058311712499996
mp-29396,"{'Pb': 1.0, 'O': 2.0, 'Cu': 2.0}",0.0,-0.9919740714999996
mp-2940,"{'P': 1.0, 'O': 4.0, 'Lu': 1.0}",0.0,-3.5377218721825385
mp-29408,"{'Al': 1.0, 'Br': 7.0, 'Se': 1.0}",0.0,-0.6180976803993059
mp-29415,"{'P': 1.0, 'Cl': 3.0, 'Cd': 3.0}",0.0002088025892854617,-0.9981208682678911
mp-29419,"{'Te': 4.0, 'Hf': 1.0, 'Cl': 6.0}",0.0,-1.2959896895054548
mp-29432,"{'Sc': 1.0, 'Na': 1.0, 'Cl': 4.0}",0.0,-2.4138764896733327
mp-29473,"{'Li': 1.0, 'I': 1.0, 'O': 4.0}",0.03462004645833705,-1.131280449166666
mp-29506,"{'Cs': 1.0, 'Bi': 1.0, 'O': 2.0}",0.0,-1.7013836368749993
mp-29519,"{'Au': 1.0, 'K': 1.0, 'I': 4.0}",0.0005435700000004928,-0.55523503625
mp-29521,"{'Bi': 1.0, 'O': 2.0, 'Rb': 1.0}",0.0,-1.711353243125
mp-29538,"{'Gd': 1.0, 'Ba': 1.0, 'Cl': 5.0}",0.009553746785712748,-2.7955427337571432
mp-29570,"{'Ca': 2.0, 'Si': 3.0, 'Ag': 1.0}",0.0,-0.4609295225000008
mp-29588,"{'N': 4.0, 'Nd': 3.0, 'B': 2.0}",0.0,-1.4666698630948138
mp-2959,"{'S': 4.0, 'Yb': 2.0, 'Cd': 1.0}",0.38048837928571455,-1.4331597580357145
mp-2961,"{'P': 2.0, 'Si': 1.0, 'Mg': 1.0}",0.0,-0.4252238465476186
mp-29635,"{'Pu': 1.0, 'Ga': 1.0}",0.0,-0.32847500593749857
mp-29643,"{'Se': 2.0, 'As': 1.0, 'Cu': 1.0}",0.10646151369791657,-0.028656370546874758
mp-29646,"{'Hf': 1.0, 'As': 2.0}",0.0,-0.7551929200000002
mp-29651,"{'W': 1.0, 'B': 4.0}",0.598579829333338,0.39809813866666705
mp-29661,"{'Si': 5.0, 'Pt': 6.0}",0.000772226363637607,-0.6849239009090908
mp-29662,"{'Se': 2.0, 'Tl': 1.0, 'Bi': 1.0}",0.0,-0.4522854367968749
mp-29671,"{'Tm': 1.0, 'I': 2.0}",0.046895817222222025,-1.143605105
mp-2968,"{'Sr': 1.0, 'Sb': 2.0, 'Mn': 2.0}",0.2040164078362068,-0.2023526805517236
mp-2971,"{'U': 1.0, 'C': 4.0, 'Cr': 4.0}",0.0,-0.17446187444444344
mp-29719,"{'Li': 1.0, 'Ni': 1.0, 'N': 1.0}",0.19444882111111195,-0.18840439079333274
mp-29725,"{'Y': 1.0, 'Rh': 3.0, 'B': 1.0}",0.0,-0.7823125693333338
mp-29736,"{'Al': 1.0, 'Y': 1.0, 'Ge': 1.0}",0.0,-0.6654129466666662
mp-29744,"{'Se': 2.0, 'Mn': 1.0, 'Rb': 1.0}",0.024567857625000574,-0.6836230471417029
mp-29748,"{'Pd': 1.0, 'Te': 1.0, 'I': 1.0}",0.0,-0.3274906275000002
mp-29754,"{'Li': 1.0, 'N': 1.0, 'Sr': 1.0}",0.0,-0.6246062124600004
mp-29772,"{'Y': 1.0, 'Ge': 3.0}",0.0193636341666652,-0.4594713600000002
mp-29775,"{'Pd': 1.0, 'O': 6.0, 'Sr': 4.0}",0.0,-2.59850132659091
mp-29794,"{'Pd': 1.0, 'F': 6.0, 'Ba': 2.0}",0.0,-3.3107518591266665
mp-29798,"{'Tl': 1.0, 'Br': 1.0, 'O': 3.0}",0.00828112600000086,-0.6551961847500003
mp-29816,"{'Hg': 1.0, 'O': 2.0, 'Ag': 2.0}",0.0,-0.4678978464999997
mp-29848,"{'F': 3.0, 'I': 1.0}",0.0956956157750013,-1.6948552102675
mp-29849,"{'P': 7.0, 'Sn': 1.0, 'Ag': 3.0}",0.0,-0.0561544496969701
mp-29862,"{'Br': 2.0, 'Sn': 1.0}",0.0,-0.7819516116666664
mp-29870,"{'F': 6.0, 'Ir': 1.0, 'Cl': 4.0}",0.0,-1.3945409763799999
mp-2988,"{'Li': 2.0, 'Rh': 1.0, 'Ga': 1.0}",0.0,-0.4876160837499999
mp-29881,"{'Br': 2.0, 'Ca': 3.0, 'Si': 1.0}",0.13270168124999948,-1.1259361900000002
mp-29904,"{'Xe': 2.0, 'Sb': 1.0, 'F': 9.0}",0.0,-1.7383096567258336
mp-29910,"{'I': 6.0, 'O': 1.0, 'Sr': 4.0}",0.0,-1.986912905113636
mp-29914,"{'Er': 7.0, 'Te': 2.0, 'Ni': 2.0}",0.0,-0.6757962909090913
mp-29950,"{'Nb': 3.0, 'Cl': 8.0}",0.0,-1.6954930246436364
mp-3,{'Cs': 1.0},0.054847264999999916,0.054847264999999916
mp-300,"{'Yb': 1.0, 'Pt': 3.0}",0.03337625250000187,-0.783490937499999
mp-30009,"{'F': 2.0, 'Kr': 1.0}",0.006768191666666645,-0.37639807746
mp-30019,"{'Te': 3.0, 'Zr': 1.0, 'Cu': 2.0}",0.0,-0.5087142758333337
mp-30033,"{'Br': 2.0, 'Co': 1.0}",0.0,-0.289647145
mp-30037,"{'I': 1.0, 'O': 4.0, 'Ag': 1.0}",0.05011771184028024,-0.5627896366666665
mp-30056,"{'Cs': 1.0, 'Ca': 1.0, 'Br': 3.0}",0.0,-2.0002210180000004
mp-30060,"{'Sn': 5.0, 'Rh': 6.0, 'B': 2.0}",0.0,-0.460284021025642
mp-30068,"{'C': 1.0, 'I': 1.0, 'N': 1.0}",0.4261931562900001,0.4261931562899998
mp-30106,"{'As': 1.0, 'Cl': 5.0}",0.0,-0.9299368560500004
mp-30108,"{'Au': 2.0, 'P': 2.0, 'Pb': 1.0}",0.0,-0.13856433523809528
mp-30110,"{'La': 1.0, 'I': 4.0, 'Sr': 1.0}",0.008021642916665959,-1.5661648345833332
mp-30120,"{'K': 3.0, 'Bi': 1.0, 'O': 4.0}",0.0,-1.6655038012499994
mp-30125,"{'Te': 2.0, 'Se': 1.0, 'Pr': 1.0}",0.0,-1.154223345898438
mp-30146,"{'F': 6.0, 'Ca': 1.0, 'Sn': 2.0}",0.004891727777777355,-3.1360092880155563
mp-30151,"{'Au': 1.0, 'Se': 4.0, 'Cu': 1.0}",0.0,-0.07983424072916694
mp-30152,"{'Te': 1.0, 'Ce': 1.0, 'Sb': 1.0}",0.0,-1.1349413516666662
mp-30159,"{'Au': 1.0, 'F': 6.0, 'Br': 1.0}",0.0,-1.3097565346425002
mp-30160,"{'C': 2.0, 'Si': 1.0, 'N': 4.0}",0.029339543159284887,-0.4107091760028569
mp-30161,"{'C': 1.0, 'Si': 2.0, 'N': 4.0}",0.0,-0.8800974383242856
mp-30212,"{'La': 5.0, 'Br': 1.0, 'Bi': 3.0}",0.0,-1.0925351052777779
mp-30234,"{'W': 1.0, 'Cs': 2.0, 'Cl': 6.0}",0.0,-1.810961032173333
mp-30237,"{'C': 4.0, 'Ba': 1.0, 'O': 4.0}",0.2907774449305549,-1.5051706533333342
mp-30239,"{'S': 6.0, 'B': 2.0, 'Sr': 3.0}",0.0,-1.7620740484280306
mp-30248,"{'S': 2.0, 'Li': 1.0, 'Mo': 1.0}",0.022050719166664123,-1.3128314370312504
mp-30250,"{'Y': 1.0, 'O': 2.0, 'Ag': 1.0}",0.0,-2.626390965625
mp-30282,"{'La': 2.0, 'I': 5.0}",0.0,-1.512902667142857
mp-30283,"{'Br': 6.0, 'Si': 1.0, 'Tb': 4.0}",0.0,-1.6223420456060602
mp-30284,"{'Hg': 1.0, 'As': 1.0, 'O': 3.0}",0.0,-1.3800098587500005
mp-30287,"{'S': 4.0, 'P': 1.0, 'Lu': 1.0}",0.0,-1.4596844898908732
mp-30291,"{'Se': 3.0, 'N': 2.0, 'Tb': 4.0}",0.0,-1.9121280263564344
mp-30294,"{'S': 4.0, 'Sn': 1.0, 'Sr': 2.0}",0.0,-1.7769483023214288
mp-30298,"{'K': 1.0, 'As': 1.0, 'O': 2.0}",0.0,-1.9066451468749996
mp-30299,"{'As': 1.0, 'O': 2.0, 'Rb': 1.0}",0.0,-1.8802470324999996
mp-303,"{'Zn': 5.0, 'Ba': 1.0}",0.0,-0.21447413666666648
mp-30303,"{'Bi': 4.0, 'O': 7.0}",0.0,-1.5883054257954548
mp-30304,"{'Sb': 1.0, 'O': 7.0, 'Bi': 3.0}",0.0,-1.7984245171590914
mp-3033,"{'Ta': 1.0, 'O': 3.0, 'Rb': 1.0}",0.0,-3.0544932117500014
mp-30332,"{'Ba': 1.0, 'Ag': 1.0, 'Bi': 1.0}",0.2800734846153845,-0.29562958666666656
mp-30336,"{'W': 1.0, 'Al': 4.0}",0.00014914960000034228,-0.15354977200000045
mp-3034,"{'Al': 2.0, 'Mg': 1.0, 'Cu': 1.0}",0.0,-0.1836731275000001
mp-30354,"{'Sc': 1.0, 'Ag': 4.0}",0.0,-0.19733864600000006
mp-3038,"{'Se': 4.0, 'Hg': 1.0, 'Al': 2.0}",0.0,-0.6917676520535717
mp-3040,"{'B': 2.0, 'Tb': 1.0, 'Co': 3.0}",0.0,-0.4811317641666666
mp-30409,"{'Au': 1.0, 'Mn': 2.0}",0.2339637659770117,0.17983434908046073
mp-30468,"{'Th': 1.0, 'Bi': 1.0}",0.014006313124999892,-0.5367768250000005
mp-3047,"{'Ge': 1.0, 'O': 3.0, 'Mg': 1.0}",0.15680452549999835,-2.42031550975
mp-30479,"{'Ca': 3.0, 'Pb': 1.0}",0.034091107500000106,-0.38810770250000015
mp-3048,"{'Se': 1.0, 'U': 2.0, 'N': 2.0}",0.0,-1.6400590806707498
mp-30482,"{'Tl': 1.0, 'Ca': 3.0}",0.04591195500000023,-0.17780716499999993
mp-30483,"{'Zn': 1.0, 'Ca': 1.0}",0.0020808549999988823,-0.2473625050000001
mp-30487,"{'Eu': 1.0, 'Cd': 2.0}",0.0,-0.3395219100000002
mp-30496,"{'Cd': 1.0, 'Sr': 1.0}",0.0,-0.33701742999999995
mp-30530,"{'Tl': 1.0, 'Cl': 1.0, 'O': 4.0}",0.0,-0.8124437613766661
mp-3054,"{'C': 1.0, 'Li': 2.0, 'O': 3.0}",0.0,-2.2600029970833333
mp-30577,"{'Cs': 1.0, 'K': 2.0}",0.0,-0.003081562499999949
mp-3061,"{'C': 2.0, 'Ni': 1.0, 'Tb': 1.0}",0.0,-0.3321842835416664
mp-30613,"{'Er': 1.0, 'Sn': 2.0}",0.0,-0.5542059433333328
mp-3062,"{'S': 3.0, 'Sm': 4.0, 'N': 2.0}",0.0,-2.179103938549724
mp-30635,"{'Fe': 3.0, 'Pd': 1.0}",0.09965108833333414,0.06018472499999916
mp-30651,"{'Mg': 1.0, 'Ga': 2.0}",0.008749436666667165,-0.12562827499999982
mp-30656,"{'Ti': 1.0, 'Ni': 1.0, 'Ga': 1.0}",0.0,-0.5459108916666666
mp-30658,"{'V': 1.0, 'Ni': 2.0, 'Ga': 1.0}",0.020918400055556674,-0.28814787124999963
mp-30681,"{'Y': 1.0, 'Ga': 6.0}",0.0,-0.3296528864285716
mp-30682,"{'Zr': 1.0, 'Ga': 1.0}",0.0,-0.63261891375
mp-30728,"{'In': 1.0, 'Ho': 1.0}",0.0,-0.4546172950000002
mp-30758,"{'Li': 2.0, 'Pb': 1.0, 'Mg': 1.0}",0.0,-0.26114248124999984
mp-30760,"{'Li': 3.0, 'Pb': 1.0}",0.0,-0.3254401025
mp-30764,"{'Li': 1.0, 'Pt': 2.0}",0.04606400333333038,-0.4331793816666665
mp-30765,"{'Li': 1.0, 'Pt': 7.0}",0.0,-0.25811165749999976
mp-30791,"{'Al': 2.0, 'Ho': 3.0, 'Ni': 6.0}",0.0,-0.5808080495454546
mp-30814,"{'Zr': 9.0, 'Ni': 11.0}",0.07645611549999831,-0.3798584354999989
mp-3084,"{'Sc': 2.0, 'P': 7.0, 'Ni': 12.0}",0.0,-0.7585093207936502
mp-30844,"{'Sc': 1.0, 'Sn': 1.0, 'Pt': 2.0}",0.0578526101388892,-0.8945111999999993
mp-30878,"{'Tl': 1.0, 'Tb': 1.0}",0.0,-0.3519253683333332
mp-30900,"{'Ta': 1.0, 'Bi': 1.0, 'O': 4.0}",0.006177953333333264,-2.7171966829166663
mp-30902,"{'Er': 2.0, 'Ru': 2.0, 'O': 7.0}",0.03574909125000225,-2.6187627280681816
mp-30913,"{'Er': 1.0, 'Sn': 2.0, 'Co': 1.0}",0.07205854677083323,-0.34421986124999915
mp-30927,"{'F': 13.0, 'Cs': 1.0, 'As': 4.0}",0.0,-2.5924526133594443
mp-30954,"{'I': 3.0, 'Ga': 1.0}",0.0,-0.5000060931249999
mp-30973,"{'Se': 2.0, 'Ni': 3.0, 'Bi': 2.0}",0.0,-0.23147584316964245
mp-3098,"{'Al': 1.0, 'O': 2.0, 'Cu': 1.0}",0.00016164999999990215,-2.4285964518750003
mp-30996,"{'Au': 1.0, 'Br': 4.0, 'Rb': 1.0}",0.0,-0.7692365533333332
mp-31011,"{'Si': 2.0, 'Y': 2.0, 'Rh': 1.0}",0.0017805847500005356,-0.978485770000001
mp-31029,"{'Nd': 2.0, 'Ni': 5.0, 'B': 4.0}",0.0,-0.469041706969697
mp-31031,"{'Pd': 1.0, 'La': 4.0, 'O': 7.0}",0.02525599874999607,-3.3795549873958346
mp-31037,"{'Te': 2.0, 'I': 1.0, 'Cu': 1.0}",0.0,-0.11843850187500005
mp-31038,"{'Se': 2.0, 'Cl': 1.0, 'Cu': 1.0}",0.0,-0.4321748632368752
mp-3104,"{'Zr': 1.0, 'Ba': 1.0, 'N': 2.0}",0.0,-1.4341067399400007
mp-31040,"{'Nb': 1.0, 'Cl': 4.0}",0.0,-1.7253265056079996
mp-31066,"{'U': 1.0, 'Li': 1.0, 'N': 2.0}",0.0,-1.3966546686899999
mp-3107,"{'P': 1.0, 'Ga': 3.0, 'O': 7.0}",0.016344412727268498,-2.444827992895022
mp-31076,"{'Te': 1.0, 'Tl': 2.0, 'Br': 6.0}",0.0,-0.63099974
mp-3109,"{'Te': 1.0, 'U': 1.0, 'Ge': 1.0}",0.0,-0.4973223750000007
mp-31136,"{'Ni': 1.0, 'Lu': 2.0, 'Sn': 6.0}",0.0,-0.3967595355555555
mp-31138,"{'Pd': 3.0, 'Mn': 1.0}",0.0,-0.2343294753448273
mp-31145,"{'Ba': 1.0, 'Bi': 1.0, 'Cu': 1.0}",0.036711217948718566,-0.5389918533333334
mp-31147,"{'Zn': 1.0, 'Si': 1.0, 'Ba': 1.0}",0.0,-0.3710713283333333
mp-31181,"{'Er': 3.0, 'Al': 2.0}",0.0,-0.3263759409999999
mp-31184,"{'Fe': 2.0, 'Al': 1.0}",0.14242536166666664,-0.0977709666666667
mp-31198,"{'Er': 3.0, 'Ru': 2.0}",0.0,-0.31251152600000154
mp-31217,"{'O': 1.0, 'Cu': 8.0}",0.11544477388888995,-0.10107808347222244
mp-31256,"{'U': 1.0, 'Sb': 2.0, 'O': 6.0}",0.0048664286111108615,-2.590704975833333
mp-31258,"{'C': 2.0, 'Pr': 2.0, 'Mo': 1.0}",0.0,-0.15016346150000004
mp-31268,"{'Al': 1.0, 'Br': 6.0, 'Bi': 1.0}",0.01187834343750005,-0.938505214375
mp-31286,"{'K': 3.0, 'Bi': 1.0}",0.0,-0.3803068116666666
mp-31288,"{'La': 5.0, 'I': 1.0, 'Pb': 3.0}",0.0,-0.7652604058333341
mp-31303,"{'Se': 3.0, 'Pr': 4.0, 'N': 2.0}",0.0,-1.7954112328379168
mp-31348,"{'Sc': 2.0, 'In': 1.0}",0.0,-0.3843774616666664
mp-31363,"{'Ta': 1.0, 'K': 2.0, 'Cl': 6.0}",0.00908611717592489,-1.9969365277288893
mp-31387,"{'Pd': 1.0, 'Er': 1.0, 'Ga': 1.0}",0.0,-0.9058002349999996
mp-31405,"{'Al': 1.0, 'Si': 6.0, 'Mg': 4.0}",0.1957033227272724,0.10852668090909066
mp-31408,"{'Al': 4.0, 'O': 15.0, 'B': 6.0}",0.0,-3.0989540011499983
mp-31411,"{'Al': 8.0, 'Th': 1.0, 'Cr': 4.0}",0.007134416307692959,-0.20650267461538452
mp-31412,"{'Au': 1.0, 'Pr': 1.0, 'Sn': 1.0}",0.0,-0.8333128616666668
mp-31413,"{'Au': 1.0, 'Sn': 1.0, 'Tb': 1.0}",0.0,-0.8309387338888884
mp-31414,"{'Au': 1.0, 'Dy': 1.0, 'Sn': 1.0}",0.0,-0.8217174016666671
mp-31416,"{'Ta': 1.0, 'Ho': 3.0, 'O': 7.0}",0.0,-3.895215342159091
mp-31419,"{'La': 1.0, 'Sb': 5.0, 'O': 12.0}",0.0,-2.2012335384722226
mp-31421,"{'Pr': 1.0, 'Sn': 1.0, 'Ag': 1.0}",0.0,-0.6255923666666661
mp-31426,"{'In': 1.0, 'Ho': 1.0, 'Ni': 1.0}",0.0,-0.512748084444444
mp-31441,"{'Ir': 1.0, 'Li': 2.0, 'Ga': 1.0}",0.0,-0.4210777237499999
mp-31443,"{'In': 1.0, 'Ir': 1.0, 'Li': 2.0}",0.0,-0.28134192500000044
mp-31451,"{'Zr': 1.0, 'Bi': 1.0, 'Co': 1.0}",0.0,-0.424373195
mp-31454,"{'Ta': 1.0, 'Ru': 1.0, 'Sb': 1.0}",0.0,-0.3845612616666661
mp-31457,"{'Zr': 1.0, 'Ru': 1.0, 'Sb': 1.0}",0.0,-0.566962885
mp-31460,"{'Nb': 1.0, 'Sb': 1.0, 'Co': 1.0}",0.017820117631578647,-0.2042446249999988
mp-31469,"{'Hf': 5.0, 'Sn': 3.0, 'Cu': 1.0}",0.0,-0.3810086911111104
mp-31474,"{'Hg': 7.0, 'Rb': 2.0}",0.0,-0.2242912577777778
mp-31509,"{'In': 1.0, 'Ba': 1.0}",0.0,-0.4286650050000005
mp-3155,"{'Sc': 3.0, 'Fe': 1.0, 'C': 4.0}",0.0,-0.4344831343750002
mp-3159,"{'Al': 2.0, 'Cd': 1.0, 'Se': 4.0}",0.0,-0.8143036049107144
mp-316,"{'V': 1.0, 'Mn': 1.0}",0.0,-0.28793216068965505
mp-3161,"{'Li': 1.0, 'Al': 1.0, 'Si': 1.0}",0.0,-0.21673430666666665
mp-31623,"{'Ca': 2.0, 'O': 3.0, 'Co': 1.0}",0.18139808583333214,-2.4774618714583343
mp-31625,"{'Re': 1.0, 'O': 6.0, 'Cr': 2.0}",0.04151850444444349,-2.2210544825
mp-31629,"{'Ta': 2.0, 'O': 6.0, 'Cr': 1.0}",0.0,-3.0629689430555564
mp-31851,"{'Fe': 4.0, 'Ca': 1.0, 'O': 6.0}",0.01965593522727005,-2.067862016136365
mp-31898,"{'Fe': 1.0, 'K': 3.0, 'O': 2.0}",0.05185087740384642,-1.3016547908333334
mp-31900,"{'Ta': 1.0, 'Mn': 2.0, 'O': 3.0}",1.0029790729568404,-1.3371829430714353
mp-3194,"{'Al': 3.0, 'Si': 2.0, 'Tb': 2.0}",0.0,-0.5518962190476197
mp-3197,"{'Pd': 1.0, 'Al': 1.0, 'Tb': 1.0}",0.009165303055555185,-0.8753591099999996
mp-31983,"{'Se': 2.0, 'Mn': 1.0, 'O': 6.0}",0.0,-1.4378515763363124
mp-3200,"{'O': 7.0, 'Lu': 2.0, 'Ti': 2.0}",0.021506787727272325,-3.798870140189394
mp-32006,"{'Mg': 1.0, 'O': 4.0, 'Mn': 2.0}",0.0,-2.3427546170969458
mp-32046,"{'K': 2.0, 'O': 7.0, 'Mo': 2.0}",0.0,-2.2204206121590917
mp-3205,"{'C': 1.0, 'Ca': 1.0, 'O': 3.0}",0.16979925200000778,-2.5340093585000005
mp-32096,"{'Tl': 1.0, 'O': 17.0, 'Mo': 6.0}",0.009289092678580245,-2.00339034046875
mp-3228,"{'S': 1.0, 'Hg': 1.0, 'O': 4.0}",0.0,-1.5984284123437504
mp-32308,"{'Ta': 2.0, 'Ni': 1.0, 'O': 6.0}",0.0,-2.8449725186111112
mp-3237,"{'F': 4.0, 'Na': 2.0, 'Cu': 1.0}",0.0,-2.5128182163942863
mp-32500,"{'V': 2.0, 'Mg': 2.0, 'O': 7.0}",0.0,-2.6962293017045456
mp-32535,"{'W': 1.0, 'I': 3.0, 'O': 1.0}",0.037547480500000674,-0.5721609492500008
mp-3263,"{'S': 1.0, 'U': 1.0, 'O': 1.0}",0.0,-2.842307246770833
mp-32686,"{'O': 2.0, 'Co': 1.0}",0.02068371916666667,-1.1170536291666655
mp-3274,"{'Pd': 1.0, 'Ni': 1.0, 'Ge': 1.0}",0.0,-0.4654590733333326
mp-3292,"{'Tb': 1.0, 'Si': 2.0, 'Co': 2.0}",0.0,-0.8228565133333333
mp-3307,"{'S': 1.0, 'Ba': 1.0, 'O': 4.0}",0.13206465416666724,-2.7016591948437507
mp-3319,"{'Mg': 1.0, 'O': 4.0, 'Rh': 2.0}",0.010822720357141158,-1.6624245107142852
mp-3335,"{'Sm': 2.0, 'Ti': 2.0, 'O': 7.0}",0.009799790909063688,-3.7424154360984856
mp-3346,"{'Zr': 1.0, 'Ho': 1.0, 'Sb': 1.0}",0.0,-0.7915114083333327
mp-3378,"{'Hf': 1.0, 'O': 3.0, 'Sr': 1.0}",0.0,-3.83123969725
mp-3379,"{'F': 5.0, 'K': 2.0, 'Sb': 1.0}",0.002918352083332465,-2.94104027199375
mp-3398,"{'Ho': 2.0, 'Pb': 1.0, 'Ni': 2.0}",0.0,-0.5222821579999994
mp-34,{'Si': 1.0},0.3039139799999999,0.3039139799999999
mp-3408,"{'Al': 1.0, 'Ce': 1.0, 'O': 3.0}",0.003793031000046909,-3.6169886447500006
mp-3411,"{'Tl': 1.0, 'Se': 3.0, 'Mo': 3.0}",0.0,-0.4795399215401791
mp-3415,"{'Ru': 2.0, 'Si': 2.0, 'Yb': 1.0}",0.0,-0.8110658979999996
mp-3419,"{'Au': 1.0, 'F': 4.0, 'Rb': 1.0}",0.0,-2.086460595793333
mp-3437,"{'Ce': 1.0, 'Si': 2.0, 'Co': 2.0}",0.0,-0.759851708
mp-3444,"{'Er': 1.0, 'Ta': 1.0, 'O': 4.0}",0.0,-3.7623854675
mp-3447,"{'Th': 1.0, 'Ge': 2.0, 'Cr': 2.0}",0.1057552726666664,-0.2896080420000004
mp-3451,"{'S': 3.0, 'V': 1.0, 'Ba': 1.0}",0.0,-1.7697218434375004
mp-3463,"{'Ca': 1.0, 'Ti': 2.0, 'O': 4.0}",0.012417344464269677,-3.3620603819047616
mp-3472,"{'S': 1.0, 'Pb': 1.0, 'O': 4.0}",0.0,-2.0417201573437502
mp-348,"{'Pd': 1.0, 'Tm': 1.0}",0.0,-0.9536171175000004
mp-3489,"{'Fe': 2.0, 'Si': 2.0, 'Nd': 1.0}",0.0,-0.6235208070000013
mp-3496,"{'S': 3.0, 'N': 2.0, 'O': 2.0}",0.1687114391771427,-0.7543089142067865
mp-3501,"{'Fe': 4.0, 'Er': 1.0, 'Ge': 2.0}",0.025611957857142542,-0.2969674985714284
mp-35078,"{'Mn': 1.0, 'O': 3.0, 'Ba': 1.0}",0.01813676366668027,-2.462459921217861
mp-3515,"{'Co': 2.0, 'Y': 1.0, 'B': 2.0}",0.0,-0.5589682046666666
mp-352,"{'Hf': 1.0, 'O': 2.0}",0.0,-4.039258466666666
mp-3521,"{'F': 4.0, 'Na': 1.0, 'B': 1.0}",0.0,-3.2532320019044447
mp-3526,"{'Er': 1.0, 'In': 1.0, 'Pt': 1.0}",0.0,-1.0091961744444444
mp-3545,"{'Ce': 1.0, 'Si': 2.0, 'Mg': 1.0}",0.0,-0.52697059625
mp-3579,"{'Se': 1.0, 'U': 1.0, 'Ge': 1.0}",0.0,-0.7957444578645827
mp-3601,"{'S': 3.0, 'U': 1.0, 'Ba': 1.0}",0.0,-2.1132426929375
mp-3605,"{'Th': 1.0, 'Ge': 2.0, 'Co': 2.0}",0.0,-0.6131156899999993
mp-3606,"{'Si': 1.0, 'Mn': 1.0, 'N': 2.0}",0.12905495083333207,-0.8190919065348279
mp-361,"{'O': 1.0, 'Cu': 2.0}",0.0,-0.6495685720833334
mp-3611,"{'Hf': 2.0, 'Dy': 2.0, 'O': 7.0}",0.0007984481818166245,-4.033921359431819
mp-3627,"{'S': 8.0, 'Eu': 1.0, 'Mo': 6.0}",0.0018301016666644188,-1.243443358500001
mp-3642,"{'Sc': 1.0, 'O': 2.0, 'Cu': 1.0}",0.0,-2.737268228125
mp-3651,"{'Si': 2.0, 'Rh': 2.0, 'Nd': 1.0}",0.0,-1.092500795
mp-3664,"{'S': 2.0, 'Tl': 1.0, 'Nd': 1.0}",0.0,-1.7859232082812504
mp-3679,"{'S': 1.0, 'Sb': 1.0, 'Ni': 1.0}",0.0,-0.5371282280208339
mp-3682,"{'F': 3.0, 'K': 1.0, 'Cu': 1.0}",0.00413430700000017,-2.377057444714
mp-369,"{'Al': 3.0, 'Tb': 1.0}",0.0022251554166663468,-0.43549193750000015
mp-3707,"{'Ca': 1.0, 'Ge': 2.0, 'O': 5.0}",0.005762026375001561,-2.5243972407812496
mp-3709,"{'Tb': 1.0, 'Ge': 2.0, 'Co': 2.0}",0.0,-0.6134802353333335
mp-3726,"{'Li': 2.0, 'Ga': 1.0, 'Pt': 1.0}",0.0,-0.6643359637499993
mp-3731,"{'Nb': 1.0, 'Li': 1.0, 'O': 3.0}",0.0,-2.91325499575
mp-374,"{'Cr': 1.0, 'B': 2.0}",0.06364532666666811,-0.3404485877777788
mp-376,"{'Pr': 1.0, 'Sn': 3.0}",0.0,-0.4964648974999992
mp-3791,"{'Sc': 1.0, 'Sn': 1.0, 'Co': 2.0}",0.0,-0.3992005299999999
mp-3795,"{'F': 3.0, 'Na': 1.0, 'Zn': 1.0}",0.0,-2.785632413714
mp-3808,"{'K': 2.0, 'O': 4.0, 'U': 1.0}",0.0,-3.0822963828571424
mp-3813,"{'S': 4.0, 'Zr': 1.0, 'Ba': 2.0}",0.000986496964282324,-2.268964728035715
mp-3826,"{'Pd': 2.0, 'Ce': 1.0, 'Si': 2.0}",0.0,-0.9090903379999999
mp-3833,"{'Al': 2.0, 'Si': 2.0, 'Mg': 1.0}",0.038729399999999366,-0.009217753000000072
mp-3861,"{'S': 8.0, 'Al': 1.0, 'Mo': 4.0}",0.02671480358974332,-1.2365937825000002
mp-3862,"{'Al': 2.0, 'Ca': 1.0, 'Ge': 2.0}",0.0,-0.3920484219999999
mp-3871,"{'C': 1.0, 'Sn': 1.0, 'Ti': 2.0}",0.0,-0.7201830080208333
mp-3890,"{'Fe': 15.0, 'Sm': 2.0, 'Cr': 2.0}",0.03955253684210547,0.03955253684210603
mp-3891,"{'Pd': 1.0, 'Eu': 1.0, 'Tl': 2.0}",0.0,-0.4388061612499996
mp-390,"{'Ti': 1.0, 'O': 2.0}",0.0060601741666665996,-3.512433756388889
mp-3915,"{'Hg': 1.0, 'Ba': 1.0, 'O': 2.0}",0.0,-1.970855358125
mp-3923,"{'Th': 2.0, 'Mn': 1.0, 'N': 3.0}",0.0,-1.5353544614198853
mp-3933,"{'P': 1.0, 'Mg': 2.0, 'N': 3.0}",0.0,-1.130977476705873
mp-395,"{'Zr': 1.0, 'Al': 3.0}",0.0,-0.4845405137499999
mp-3950,"{'Er': 1.0, 'In': 1.0, 'Cu': 1.0}",0.0,-0.4196757266666664
mp-3958,"{'Er': 1.0, 'Os': 2.0, 'Si': 2.0}",0.0,-0.7211786479999986
mp-3960,"{'Ca': 1.0, 'O': 4.0, 'U': 1.0}",0.0,-3.7116793049999988
mp-3972,"{'S': 1.0, 'Ce': 2.0, 'O': 2.0}",0.0,-3.467958511312501
mp-3982,"{'K': 1.0, 'O': 2.0, 'Cu': 1.0}",0.0,-1.388226858125
mp-399,"{'Te': 2.0, 'Pt': 1.0}",0.0,-0.4010699600000003
mp-3991,"{'C': 2.0, 'U': 1.0, 'Mo': 1.0}",0.0,-0.2963434018749993
mp-3998,"{'La': 1.0, 'Ta': 1.0, 'O': 4.0}",0.009355977083336242,-3.725765450416666
mp-4002,"{'Zr': 1.0, 'Li': 2.0, 'F': 6.0}",0.0,-3.699977881904444
mp-4004,"{'S': 4.0, 'Sb': 1.0, 'Ag': 5.0}",0.013534364250001651,-0.3656047436249999
mp-4041,"{'Al': 2.0, 'Yb': 1.0, 'Ge': 2.0}",0.0,-0.4343563379999992
mp-4052,"{'Se': 4.0, 'Mn': 3.0, 'Rb': 2.0}",0.0,-0.7174992031681029
mp-4078,"{'S': 1.0, 'La': 2.0, 'O': 6.0}",0.0,-3.2918433862847234
mp-4081,"{'Ta': 1.0, 'Se': 4.0, 'Cu': 3.0}",0.0,-0.5171855980468747
mp-4090,"{'Ce': 1.0, 'Si': 2.0, 'Rh': 2.0}",0.0,-1.0635663860000009
mp-4100,"{'Ir': 1.0, 'Ca': 4.0, 'O': 6.0}",0.022762999090907062,-2.7487477497727277
mp-4105,"{'Ho': 1.0, 'Si': 2.0, 'Cu': 2.0}",0.0,-0.5869449039999999
mp-4122,"{'P': 1.0, 'Ga': 1.0, 'O': 4.0}",0.010556079999998856,-2.59873962968254
mp-4126,"{'K': 1.0, 'O': 3.0, 'U': 1.0}",0.0,-3.3482083517500008
mp-4135,"{'P': 1.0, 'O': 3.0, 'Rb': 1.0}",0.0016187310000006505,-2.696852345869047
mp-4150,"{'Ca': 1.0, 'Sb': 2.0, 'Mn': 2.0}",0.20080687558867005,-0.17710554255172326
mp-4155,"{'Nb': 2.0, 'Ca': 2.0, 'O': 7.0}",0.04155858204545737,-3.272135670795455
mp-4156,"{'Zr': 1.0, 'Li': 2.0, 'O': 3.0}",0.0,-3.0537025272916667
mp-4175,"{'Zn': 1.0, 'P': 2.0, 'Sn': 1.0}",0.0,-0.19156881654761992
mp-4176,"{'La': 1.0, 'Si': 2.0, 'Pt': 2.0}",0.0,-1.0369358215000006
mp-4200,"{'Sc': 1.0, 'P': 1.0, 'O': 4.0}",0.0,-3.3735033580158724
mp-421,"{'Dy': 1.0, 'Ni': 2.0}",0.0,-0.452539556666667
mp-4210,"{'Sm': 2.0, 'O': 4.0, 'Cu': 1.0}",0.006635171964280318,-3.0363236021428577
mp-422,"{'S': 1.0, 'Be': 1.0}",0.0,-1.39765210203125
mp-4236,"{'Zn': 1.0, 'Ba': 1.0, 'O': 2.0}",0.0,-2.3731185197916678
mp-4252,"{'S': 3.0, 'P': 1.0, 'Sn': 1.0}",0.006806571999991462,-0.7442437340565476
mp-4253,"{'V': 1.0, 'C': 2.0, 'Cr': 2.0}",0.08409060647777268,-0.18558737349999888
mp-427,"{'Fe': 1.0, 'As': 1.0}",0.0,-0.1998364837500004
mp-4274,"{'Te': 1.0, 'O': 4.0, 'Sr': 1.0}",0.0,-2.2911679924999993
mp-4276,"{'Pd': 3.0, 'Na': 1.0, 'Si': 2.0}",0.0,-0.625929068333333
mp-4299,"{'Pd': 1.0, 'In': 1.0, 'Ho': 1.0}",0.0,-0.8290212033333333
mp-4300,"{'Yb': 2.0, 'Si': 2.0, 'O': 7.0}",0.0,-3.120836374431818
mp-4305,"{'Er': 1.0, 'Si': 2.0, 'Cu': 2.0}",0.0,-0.5783527900000003
mp-4309,"{'S': 7.0, 'Ba': 1.0, 'Ga': 4.0}",0.0,-1.3585455544531253
mp-4311,"{'Ho': 1.0, 'Sn': 1.0, 'Ag': 1.0}",0.0,-0.5825676466666666
mp-4321,"{'Si': 1.0, 'Mg': 1.0, 'O': 3.0}",0.01758863024999879,-3.2351499132499995
mp-434,"{'Au': 2.0, 'Sr': 1.0}",0.0,-0.7391138249999999
mp-4342,"{'Nb': 1.0, 'K': 1.0, 'O': 3.0}",0.0020652800000018345,-2.87025958275
mp-4344,"{'Ta': 1.0, 'Ho': 1.0, 'O': 4.0}",0.004332463333330594,-3.755503788333333
mp-4353,"{'Al': 4.0, 'Ni': 1.0, 'Tb': 1.0}",0.0,-0.5531756819444441
mp-4366,"{'Na': 2.0, 'C': 2.0, 'Pt': 1.0}",0.05721055199999993,-0.05433232349999954
mp-4383,"{'Fe': 17.0, 'Nd': 2.0, 'N': 3.0}",0.06282465227272738,-0.2487578948699988
mp-4408,"{'Zr': 2.0, 'Sm': 2.0, 'O': 7.0}",0.0,-3.8731068639772728
mp-441,"{'Te': 1.0, 'Rb': 2.0}",0.0,-1.0075053866666666
mp-4437,"{'Te': 2.0, 'Se': 1.0, 'Nd': 1.0}",0.0,-1.143501660898438
mp-4452,"{'S': 4.0, 'Cd': 1.0, 'Ga': 2.0}",0.0,-1.0674103737500005
mp-4469,"{'Tm': 1.0, 'Si': 2.0, 'Ni': 2.0}",0.0,-0.8510702410000001
mp-449,"{'Fe': 5.0, 'Si': 3.0}",0.03265125125000079,-0.3797449293749997
mp-4505,"{'La': 3.0, 'Al': 1.0, 'N': 1.0}",0.0,-0.8467520449760009
mp-451,"{'Zr': 1.0, 'B': 1.0}",0.3673783300000002,-0.3761505133333332
mp-4515,"{'S': 3.0, 'Sb': 1.0, 'Ag': 3.0}",0.002280507499999196,-0.42010619531250015
mp-452,"{'As': 3.0, 'Co': 1.0}",0.0,-0.2986325212500001
mp-4537,"{'Ce': 1.0, 'Si': 2.0, 'Ni': 2.0}",0.0,-0.806165866
mp-4538,"{'S': 2.0, 'Ta': 1.0, 'Sn': 1.0}",0.0,-1.1881441920312508
mp-4558,"{'Li': 4.0, 'Ge': 1.0, 'O': 4.0}",0.0,-2.309556449444444
mp-4559,"{'C': 1.0, 'Ba': 1.0, 'O': 3.0}",0.02184459399999916,-2.6743000165000006
mp-4577,"{'Al': 2.0, 'Y': 3.0, 'Ni': 6.0}",0.0,-0.5549397377272733
mp-4584,"{'Tl': 3.0, 'O': 3.0, 'B': 1.0}",0.0,-1.657803711488096
mp-4590,"{'Mg': 1.0, 'O': 4.0, 'Ga': 2.0}",0.007878335714286422,-2.5460639035714285
mp-4596,"{'Ru': 1.0, 'O': 4.0, 'Sr': 2.0}",0.0,-2.491150528571428
mp-4603,"{'Co': 13.0, 'Nd': 3.0, 'B': 2.0}",0.021439249677264627,-0.14897991351851814
mp-4626,"{'C': 1.0, 'Ca': 1.0, 'O': 3.0}",0.024280725000007664,-2.6795278855000007
mp-463,"{'F': 1.0, 'K': 1.0}",0.0,-2.9560922430949996
mp-4636,"{'Sc': 1.0, 'O': 2.0, 'Cu': 1.0}",0.00030710750000029213,-2.736961120625
mp-4647,"{'Se': 6.0, 'K': 3.0, 'Cu': 8.0}",0.010350222352939031,-0.4609959736213232
mp-4649,"{'Pd': 1.0, 'Se': 2.0, 'O': 5.0}",0.0,-1.0968943073046882
mp-4658,"{'La': 1.0, 'O': 6.0, 'B': 3.0}",0.004292295800018664,-3.207973801
mp-4663,"{'Pd': 2.0, 'Yb': 2.0, 'Cd': 1.0}",0.0,-0.7703290380000002
mp-4673,"{'Hf': 1.0, 'O': 3.0, 'Sr': 1.0}",0.004451785000000541,-3.8267879122499986
mp-4681,"{'Nb': 1.0, 'Na': 1.0, 'O': 3.0}",0.0020371014999973625,-2.84834458525
mp-4682,"{'Zn': 1.0, 'Se': 1.0, 'O': 3.0}",0.06186776974999919,-1.4511997634687503
mp-4690,"{'Ta': 1.0, 'K': 3.0, 'O': 8.0}",0.0,-1.9232016666666667
mp-4691,"{'C': 1.0, 'O': 3.0, 'Ag': 2.0}",0.0,-1.1053453095833337
mp-47,{'C': 1.0},0.16047861624999982,0.16047861624999982
mp-4703,"{'Fe': 4.0, 'Al': 8.0, 'Th': 1.0}",0.0,-0.4018495407692298
mp-4709,"{'Nb': 1.0, 'Pr': 1.0, 'O': 4.0}",0.0,-3.5219986941666668
mp-471,"{'Cd': 1.0, 'As': 2.0}",0.0,-0.08375227166666653
mp-4731,"{'F': 6.0, 'K': 2.0, 'U': 1.0}",0.013621201666667028,-3.6151327946822214
mp-4733,"{'Th': 1.0, 'Ti': 2.0, 'O': 6.0}",0.015777116666667368,-3.792153945648148
mp-4747,"{'Ca': 2.0, 'Sn': 1.0, 'O': 4.0}",0.0,-2.9033214835714283
mp-4748,"{'Nb': 1.0, 'Na': 1.0, 'O': 3.0}",0.0127041069999958,-2.83767757975
mp-4763,"{'Zn': 1.0, 'P': 2.0, 'Si': 1.0}",0.0,-0.3138591840476197
mp-4796,"{'Sc': 1.0, 'Gd': 1.0, 'Ge': 1.0}",0.0,-0.7433977499999997
mp-48,{'C': 1.0},0.0026970362499998397,0.0026970362499998397
mp-480,"{'Er': 1.0, 'Pt': 2.0}",0.02966211000000118,-1.1126726650000005
mp-4805,"{'S': 1.0, 'Gd': 2.0, 'O': 2.0}",0.0,-3.5547963393125004
mp-4808,"{'Nd': 1.0, 'Ag': 1.0, 'Sn': 1.0}",0.0,-0.625943303333333
mp-4809,"{'S': 4.0, 'Hg': 1.0, 'Ga': 2.0}",0.0,-0.9218520551785716
mp-4815,"{'Pr': 1.0, 'Si': 2.0, 'Rh': 2.0}",0.0,-1.0781556759999993
mp-4817,"{'Al': 5.0, 'Ce': 1.0, 'Ni': 2.0}",0.0,-0.57757712125
mp-4820,"{'Zr': 1.0, 'Si': 1.0, 'O': 4.0}",0.0,-3.576595274999999
mp-4828,"{'Hf': 1.0, 'Ni': 2.0, 'Sn': 1.0}",0.04623815342857274,-0.4921798412499996
mp-4852,"{'Se': 4.0, 'Ni': 1.0, 'Rh': 2.0}",0.00950120500000029,-0.3406844806250007
mp-4860,"{'Gd': 2.0, 'O': 4.0, 'Cu': 1.0}",0.02461962303571319,-3.0378140707142864
mp-4867,"{'Al': 4.0, 'Ca': 1.0, 'O': 7.0}",0.0,-3.4797437365624995
mp-4875,"{'Ta': 1.0, 'Gd': 1.0, 'O': 4.0}",0.0,-3.709713035
mp-4901,"{'Y': 2.0, 'Mg': 1.0, 'Cu': 2.0}",0.0,-0.2456792639999996
mp-4906,"{'S': 1.0, 'Te': 2.0, 'O': 7.0}",0.0,-1.72486299878125
mp-4911,"{'Th': 1.0, 'Ge': 2.0, 'Cu': 2.0}",0.0,-0.481643184
mp-4917,"{'La': 1.0, 'As': 1.0, 'O': 4.0}",0.005786054583333034,-2.8536758100000004
mp-4924,"{'Pr': 1.0, 'Ge': 2.0, 'Cu': 2.0}",0.0,-0.5361491479999998
mp-4929,"{'F': 4.0, 'K': 1.0, 'B': 1.0}",0.0,-3.3254012210711106
mp-493,"{'Co': 2.0, 'B': 1.0}",0.02716568833333266,-0.240537365555556
mp-4930,"{'Al': 2.0, 'Ti': 1.0, 'O': 5.0}",0.013201302187518138,-3.4575814672395824
mp-4953,"{'Cd': 1.0, 'As': 2.0, 'Ge': 1.0}",0.0,-0.09188746375
mp-4957,"{'Nb': 1.0, 'Ca': 1.0, 'O': 3.0}",0.059182870562505485,-3.17148273625
mp-4967,"{'S': 1.0, 'Mg': 1.0, 'O': 4.0}",0.0010660004166664905,-2.535104280260416
mp-4973,"{'S': 1.0, 'F': 1.0, 'Ce': 1.0}",0.0,-3.2894352134175
mp-4974,"{'La': 2.0, 'Zr': 2.0, 'O': 7.0}",0.0,-3.92845113625
mp-4985,"{'Dy': 1.0, 'Si': 2.0, 'Mn': 2.0}",0.0,-0.6283330405517233
mp-4992,"{'Sc': 1.0, 'C': 2.0, 'Cr': 1.0}",0.0,-0.34523747562499985
mp-5015,"{'Al': 1.0, 'U': 1.0, 'Rh': 1.0}",0.16933091166666614,-0.5604777083333343
mp-502,"{'S': 5.0, 'As': 4.0}",0.003168662916671394,-0.4971522083680561
mp-5025,"{'S': 1.0, 'Zr': 2.0, 'C': 1.0}",0.0,-1.5066878257031249
mp-5038,"{'S': 2.0, 'Cs': 1.0, 'Ga': 1.0}",0.0,-1.39664178828125
mp-504506,"{'In': 1.0, 'Rb': 1.0, 'O': 8.0, 'Mo': 2.0}",0.0,-2.1550351175
mp-504554,"{'Ta': 4.0, 'Ba': 5.0, 'O': 15.0}",0.0,-3.4581012820312487
mp-504616,"{'Co': 7.0, 'Ce': 2.0, 'B': 3.0}",0.0007664853124973448,-0.40630155458333306
mp-504644,"{'F': 4.0, 'K': 1.0, 'Ce': 1.0}",0.0,-3.9234317207933342
mp-504687,"{'Te': 1.0, 'U': 1.0, 'Sn': 1.0}",0.0,-0.4144485799999996
mp-504701,"{'F': 4.0, 'Cs': 1.0, 'Ti': 1.0}",0.0,-3.5076211631544445
mp-504723,"{'W': 1.0, 'Ni': 1.0, 'O': 6.0, 'Ba': 2.0}",0.0,-2.50927329675
mp-504752,"{'Fe': 3.0, 'O': 5.0, 'B': 1.0}",0.0010321272222224565,-2.1222421169907406
mp-504769,"{'N': 2.0, 'O': 5.0}",0.0,-0.7291607272871425
mp-504777,"{'O': 7.0, 'Ag': 2.0, 'Mo': 2.0}",0.0,-1.5835924007954545
mp-504790,"{'Li': 1.0, 'Y': 1.0, 'Sn': 1.0}",0.0,-0.6768312187499994
mp-504818,"{'P': 1.0, 'O': 5.0, 'Mo': 1.0}",0.012966285714291814,-2.407310700620748
mp-504820,"{'V': 1.0, 'Cl': 3.0, 'O': 1.0}",0.05015633021428556,-1.6128875572060004
mp-504821,"{'Fe': 1.0, 'Tl': 1.0, 'Br': 3.0}",0.06865796400000068,-0.5903500660000006
mp-504825,"{'Se': 1.0, 'Cl': 1.0}",0.022605319121093537,-0.4892882246768751
mp-504835,"{'Nb': 1.0, 'As': 2.0, 'Ni': 1.0}",0.0,-0.4847378743749999
mp-504858,"{'Cu': 2.0, 'O': 3.0, 'Co': 1.0}",0.08595963250000603,-1.0090639447916676
mp-505000,"{'Cl': 4.0, 'O': 1.0, 'Mo': 1.0}",0.017524256287393847,-1.3231346748816672
mp-505061,"{'La': 1.0, 'W': 2.0, 'O': 8.0, 'Cu': 1.0}",0.01878984864582556,-2.397107711041665
mp-505062,"{'W': 2.0, 'Sm': 1.0, 'O': 8.0, 'Cu': 1.0}",0.03129380760415934,-2.3695664570833324
mp-505090,"{'Na': 1.0, 'O': 2.0, 'Cu': 2.0}",0.0,-1.1313122334999997
mp-505131,"{'V': 1.0, 'Li': 1.0, 'O': 4.0, 'Cu': 1.0}",0.04729861642857003,-1.9682581421428569
mp-505162,"{'W': 2.0, 'O': 8.0, 'Lu': 1.0, 'Cu': 1.0}",0.032805783541670415,-2.3984851870833324
mp-505166,"{'Er': 1.0, 'W': 2.0, 'O': 8.0, 'Cu': 1.0}",0.03522880218749158,-2.389591831666666
mp-505190,"{'W': 2.0, 'Tb': 1.0, 'O': 8.0, 'Cu': 1.0}",0.04059669854165904,-2.3760948663888874
mp-505198,"{'Cs': 1.0, 'Se': 3.0, 'Cu': 4.0}",0.0037357221875038422,-0.3668752382226561
mp-505200,"{'P': 2.0, 'O': 7.0, 'Cu': 1.0, 'Co': 1.0}",0.014095171818171437,-2.1474479518127705
mp-505213,"{'Na': 16.0, 'Ba': 6.0, 'N': 1.0}",0.015331410652174028,-0.06670038662521759
mp-505229,"{'Fe': 1.0, 'Al': 3.0, 'Si': 2.0}",0.0,-0.2526081037499998
mp-505236,"{'V': 2.0, 'P': 4.0, 'Hg': 1.0, 'O': 14.0}",0.0,-2.5345704618990914
mp-505249,"{'Th': 1.0, 'Ni': 2.0, 'P': 2.0}",0.0181138660000002,-1.0294862132380949
mp-505296,"{'Ce': 2.0, 'Si': 2.0, 'Mg': 1.0}",0.0,-0.5874289919999995
mp-505302,"{'U': 5.0, 'Ge': 4.0}",0.036384605833333694,-0.1824967722222226
mp-505311,"{'S': 1.0, 'Cu': 1.0, 'Cr': 1.0, 'O': 3.0, 'Sr': 2.0}",0.03477320523437477,-2.3234905253515628
mp-505421,"{'Mn': 2.0, 'O': 4.0, 'Cu': 1.0}",0.03810496946430142,-1.6818767156683734
mp-505424,"{'V': 1.0, 'Cd': 1.0, 'O': 4.0, 'Cu': 1.0}",0.037831284642876106,-1.7507817807142865
mp-505435,"{'Gd': 2.0, 'Br': 3.0, 'N': 1.0}",0.0,-1.9266958033133328
mp-505438,"{'Pd': 1.0, 'Gd': 2.0, 'Ba': 1.0, 'O': 5.0}",0.0,-3.0248829179166656
mp-505467,"{'Pd': 1.0, 'Si': 1.0, 'Y': 1.0}",0.0,-1.0133775441666657
mp-505546,"{'Gd': 1.0, 'Mn': 1.0, 'B': 4.0}",0.0,-0.6117723705076633
mp-505597,"{'P': 2.0, 'Ni': 4.0, 'Tb': 1.0}",0.0,-0.8303662154081631
mp-505618,"{'W': 1.0, 'Ba': 2.0, 'O': 6.0, 'Cu': 1.0}",0.044145946000000436,-2.44617644875
mp-505709,"{'Se': 3.0, 'Cs': 1.0, 'Sm': 1.0, 'Zn': 1.0}",0.0,-1.4176866634635417
mp-505712,"{'Se': 3.0, 'Cs': 1.0, 'Ho': 1.0, 'Zn': 1.0}",0.0,-1.4231564884635417
mp-505814,"{'Nb': 3.0, 'Cs': 1.0, 'Ba': 2.0, 'O': 10.0}",0.0,-3.1483962432812502
mp-505824,"{'Pd': 1.0, 'Cs': 2.0, 'C': 2.0}",0.05218448200000037,0.029562268499999787
mp-506,"{'Pd': 1.0, 'Mg': 1.0}",0.0,-0.7364161175000001
mp-5061,"{'Re': 1.0, 'Li': 5.0, 'O': 6.0}",0.0,-2.322075876875001
mp-5069,"{'La': 1.0, 'Si': 2.0, 'Mn': 2.0}",0.0,-0.5443472860517247
mp-5077,"{'Na': 1.0, 'Li': 2.0, 'Sb': 1.0}",0.0,-0.5768026912500002
mp-510011,"{'La': 3.0, 'Se': 7.0, 'Ge': 1.0, 'Cu': 1.0}",0.0,-1.4195898602213546
mp-510052,"{'In': 4.0, 'Hf': 5.0, 'Rh': 2.0}",0.0,-0.4750295931818184
mp-510065,"{'Se': 3.0, 'Cs': 1.0, 'Hg': 1.0, 'Nd': 1.0}",0.0,-1.2437543634635415
mp-510133,"{'Sc': 1.0, 'Fe': 4.0, 'P': 2.0}",0.0,-0.7083793058843538
mp-510188,"{'Hf': 1.0, 'Ga': 1.0}",0.0,-0.5072591879166678
mp-510283,"{'Se': 3.0, 'Cs': 1.0, 'Ga': 1.0}",0.0,-0.7992672281562498
mp-510311,"{'Zn': 1.0, 'Pb': 1.0, 'Ba': 1.0}",0.013679025769230524,-0.4132876483333335
mp-510346,"{'In': 5.0, 'Br': 1.0, 'Se': 5.0}",0.026051984141412632,-0.5423945629971592
mp-510347,"{'S': 5.0, 'In': 5.0, 'Br': 1.0}",8.922556818102835e-05,-0.8669065841193189
mp-510404,"{'Gd': 1.0, 'Se': 1.0}",0.0,-1.8502899267968742
mp-510408,"{'Mn': 1.0, 'O': 2.0}",0.03494185916666481,-1.7755934999464362
mp-510441,"{'In': 1.0, 'Y': 1.0, 'Pt': 2.0}",0.0,-0.9673512024999996
mp-510456,"{'Zr': 1.0, 'O': 8.0, 'Mo': 2.0}",0.0,-2.5444907681818183
mp-510460,"{'La': 1.0, 'Te': 3.0, 'Cs': 1.0, 'Zn': 1.0}",0.0,-1.1665533479166663
mp-510484,"{'Ca': 1.0, 'Ni': 4.0, 'Sn': 2.0}",0.0,-0.3500288749999996
mp-510488,"{'Sm': 1.0, 'Sb': 1.0, 'O': 1.0, 'Mn': 1.0}",0.0774385741242245,-1.7454775696473277
mp-510490,"{'Sc': 1.0, 'S': 3.0, 'Gd': 1.0}",0.0,-2.395322139437501
mp-510492,"{'C': 1.0, 'Pu': 1.0, 'Rh': 3.0}",0.0,-0.1872054271250008
mp-510493,"{'Ce': 5.0, 'Ge': 3.0}",0.0,-0.5919931199999997
mp-510503,"{'Nd': 5.0, 'Sn': 3.0}",0.0,-0.6904519331249999
mp-510522,"{'Zr': 5.0, 'Sn': 3.0}",0.0,-0.5660335406249999
mp-510546,"{'Mo': 1.0, 'Co': 1.0, 'O': 6.0, 'Sr': 2.0}",0.07151448500000067,-2.4725320402500004
mp-510557,"{'Cs': 1.0, 'N': 3.0}",0.0,-0.4448377180350001
mp-510566,"{'S': 7.0, 'La': 3.0, 'Sn': 1.0, 'Cu': 1.0}",0.0,-1.9341225854947917
mp-510574,"{'Au': 1.0, 'U': 1.0, 'Sb': 2.0}",0.0,-0.27597580625
mp-510581,"{'Ni': 1.0, 'Pr': 1.0, 'Sn': 1.0, 'H': 2.0}",0.0,-0.5966844429479998
mp-510589,"{'Mn': 1.0, 'O': 2.0, 'Cu': 1.0}",0.0,-1.549294728709827
mp-510622,"{'Fe': 1.0, 'Pr': 1.0, 'As': 1.0, 'O': 1.0}",0.13795879916666556,-1.7416253090625
mp-510624,"{'Fe': 1.0, 'O': 3.0, 'Sr': 1.0}",0.0,-2.332712592749999
mp-510632,"{'W': 1.0, 'O': 4.0, 'Cu': 1.0}",0.07274902166668262,-1.7012678233333332
mp-510637,"{'Eu': 1.0, 'Sb': 1.0, 'O': 4.0}",0.0,-2.510425042916667
mp-510696,"{'Au': 7.0, 'Cs': 4.0, 'Sn': 2.0}",0.0,-0.37591252769230776
mp-511,"{'Pr': 1.0, 'Ge': 1.0}",0.0,-0.8361357125
mp-5111,"{'Yb': 1.0, 'Ge': 1.0, 'Cu': 1.0}",0.0,-0.5456710983333329
mp-5122,"{'Na': 3.0, 'P': 2.0, 'Al': 1.0}",0.0,-0.5180819435317462
mp-5141,"{'Na': 2.0, 'Se': 1.0, 'O': 4.0}",0.0,-1.7707222733705354
mp-5149,"{'Nb': 1.0, 'Al': 1.0, 'Co': 2.0}",0.0,-0.4100351050000004
mp-5160,"{'F': 5.0, 'Ag': 1.0, 'B': 1.0}",0.0,-2.442310239659524
mp-5168,"{'Al': 1.0, 'P': 3.0, 'Si': 1.0}",0.01067271950000137,-0.3122022478571431
mp-517,"{'Ta': 1.0, 'Si': 2.0}",6.633333349270742e-07,-0.4787556144444444
mp-5170,"{'Si': 2.0, 'Nd': 1.0, 'Co': 1.0}",0.0,-0.7501661212500004
mp-5190,"{'Zn': 1.0, 'As': 2.0, 'Sn': 1.0}",0.0,-0.18818623125
mp-5219,"{'Ho': 1.0, 'Os': 2.0, 'Si': 2.0}",0.0,-0.7250127379999995
mp-523,"{'S': 1.0, 'Cr': 1.0}",0.08960837312500036,-0.83038558703125
mp-5245,"{'Zn': 1.0, 'C': 2.0, 'N': 2.0}",0.2576368527500001,0.05063602654800122
mp-5246,"{'Nb': 1.0, 'K': 1.0, 'O': 3.0}",8.431600000058381e-05,-2.8722405467500005
mp-5256,"{'C': 2.0, 'K': 1.0, 'Cu': 1.0}",0.2929876956249995,0.2752379606249997
mp-5273,"{'K': 1.0, 'Pr': 1.0, 'Te': 2.0}",0.0,-1.4196030200000005
mp-5279,"{'Te': 1.0, 'Ca': 3.0, 'O': 6.0}",0.0,-2.8297350397500014
mp-5313,"{'Ho': 1.0, 'Co': 3.0, 'B': 2.0}",0.0,-0.5045865847222224
mp-5322,"{'Ir': 1.0, 'Pr': 3.0, 'O': 7.0}",0.0,-2.9862166967045463
mp-5323,"{'Al': 1.0, 'Ce': 1.0, 'O': 3.0}",0.015864089000045208,-3.6049175867500014
mp-5327,"{'Na': 4.0, 'U': 1.0, 'O': 5.0}",0.0,-2.703573636125
mp-5339,"{'Te': 1.0, 'Cs': 1.0, 'Na': 1.0}",0.0,-1.0274721
mp-535,"{'Fe': 4.0, 'N': 1.0}",0.018626552000002402,-0.11462217247600108
mp-537,"{'Er': 1.0, 'Co': 2.0}",0.0,-0.2382943983333341
mp-5370,"{'Er': 1.0, 'Nb': 1.0, 'O': 4.0}",0.0,-3.5933218716666664
mp-5373,"{'Y': 2.0, 'Ti': 2.0, 'O': 7.0}",0.008806482045446984,-3.769488552007576
mp-538,"{'Ca': 1.0, 'Ag': 1.0}",0.0,-0.3403190650000001
mp-5380,"{'Ca': 4.0, 'P': 2.0, 'O': 1.0}",0.0,-1.7816170182057824
mp-5381,"{'P': 1.0, 'N': 2.0, 'U': 2.0}",0.0,-1.5168687185710468
mp-54,{'Co': 1.0},0.0,0.0
mp-540586,"{'Tl': 2.0, 'Sn': 1.0, 'O': 3.0}",0.0,-1.5124819631249988
mp-540612,"{'Mn': 2.0, 'O': 3.0, 'Ba': 1.0}",0.0033236581249997954,-2.2846730697381026
mp-540636,"{'W': 1.0, 'O': 1.0, 'F': 4.0}",0.010736374166659957,-2.682407780168333
mp-540784,"{'Ti': 6.0, 'O': 13.0, 'Rb': 2.0}",0.0,-3.3498128769642865
mp-540793,"{'V': 1.0, 'Cl': 2.0, 'O': 1.0}",0.09271437593750063,-1.8497292369424996
mp-540834,"{'F': 6.0, 'Hg': 2.0, 'Ni': 2.0, 'O': 1.0}",0.0,-1.80258334849
mp-540856,"{'Tm': 8.0, 'Ga': 3.0, 'Co': 1.0}",0.0,-0.4229216916666671
mp-540872,"{'O': 3.0, 'Sb': 1.0, 'Ag': 1.0}",0.005445568999999928,-1.4408740817500003
mp-540884,"{'Y': 1.0, 'Cl': 1.0}",0.05276406916666776,-1.7848084591300002
mp-540921,"{'F': 4.0, 'Cs': 1.0, 'Cu': 1.0}",0.0,-2.251773688293333
mp-540934,"{'S': 4.0, 'C': 4.0, 'Hg': 1.0, 'N': 4.0, 'Co': 1.0}",0.2060881417115823,-0.07127251969785776
mp-540966,"{'Ni': 1.0, 'O': 8.0, 'Cl': 2.0}",0.0,-0.6086835760472721
mp-541001,"{'Li': 1.0, 'I': 4.0, 'In': 1.0}",0.0,-0.75903074375
mp-541004,"{'W': 2.0, 'Yb': 1.0, 'O': 8.0, 'Cu': 1.0}",0.0,-2.2792857658333325
mp-541013,"{'I': 4.0, 'Ti': 1.0}",0.0,-0.7327129233333334
mp-541022,"{'O': 4.0, 'Mn': 1.0, 'Cr': 2.0}",0.0,-2.3336491517627604
mp-541032,"{'As': 5.0, 'I': 1.0, 'Te': 7.0}",0.027799268717949573,-0.006168734230769793
mp-541066,"{'Ru': 5.0, 'Mg': 2.0, 'B': 4.0}",0.0,-0.35985383196969745
mp-541155,"{'S': 4.0, 'V': 1.0}",0.0,-1.0831960507499994
mp-541183,"{'Ta': 2.0, 'Se': 7.0, 'Ni': 1.0}",0.0036074413802111853,-0.6032121120156255
mp-541190,"{'Cs': 2.0, 'Li': 1.0, 'V': 1.0, 'O': 4.0}",0.0,-2.39190699
mp-541196,"{'Fe': 12.0, 'P': 7.0, 'Ce': 2.0}",0.0,-0.7203996803174603
mp-541226,"{'F': 6.0, 'Cs': 1.0, 'Br': 1.0}",0.0,-1.8971154533924999
mp-541259,"{'F': 6.0, 'Br': 5.0, 'Sb': 1.0}",0.0,-1.503526415595
mp-5414,"{'S': 2.0, 'Na': 1.0, 'Sb': 1.0}",0.0,-1.0161291445312504
mp-541435,"{'W': 1.0, 'Sb': 2.0, 'O': 6.0}",0.0,-1.970375969166666
mp-541567,"{'V': 1.0, 'Sb': 1.0, 'O': 4.0}",0.0,-2.244893738333333
mp-541588,"{'V': 1.0, 'Hg': 1.0, 'O': 3.0}",0.0,-1.8021073757500008
mp-541619,"{'Te': 1.0, 'Na': 2.0, 'O': 3.0}",0.0,-1.8703078960416668
mp-541637,"{'Er': 4.0, 'I': 5.0}",0.06635644629629622,-0.9304845388888888
mp-541656,"{'Au': 1.0, 'Cl': 2.0}",0.0,-0.6422472063400001
mp-541753,"{'W': 1.0, 'Cs': 2.0, 'Br': 6.0}",0.0,-1.1219337255555557
mp-541837,"{'Se': 3.0, 'Bi': 2.0}",0.0,-0.39051524315624986
mp-541856,"{'U': 3.0, 'Ge': 5.0, 'Ti': 1.0}",0.0,-0.4001866668518517
mp-5419,"{'Ir': 1.0, 'Li': 1.0, 'Ga': 2.0}",0.0,-0.4934362850000005
mp-541911,"{'Hf': 1.0, 'N': 1.0, 'Cl': 1.0}",0.0,-2.1946588802133338
mp-541913,"{'S': 4.0, 'Fe': 1.0, 'C': 4.0, 'Hg': 1.0, 'N': 4.0}",0.21372905671158016,-0.09822041362642864
mp-541971,"{'Tm': 2.0, 'P': 7.0, 'Ni': 12.0}",0.0,-0.7731376136507931
mp-542020,"{'Sc': 3.0, 'Rh': 5.0, 'B': 2.0}",0.0,-0.8849052553333323
mp-542024,"{'Sc': 2.0, 'Ga': 1.0, 'Rh': 5.0, 'B': 2.0}",0.0,-0.8971641508333335
mp-542096,"{'S': 4.0, 'P': 1.0, 'Cr': 1.0}",0.0,-0.8734802790575399
mp-542112,"{'Zr': 1.0, 'Ca': 1.0, 'O': 3.0}",0.1916851499999908,-3.4962489747499994
mp-542132,"{'Yb': 1.0, 'As': 2.0, 'Cu': 1.0}",0.0,-0.6294312100000004
mp-542155,"{'Tl': 1.0, 'Ni': 1.0, 'O': 3.0}",0.0735467330416677,-0.8700854127499994
mp-542178,"{'Zn': 15.0, 'Ge': 2.0, 'Nd': 2.0}",0.04328764606907853,-0.21181244210526276
mp-542201,"{'Nb': 2.0, 'Ba': 3.0, 'O': 8.0}",0.0,-3.2756488423076924
mp-542220,"{'Cs': 3.0, 'As': 1.0}",0.0,-0.2616185545833334
mp-542302,"{'S': 6.0, 'Pb': 1.0, 'Bi': 3.0, 'Cu': 1.0}",0.004053205909093194,-0.7176840608522729
mp-542441,"{'V': 3.0, 'O': 5.0}",0.027810826562500782,-2.4964349489062494
mp-542468,"{'Ni': 1.0, 'O': 2.0, 'Nd': 1.0}",0.4249788578125005,-2.182736594375
mp-5426,"{'Er': 1.0, 'B': 3.0, 'Mo': 1.0}",0.0,-0.6375676060000004
mp-542680,"{'Au': 1.0, 'In': 2.0, 'Na': 3.0}",0.0,-0.24461845500000004
mp-542757,"{'Eu': 1.0, 'Cl': 1.0, 'O': 1.0}",0.0,-2.88240316317
mp-542772,"{'Cs': 1.0, 'Cl': 2.0, 'Ag': 1.0}",0.009065580000000129,-1.5198494891299998
mp-542776,"{'Al': 4.0, 'Pu': 1.0}",0.3592660866666675,0.14531126262499966
mp-542779,"{'Gd': 1.0, 'Ag': 1.0}",0.0,-0.3155889574999993
mp-542797,"{'Eu': 1.0, 'Tl': 1.0, 'O': 8.0, 'Mo': 2.0}",0.4077260412500001,-1.842043318333333
mp-542804,"{'La': 5.0, 'Pb': 3.0, 'Ni': 1.0}",0.010657079148148618,-0.5505901380555558
mp-542806,"{'Se': 7.0, 'Ce': 3.0, 'Sn': 1.0, 'Cu': 1.0}",0.0072278422916705045,-1.2570960079296871
mp-542808,"{'Gd': 1.0, 'W': 2.0, 'O': 8.0, 'Rb': 1.0}",0.0,-2.659397543333332
mp-542812,"{'Te': 1.0, 'Ga': 1.0}",0.0,-0.36810153083333336
mp-542824,"{'Ce': 3.0, 'Sn': 4.0, 'Ag': 4.0}",0.0,-0.447353316363637
mp-542846,"{'S': 1.0, 'As': 1.0}",0.003376863437504873,-0.4637633507812504
mp-542885,"{'O': 4.0, 'Cr': 1.0, 'Sr': 1.0}",0.0,-2.4731928716666665
mp-542915,"{'Al': 3.0, 'Ti': 1.0}",0.0,-0.3957649166666668
mp-542948,"{'Se': 3.0, 'Cs': 1.0, 'Yb': 1.0, 'Co': 1.0}",0.1053979722453704,-0.9965553842968748
mp-542975,"{'V': 1.0, 'Pb': 1.0, 'Bi': 1.0, 'O': 5.0}",0.01855192937499961,-2.02362246390625
mp-543019,"{'Gd': 1.0, 'Ni': 2.0}",0.0,-0.4070740483333329
mp-5446,"{'Pr': 1.0, 'Li': 2.0, 'O': 3.0}",0.16180052624999686,-2.469529967291667
mp-5448,"{'Pr': 3.0, 'Sb': 1.0, 'O': 7.0}",0.0,-3.2877815544318185
mp-545359,"{'Na': 2.0, 'K': 1.0, 'O': 2.0, 'Cu': 1.0}",0.0,-1.3573032720833336
mp-545369,"{'Te': 1.0, 'Bi': 1.0, 'O': 1.0, 'Cu': 1.0}",0.019292161250000998,-0.7451704915624999
mp-545500,"{'Cl': 1.0, 'Sb': 1.0, 'O': 2.0, 'Ba': 1.0}",0.0,-2.506880532152
mp-545548,"{'Hf': 1.0, 'P': 2.0, 'Ba': 1.0, 'O': 8.0}",0.0,-3.3690037292658728
mp-545712,"{'U': 1.0, 'Li': 1.0, 'O': 3.0}",0.2086661209999896,-3.1461035917500006
mp-545730,"{'C': 1.0, 'O': 1.0, 'Ag': 1.0, 'N': 1.0}",0.830300372373749,0.15959791440499949
mp-545735,"{'Ru': 1.0, 'Nd': 1.0, 'O': 6.0, 'Ba': 2.0}",0.003165773499999247,-2.7721014147500007
mp-545756,"{'S': 1.0, 'Zn': 1.0, 'O': 4.0}",0.0383611779166726,-1.9501756298437487
mp-545820,"{'Sn': 1.0, 'O': 1.0}",0.0009904549999975034,-1.6431101281250005
mp-545825,"{'Na': 1.0, 'I': 1.0, 'O': 3.0}",1.0292194085000004,-0.3084109317500001
mp-546118,"{'Na': 1.0, 'Cl': 1.0, 'O': 4.0}",0.11144254333333324,-1.0101637222099995
mp-546182,"{'Eu': 2.0, 'Ba': 1.0, 'O': 5.0, 'Co': 1.0}",0.0,-2.713728615694445
mp-546292,"{'Yb': 1.0, 'Cl': 1.0, 'O': 1.0}",0.24893307266666745,-2.4940147815033336
mp-546633,"{'K': 1.0, 'Cl': 1.0, 'O': 4.0}",0.039941562916670385,-1.1611299830433328
mp-546643,"{'C': 1.0, 'K': 4.0, 'O': 4.0}",0.19537978277777407,-1.6480936193055546
mp-546757,"{'F': 3.0, 'P': 1.0, 'Sn': 3.0, 'O': 4.0}",0.0,-2.4301829856059314
mp-547017,"{'Li': 1.0, 'Al': 1.0, 'As': 2.0, 'O': 7.0}",0.02113061681817552,-2.230084361704546
mp-547244,"{'Cl': 1.0, 'Bi': 1.0, 'O': 2.0, 'Sr': 1.0}",0.0,-2.425905896152
mp-547864,"{'C': 1.0, 'Cd': 1.0, 'O': 3.0}",3.2119518609999997,1.4328514934999999
mp-548403,"{'C': 1.0, 'Ca': 1.0, 'O': 3.0}",0.31218971700000875,-2.3916188935
mp-549308,"{'Li': 1.0, 'Ge': 1.0, 'O': 4.0, 'B': 1.0}",0.20657306714285628,-2.302990359523809
mp-549490,"{'Nb': 4.0, 'K': 1.0, 'O': 5.0, 'F': 1.0}",0.0,-2.6217345574945443
mp-549565,"{'C': 1.0, 'Li': 4.0, 'O': 4.0}",0.31617454777777443,-1.8808029070833328
mp-549720,"{'Nb': 1.0, 'I': 2.0, 'O': 1.0}",0.0,-1.434969089062499
mp-55,{'Sn': 1.0},0.054982090000000206,0.054982090000000206
mp-550008,"{'Sc': 1.0, 'Bi': 1.0, 'O': 3.0}",0.3568274701249994,-2.4660797067500004
mp-550070,"{'Nb': 1.0, 'Br': 2.0, 'O': 1.0}",0.0,-1.7147657203124993
mp-5504,"{'C': 1.0, 'Ba': 1.0, 'O': 3.0}",0.0,-2.6961446105
mp-550437,"{'Gd': 1.0, 'Cl': 1.0, 'O': 5.0, 'Te': 2.0}",0.1147025432407398,-2.07184114827889
mp-550469,"{'Zn': 1.0, 'Bi': 2.0, 'O': 6.0, 'Ti': 1.0}",0.0722009985000005,-2.1986675014166672
mp-550514,"{'La': 1.0, 'Ta': 1.0, 'N': 2.0, 'O': 1.0}",0.0,-2.235694094701999
mp-550759,"{'Cl': 1.0, 'O': 4.0, 'Rb': 1.0}",0.024082798333334487,-1.184073868043333
mp-550798,"{'C': 1.0, 'Li': 4.0, 'O': 4.0}",0.282374485555553,-1.9146029693055555
mp-550820,"{'Zn': 1.0, 'P': 1.0, 'Sm': 1.0, 'O': 1.0}",0.0,-2.0271928660863097
mp-551267,"{'C': 1.0, 'O': 4.0, 'Rb': 4.0}",0.26185245111110866,-1.5234124993055558
mp-551601,"{'Zn': 1.0, 'V': 2.0, 'O': 6.0}",0.019676274722225,-2.210469661944444
mp-551675,"{'U': 1.0, 'Li': 3.0, 'O': 4.0}",0.0,-2.95553742875
mp-551740,"{'C': 1.0, 'Li': 4.0, 'O': 4.0}",0.14613438111110802,-2.05084307375
mp-551758,"{'O': 4.0, 'Ag': 1.0, 'Cl': 1.0}",0.11660933000000018,-0.4114976563766663
mp-551798,"{'Al': 1.0, 'P': 1.0, 'O': 4.0}",2.6827117383333343,-0.4557711505158728
mp-551873,"{'Ca': 4.0, 'Bi': 2.0, 'O': 1.0}",0.0,-1.6143686330357143
mp-551918,"{'Al': 1.0, 'Bi': 1.0, 'O': 3.0}",0.05258694562499944,-2.5179009927500005
mp-552089,"{'Cu': 3.0, 'O': 5.0, 'Sr': 2.0}",0.012538012500005635,-1.8501224766250004
mp-552234,"{'Br': 1.0, 'Bi': 1.0, 'O': 2.0, 'Sr': 1.0}",0.0,-2.2450971155
mp-5526,"{'La': 1.0, 'Si': 2.0, 'Co': 2.0}",0.0,-0.7299211614999997
mp-552694,"{'S': 1.0, 'Yb': 2.0, 'O': 2.0}",1.4479903422777776,-1.5815871713125005
mp-552738,"{'Tm': 1.0, 'I': 1.0, 'Bi': 2.0, 'O': 4.0}",0.0,-2.30426834125
mp-552941,"{'Na': 4.0, 'C': 1.0, 'O': 4.0}",0.15341523222222175,-1.7244229415277783
mp-552963,"{'S': 2.0, 'Pr': 2.0, 'Ti': 2.0, 'O': 5.0}",0.0,-3.304641144337121
mp-553881,"{'Si': 1.0, 'O': 2.0}",0.3607407691666662,-2.923905921666666
mp-553939,"{'C': 1.0, 'Ca': 1.0, 'O': 3.0}",0.01358397900000785,-2.6902246314999996
mp-553942,"{'S': 1.0, 'Cu': 2.0}",0.2310262383333335,-0.1278309646875003
mp-553946,"{'S': 1.0, 'As': 1.0, 'Co': 1.0}",0.0005537683333329825,-0.6607279846874997
mp-553952,"{'Li': 1.0, 'O': 4.0, 'Co': 2.0}",0.061331011785706664,-1.4990524735714286
mp-553963,"{'F': 1.0, 'Yb': 1.0, 'Se': 1.0, 'O': 3.0}",0.03427379632812677,-2.361243502255625
mp-553981,"{'F': 4.0, 'Mn': 1.0, 'Rb': 1.0}",0.0,-2.9654426478498848
mp-553990,"{'N': 4.0, 'Ba': 4.0, 'O': 1.0, 'B': 2.0}",0.012056027499996349,-1.4732927812821217
mp-553991,"{'Ga': 4.0, 'O': 8.0, 'Ti': 1.0}",0.002640519423075638,-2.5657999574358965
mp-5540,"{'B': 4.0, 'O': 7.0, 'Sr': 1.0}",0.006765521435184496,-3.0327800133680562
mp-554002,"{'Al': 1.0, 'O': 3.0, 'H': 3.0}",0.022764078928571685,-2.1138656378014287
mp-554025,"{'S': 1.0, 'F': 1.0, 'N': 1.0}",0.0924113326275009,-0.8283567236552787
mp-554063,"{'Se': 1.0, 'Sm': 1.0, 'Cl': 1.0, 'O': 3.0}",0.0,-2.470987853017292
mp-554072,"{'C': 1.0, 'K': 2.0, 'O': 3.0}",0.0023250858333359052,-2.13052416375
mp-554097,"{'S': 7.0, 'Sm': 3.0, 'Si': 1.0, 'Cu': 1.0}",0.0,-1.9347768323697918
mp-554134,"{'S': 1.0, 'Sn': 1.0}",0.05022694500000036,-0.7252685695312504
mp-554191,"{'Na': 2.0, 'U': 1.0, 'O': 4.0}",0.0,-3.043776358571428
mp-554238,"{'S': 1.0, 'Cl': 2.0, 'Bi': 1.0, 'Cu': 1.0}",0.03615245600000039,-0.9419289161165004
mp-554244,"{'S': 5.0, 'Pr': 2.0, 'Sn': 1.0}",0.0,-1.850658070039063
mp-554298,"{'As': 2.0, 'O': 7.0, 'Cu': 2.0}",0.006198585984854788,-1.3619694085227272
mp-554304,"{'S': 2.0, 'Pd': 3.0, 'Bi': 2.0}",0.06302260285714212,-0.4964888468750002
mp-554332,"{'F': 6.0, 'Cr': 1.0, 'Sr': 1.0}",0.0,-3.2482866446425
mp-554337,"{'F': 6.0, 'Ir': 1.0, 'Rb': 2.0}",0.0,-2.4943430563488884
mp-554361,"{'Xe': 1.0, 'F': 5.0, 'O': 4.0, 'Tc': 1.0}",0.2401709965909093,-1.1669433341772726
mp-554397,"{'Si': 1.0, 'O': 2.0}",0.6578836687499985,-2.6267630220833333
mp-554412,"{'Ta': 1.0, 'P': 2.0, 'O': 8.0, 'Rb': 1.0}",0.0,-2.9661445705158727
mp-554451,"{'Fe': 1.0, 'F': 4.0, 'Ba': 1.0}",0.002505666666666961,-3.4565380241266666
mp-554553,"{'S': 7.0, 'Ho': 3.0, 'Sn': 1.0, 'Cu': 1.0}",0.01922336687499904,-1.7942630132031254
mp-554593,"{'Ta': 1.0, 'O': 4.0, 'Tb': 1.0}",0.00513809583332403,-3.748332188611111
mp-554609,"{'S': 1.0, 'V': 1.0}",0.08129913312500214,-1.2181723345312498
mp-554620,"{'Fe': 1.0, 'Re': 1.0, 'O': 6.0, 'Sr': 2.0}",0.0,-2.594179053250001
mp-554623,"{'Ta': 2.0, 'Sm': 2.0, 'Cl': 2.0, 'O': 7.0}",0.0,-3.4569313642515387
mp-554635,"{'O': 2.0, 'Co': 1.0}",0.018056029166665155,-1.1196813191666677
mp-554663,"{'Si': 1.0, 'Mg': 2.0, 'O': 4.0}",0.06228620821428521,-3.176777415
mp-554678,"{'Ca': 1.0, 'Ge': 2.0, 'O': 5.0}",0.005988240125001987,-2.524171027031249
mp-554710,"{'F': 6.0, 'C': 4.0, 'S': 8.0, 'As': 1.0, 'N': 4.0, 'Ag': 1.0}",0.16489878707645111,-0.8172889887149998
mp-554762,"{'Xe': 1.0, 'K': 1.0, 'O': 3.0, 'F': 1.0}",0.545705200625,-0.43965888040666695
mp-554769,"{'S': 1.0, 'Br': 1.0, 'Mo': 1.0}",0.016060038888888958,-0.9808398738541678
mp-554775,"{'Ca': 1.0, 'O': 2.0, 'Cu': 1.0}",0.05867799812499985,-2.0861686243750004
mp-554822,"{'Cs': 1.0, 'P': 2.0, 'Sb': 1.0, 'O': 8.0}",0.0,-2.491871672182539
mp-554858,"{'F': 6.0, 'Cs': 2.0, 'Na': 1.0, 'Mn': 1.0}",0.04150479299999521,-2.954647459447931
mp-554921,"{'S': 4.0, 'Hg': 1.0, 'Bi': 2.0}",0.0,-0.6817908708928572
mp-554948,"{'F': 2.0, 'Na': 1.0, 'I': 1.0, 'O': 2.0}",0.0,-1.8394993699799995
mp-554955,"{'F': 6.0, 'Mg': 1.0, 'Cr': 1.0}",0.0,-3.1325286790175
mp-554959,"{'Al': 2.0, 'K': 2.0, 'Sb': 2.0, 'O': 7.0}",0.0,-2.5520612406730767
mp-554962,"{'Cs': 1.0, 'K': 2.0, 'O': 2.0, 'Co': 1.0}",0.0,-1.2906191962499995
mp-554971,"{'Fe': 1.0, 'Zr': 1.0, 'F': 6.0}",0.1354326521875011,-3.4058763696425003
mp-555022,"{'F': 1.0, 'Se': 1.0, 'O': 3.0, 'Lu': 1.0}",0.03769481583333168,-2.8386493972556246
mp-555069,"{'S': 5.0, 'Sn': 1.0, 'Tb': 2.0}",0.01764383531249969,-1.8407411373307292
mp-555081,"{'S': 7.0, 'Er': 3.0, 'Ge': 1.0, 'Cu': 1.0}",0.0,-1.802867701536459
mp-555093,"{'Cu': 1.0, 'O': 7.0, 'B': 4.0}",0.04518676069445604,-2.4662583408680554
mp-555096,"{'S': 2.0, 'Pr': 1.0}",0.0,-2.1845855277083337
mp-555098,"{'Se': 1.0, 'O': 3.0, 'Sr': 1.0}",0.0006799990000008194,-2.3302304144687502
mp-555138,"{'Se': 1.0, 'O': 4.0, 'Co': 1.0}",0.0064102641666670115,-1.2570112172656251
mp-555140,"{'Cs': 2.0, 'Li': 3.0, 'Ga': 1.0, 'O': 4.0}",0.0,-2.0235873945
mp-555153,"{'S': 1.0, 'Pb': 2.0, 'O': 5.0}",0.0026076087500008787,-1.9351581181640618
mp-555201,"{'F': 3.0, 'Na': 1.0, 'Co': 1.0}",0.0,-2.640808915714
mp-555202,"{'Te': 1.0, 'K': 1.0, 'F': 4.0, 'O': 1.0, 'H': 1.0}",0.0022501103906247266,-2.4120551893287496
mp-555223,"{'F': 5.0, 'Cs': 2.0, 'Mn': 1.0}",0.0,-3.0057480729111634
mp-555229,"{'C': 1.0, 'N': 1.0, 'O': 2.0, 'H': 5.0}",0.04002717159721847,-1.0082541246366659
mp-555257,"{'P': 1.0, 'Mg': 2.0, 'O': 6.0, 'Bi': 1.0}",0.0008400350000004053,-2.734202849059524
mp-555293,"{'S': 2.0, 'Nb': 1.0}",0.00430306166666572,-1.449688562708334
mp-555296,"{'Ta': 1.0, 'Yb': 1.0, 'O': 4.0}",0.004172156666665927,-3.2226465641666664
mp-555307,"{'F': 6.0, 'Ba': 2.0, 'Co': 1.0}",0.05010533444444487,-3.5344409280155564
mp-555320,"{'C': 1.0, 'Li': 4.0, 'O': 4.0}",0.13534818555555272,-2.061629269305556
mp-555358,"{'S': 5.0, 'U': 1.0, 'Ba': 2.0, 'Cu': 2.0}",0.0,-1.6983514865312508
mp-555425,"{'S': 4.0, 'K': 2.0, 'Th': 1.0, 'Cu': 2.0}",0.010681575277777357,-1.5253570484722223
mp-555458,"{'S': 4.0, 'Fe': 2.0, 'I': 5.0, 'Ba': 4.0}",0.026679840749999958,-1.6188844984166673
mp-555474,"{'Cl': 2.0, 'O': 4.0, 'Sr': 1.0}",0.16419955452381085,-1.4299944180742858
mp-555480,"{'F': 7.0, 'K': 3.0, 'Co': 2.0}",0.0,-2.7155109702775
mp-555510,"{'Ru': 1.0, 'Yb': 1.0, 'O': 6.0, 'Sr': 2.0}",0.0,-2.682911746750001
mp-555513,"{'S': 2.0, 'F': 5.0, 'C': 1.0, 'N': 1.0}",0.2446578400133319,-1.371267797800556
mp-555520,"{'Fe': 1.0, 'W': 1.0, 'O': 6.0, 'Sr': 2.0}",0.08137065399999878,-2.63160764875
mp-555565,"{'Pb': 2.0, 'O': 6.0, 'Ag': 5.0}",0.00015152153846109684,-0.8201673828846153
mp-555616,"{'Nb': 2.0, 'Ca': 1.0, 'Bi': 2.0, 'O': 9.0}",0.627027394821428,-2.0575967522321426
mp-555649,"{'F': 5.0, 'Mo': 1.0}",0.0,-2.7119658701583327
mp-555656,"{'S': 2.0, 'F': 6.0, 'C': 2.0, 'O': 6.0, 'Cu': 1.0}",0.17840240499999904,-1.7777988294273532
mp-555692,"{'C': 1.0, 'O': 3.0, 'Rb': 2.0}",0.0013703208333328831,-2.1003886362499995
mp-555726,"{'Na': 1.0, 'Cl': 1.0, 'O': 3.0}",0.0416688109999992,-1.1782566259020002
mp-555735,"{'Ir': 1.0, 'Ca': 1.0, 'O': 3.0}",0.025922676500000463,-2.08347389225
mp-555750,"{'S': 5.0, 'Nd': 2.0, 'Sn': 1.0}",0.0,-1.8488953456640635
mp-555763,"{'S': 1.0, 'Zn': 1.0}",0.0025172166666669327,-1.1381157903645835
mp-555818,"{'S': 4.0, 'Si': 1.0, 'Pb': 1.0, 'Cu': 2.0}",0.009086793749998991,-0.8024772395312496
mp-555821,"{'Na': 4.0, 'As': 2.0, 'O': 8.0, 'Cu': 1.0}",0.01986171966666728,-1.8683908073333328
mp-555838,"{'F': 1.0, 'P': 1.0, 'Sn': 1.0, 'O': 3.0}",0.0,-2.5205993238392077
mp-555844,"{'S': 2.0, 'Cl': 1.0, 'Sb': 1.0, 'Mn': 1.0}",0.003410461500000572,-0.9570140930528616
mp-555860,"{'Eu': 1.0, 'Ti': 1.0, 'O': 3.0, 'Cl': 1.0}",0.0010444070833326435,-3.199404139779445
mp-555874,"{'S': 2.0, 'Li': 1.0, 'As': 1.0}",0.0,-0.9408287907812508
mp-555901,"{'K': 1.0, 'C': 1.0, 'F': 1.0, 'O': 3.0, 'Cu': 1.0}",0.0,-1.9083523119557142
mp-555909,"{'Se': 2.0, 'Cl': 3.0, 'O': 10.0, 'Tb': 5.0}",0.0,-3.0409629376400398
mp-555997,"{'C': 4.0, 'Cl': 2.0, 'O': 4.0, 'Os': 1.0}",0.1204825236363618,-1.050778848320001
mp-556003,"{'Ca': 1.0, 'Ti': 1.0, 'O': 3.0}",0.011067482750000579,-3.5624083705833334
mp-556004,"{'In': 2.0, 'Br': 2.0, 'Ba': 3.0, 'O': 5.0}",0.008479143893230123,-2.4087352471875003
mp-556005,"{'S': 1.0, 'Zn': 1.0}",0.00140878500000019,-1.1392242220312498
mp-556031,"{'P': 2.0, 'Sn': 2.0, 'O': 7.0}",0.011587104545461637,-2.3751907627218616
mp-556058,"{'Na': 2.0, 'Ru': 1.0, 'O': 3.0}",0.0,-1.666735866041667
mp-556063,"{'Pr': 1.0, 'P': 3.0, 'O': 12.0, 'H': 6.0}",0.04346825681820388,-2.319917006409351
mp-556066,"{'Li': 1.0, 'Si': 1.0, 'F': 1.0, 'O': 4.0, 'Sr': 2.0}",0.006398989305553826,-3.3808896140211107
mp-556074,"{'Se': 4.0, 'K': 2.0, 'O': 12.0, 'Cu': 3.0}",0.0016883622619063845,-1.3382957713988095
mp-556084,"{'K': 1.0, 'Cl': 1.0, 'O': 3.0}",0.02067362812500217,-1.285726745902
mp-556120,"{'S': 2.0, 'Tl': 1.0, 'O': 8.0, 'Rb': 1.0}",0.0,-1.966815126510416
mp-556132,"{'Si': 1.0, 'O': 2.0}",0.19125367208333266,-3.09339301875
mp-556135,"{'S': 1.0, 'Gd': 1.0, 'I': 1.0}",0.0,-2.037477656354165
mp-556139,"{'Zr': 1.0, 'P': 2.0, 'Ba': 1.0, 'O': 8.0}",0.0,-3.3055255138492057
mp-556164,"{'Si': 1.0, 'O': 4.0, 'Ag': 4.0}",0.01706203111111026,-1.2974784005555549
mp-556194,"{'F': 1.0, 'Se': 2.0, 'Sb': 1.0, 'Sr': 1.0}",0.015014972000001238,-1.8050300416755
mp-556202,"{'C': 4.0, 'O': 4.0, 'Cu': 1.0}",0.3748197986111101,-0.8175401266666671
mp-556242,"{'F': 3.0, 'Y': 1.0}",0.20031533520833375,-4.248462983809167
mp-556266,"{'W': 2.0, 'Ho': 1.0, 'O': 8.0, 'Cu': 1.0}",0.034570683437500804,-2.3873582829166664
mp-556316,"{'Na': 1.0, 'Ba': 3.0, 'O': 6.0, 'Bi': 1.0}",0.0,-2.4515282056818184
mp-556319,"{'Si': 1.0, 'O': 2.0}",0.1222036333333314,-3.1624430575000004
mp-556421,"{'V': 1.0, 'Nd': 1.0, 'O': 3.0}",0.0,-3.2279914847500013
mp-556456,"{'Zr': 1.0, 'F': 6.0, 'Co': 1.0}",0.07620462093749936,-3.3346975565175003
mp-556472,"{'Li': 1.0, 'Y': 1.0, 'F': 4.0}",0.0006278625000000204,-4.058048531626667
mp-556517,"{'K': 2.0, 'Pb': 1.0, 'O': 2.0}",0.0,-1.562320577
mp-556532,"{'Al': 1.0, 'Ca': 1.0, 'O': 7.0, 'B': 3.0}",0.016206555208270856,-3.148537139479167
mp-556538,"{'Na': 8.0, 'O': 10.0, 'Cu': 5.0}",0.006393851757249713,-1.3870815735869566
mp-556553,"{'Si': 1.0, 'O': 2.0}",0.09483017250000003,-3.1898165183333327
mp-556560,"{'F': 3.0, 'Mn': 1.0}",0.0,-2.7813738756439945
mp-556561,"{'Fe': 1.0, 'La': 1.0, 'O': 3.0}",0.10214533499999943,-2.8380655682500007
mp-556574,"{'Tl': 2.0, 'Ca': 3.0, 'Ba': 2.0, 'O': 12.0, 'Cu': 4.0}",0.02042405597826047,-1.966300105434783
mp-556588,"{'Si': 1.0, 'O': 2.0}",0.3041545741666667,-2.9804921166666665
mp-556592,"{'S': 6.0, 'Tl': 1.0, 'P': 2.0, 'Bi': 1.0}",0.0,-0.7427256515565489
mp-556646,"{'Fe': 1.0, 'F': 4.0, 'Rb': 1.0}",0.016190250833335362,-2.911923049126667
mp-556741,"{'F': 6.0, 'Na': 1.0, 'K': 1.0, 'Th': 1.0}",0.0,-3.9064813141266668
mp-556745,"{'Tl': 1.0, 'C': 1.0, 'O': 2.0}",0.04356014523437235,-1.4218600065624996
mp-556788,"{'Si': 1.0, 'O': 2.0}",0.24191459499999898,-3.0427320958333333
mp-556806,"{'Na': 2.0, 'Si': 2.0, 'Ba': 1.0, 'O': 6.0}",0.01403934954545516,-3.0211251215909103
mp-556834,"{'F': 6.0, 'Ru': 1.0, 'Cl': 1.0, 'O': 2.0}",0.0,-1.61844824429
mp-556845,"{'F': 3.0, 'C': 1.0, 'I': 1.0}",0.1642305415625005,-1.484924933464
mp-556850,"{'F': 4.0, 'Mn': 1.0, 'Ba': 1.0}",0.0035628524999999907,-3.5804124803498842
mp-556853,"{'S': 1.0, 'Mn': 1.0}",0.4754604200000019,-0.4732280377209053
mp-556859,"{'Hg': 1.0, 'O': 1.0}",0.000506393750000278,-0.6461428606249995
mp-556878,"{'P': 1.0, 'Pb': 1.0, 'Bi': 1.0, 'O': 5.0}",0.0,-2.2447380267931556
mp-556896,"{'Au': 1.0, 'O': 6.0, 'Ba': 4.0, 'Ag': 1.0}",0.0,-2.2063909939583337
mp-556900,"{'S': 1.0, 'F': 6.0, 'Hg': 2.0, 'Mn': 2.0}",0.0,-2.243392779171011
mp-556939,"{'I': 1.0, 'O': 1.0, 'Np': 1.0}",0.0,-2.32217839
mp-556958,"{'S': 3.0, 'La': 4.0, 'N': 2.0}",0.0,-2.2508549996608327
mp-556962,"{'S': 7.0, 'Pr': 3.0, 'Ge': 1.0, 'Cu': 1.0}",0.0,-1.852936382369792
mp-556983,"{'La': 1.0, 'Ga': 1.0, 'O': 3.0}",0.0369471550714211,-3.11055188225
mp-556995,"{'Nd': 2.0, 'O': 3.0}",0.02830472316666821,-3.7703451500833336
mp-557,"{'Te': 1.0, 'O': 2.0}",0.011040257083333671,-1.4982860624999994
mp-557023,"{'Nb': 1.0, 'V': 1.0, 'F': 6.0}",0.0,-3.1781066746425006
mp-557043,"{'O': 11.0, 'Ti': 2.0, 'Nd': 2.0, 'Ba': 2.0, 'Cu': 2.0}",0.02016366131578984,-3.0379522887938597
mp-557134,"{'Si': 1.0, 'O': 2.0}",0.08595362750000035,-3.1986930633333324
mp-557146,"{'As': 2.0, 'Ti': 1.0, 'O': 7.0}",0.016101705999998828,-2.1911217335416677
mp-557179,"{'S': 2.0, 'Na': 1.0, 'Sb': 1.0}",0.020456372499999983,-0.9956727720312504
mp-557194,"{'Si': 1.0, 'O': 2.0}",1.259034139444443,-2.02561255138889
mp-557224,"{'Se': 1.0, 'Hg': 1.0, 'O': 3.0}",0.0,-1.0603901709687509
mp-557244,"{'Si': 1.0, 'O': 2.0}",0.17726193749999908,-3.1073847533333327
mp-557250,"{'Hg': 1.0, 'I': 1.0, 'N': 1.0, 'O': 3.0}",0.0,-0.7611847685216672
mp-557251,"{'S': 3.0, 'Tl': 2.0, 'C': 1.0}",0.08496077875000108,-0.4157062718229169
mp-557274,"{'S': 7.0, 'Si': 2.0, 'Ni': 1.0, 'Cu': 4.0}",0.024062389339285062,-0.7557359420312498
mp-557296,"{'Sr': 2.0, 'Sb': 1.0, 'O': 6.0, 'Mn': 1.0}",0.003981236249999576,-2.5836297949839317
mp-557308,"{'S': 1.0, 'Zn': 1.0}",0.0005517710000000342,-1.1400812360312504
mp-557387,"{'Nb': 1.0, 'Tm': 1.0, 'O': 6.0, 'Sr': 2.0}",0.036217199062500434,-3.4700004692500004
mp-557397,"{'F': 6.0, 'K': 2.0, 'Mn': 1.0}",0.0,-2.9080624632754786
mp-557403,"{'Fe': 2.0, 'F': 6.0, 'Li': 1.0}",0.0,-2.8714262119044447
mp-557414,"{'Si': 6.0, 'Ba': 1.0, 'O': 1.0, 'N': 8.0}",0.0,-1.5695177000181264
mp-557438,"{'Sm': 2.0, 'Bi': 2.0, 'O': 12.0, 'Ti': 3.0}",0.039655314013165466,-3.1387220671052636
mp-557448,"{'O': 6.0, 'Ca': 1.0, 'Ba': 2.0, 'U': 1.0}",0.0,-3.564822694750001
mp-557484,"{'S': 4.0, 'Cl': 4.0, 'N': 3.0, 'Bi': 1.0}",0.012761636071666691,-0.6511049688691669
mp-5575,"{'Ta': 1.0, 'Gd': 1.0, 'O': 4.0}",0.005731785000000046,-3.70398125
mp-557515,"{'O': 3.0, 'Bi': 1.0, 'Cr': 1.0}",0.013002142250000405,-1.99133320975
mp-557539,"{'F': 3.0, 'Mo': 1.0}",0.0,-2.8651339546425003
mp-557590,"{'Nb': 1.0, 'Na': 1.0, 'O': 2.0, 'F': 1.0}",0.17571882610000955,-2.758006750238001
mp-557592,"{'S': 6.0, 'P': 2.0, 'Ag': 1.0, 'Cr': 1.0}",0.0,-0.7445917485565481
mp-557632,"{'K': 2.0, 'Li': 1.0, 'O': 3.0, 'B': 1.0}",0.0,-2.3634402686309524
mp-557640,"{'S': 6.0, 'Nb': 3.0, 'Sn': 1.0}",0.0,-1.4257790664374994
mp-557650,"{'P': 6.0, 'N': 8.0, 'O': 6.0, 'Sr': 3.0}",0.0,-1.9005405841352792
mp-557664,"{'F': 6.0, 'Cs': 2.0, 'Tl': 1.0, 'Bi': 1.0}",0.0,-2.744749756714
mp-557685,"{'Nb': 1.0, 'I': 1.0, 'O': 2.0}",0.0,-2.2721873425
mp-557691,"{'La': 2.0, 'O': 3.0}",0.02978891466666589,-3.8648185770833337
mp-557705,"{'F': 3.0, 'Os': 1.0, 'O': 2.0}",0.0231931241666814,-1.852738879761668
mp-557713,"{'La': 1.0, 'Ta': 1.0, 'Ba': 2.0, 'O': 6.0}",6.231449999916094e-05,-3.5238236240000007
mp-557719,"{'S': 1.0, 'Pb': 1.0}",0.058649701250000234,-0.81596828078125
mp-557722,"{'S': 1.0, 'La': 1.0, 'O': 1.0}",0.00032824583333379564,-3.1187446042708324
mp-557739,"{'Bi': 1.0, 'O': 3.0, 'Co': 1.0}",0.03653283074999969,-1.4838458217500006
mp-5578,"{'Ru': 3.0, 'Lu': 1.0, 'B': 2.0}",0.0,-0.48963139305555603
mp-557835,"{'F': 1.0, 'Tl': 1.0}",0.004204142499999897,-1.973619340595
mp-557839,"{'Fe': 2.0, 'F': 2.0, 'Se': 2.0, 'O': 1.0, 'Sr': 2.0}",0.0,-2.342551103424167
mp-557870,"{'La': 1.0, 'F': 3.0}",0.17431745791666664,-4.3417635740175005
mp-557938,"{'F': 6.0, 'V': 1.0, 'Hf': 1.0}",0.0,-3.7938882552675
mp-557993,"{'Bi': 1.0, 'O': 2.0}",0.0,-1.4787626124999995
mp-558016,"{'F': 1.0, 'Ca': 1.0, 'As': 1.0, 'Mg': 1.0, 'O': 4.0}",0.00030570937500140616,-2.907472646398749
mp-558050,"{'F': 6.0, 'Na': 1.0, 'Mn': 1.0, 'Rb': 2.0}",0.0,-3.0070035954479315
mp-558054,"{'Ta': 2.0, 'Li': 2.0, 'O': 7.0, 'Sr': 1.0}",0.0,-3.2290085328125
mp-558116,"{'F': 4.0, 'K': 1.0, 'Mn': 1.0}",0.0,-2.969940395766552
mp-558118,"{'Be': 1.0, 'F': 2.0}",0.0005152752777775049,-3.5740787607933333
mp-558134,"{'F': 1.0, 'Tl': 1.0}",0.0048369262499998724,-1.972986556845
mp-558154,"{'P': 1.0, 'O': 4.0, 'Ag': 3.0}",1.22313607125,-0.2039036191369048
mp-558162,"{'F': 2.0, 'P': 1.0, 'O': 2.0, 'Rb': 1.0}",0.0,-2.903074598412541
mp-558195,"{'Ho': 1.0, 'Cl': 1.0, 'Ba': 2.0, 'O': 6.0, 'B': 2.0}",0.0,-3.3416846374244447
mp-558217,"{'Cs': 1.0, 'O': 6.0, 'Ag': 1.0, 'N': 2.0}",0.0,-1.1536215997260002
mp-558281,"{'F': 4.0, 'Cr': 1.0, 'Sr': 1.0}",0.0,-3.560903310793333
mp-558325,"{'Nb': 5.0, 'K': 2.0, 'Y': 1.0, 'O': 15.0}",0.027586996231883987,-3.0989972942934783
mp-558382,"{'S': 1.0, 'Li': 2.0, 'O': 4.0}",0.05488636357142607,-2.3659780470089284
mp-558392,"{'Ir': 2.0, 'Bi': 2.0, 'O': 7.0}",0.0,-1.4775693671590917
mp-5584,"{'Se': 8.0, 'Ga': 1.0, 'Mo': 4.0}",0.059865854999998185,-0.5770469033653853
mp-558423,"{'Sm': 4.0, 'I': 6.0, 'O': 1.0}",0.2062388171212124,-1.4441376614772719
mp-558446,"{'S': 1.0, 'Hg': 1.0, 'I': 1.0, 'Ag': 1.0}",0.0006270356249999942,-0.3775497585156256
mp-558460,"{'Na': 1.0, 'O': 4.0, 'Ag': 1.0, 'N': 2.0}",0.0907443925100022,-0.980132690595
mp-558494,"{'S': 2.0, 'O': 1.0, 'Nd': 1.0, 'Cr': 1.0}",0.04706896400000282,-2.249926090874999
mp-558507,"{'O': 6.0, 'Mn': 2.0, 'Bi': 1.0, 'Tb': 1.0}",0.7424352863749926,-1.7088147798845292
mp-558523,"{'Au': 1.0, 'F': 3.0, 'P': 1.0, 'Cl': 1.0}",0.0,-2.0458122316542062
mp-558528,"{'La': 2.0, 'Zn': 1.0, 'Ti': 1.0, 'O': 6.0}",0.042758381749999685,-3.4155330204166665
mp-558572,"{'F': 6.0, 'Na': 2.0, 'U': 1.0}",0.012517566111111655,-3.5763206541266666
mp-558610,"{'Sc': 1.0, 'Re': 2.0, 'O': 6.0}",0.0053483907638867114,-2.5383828169444445
mp-558629,"{'Zn': 1.0, 'Si': 2.0, 'Ba': 2.0, 'O': 7.0}",0.0,-3.1592559315625004
mp-558689,"{'Ir': 1.0, 'Pr': 1.0, 'Ba': 2.0, 'O': 6.0}",0.000138682999995865,-2.6832723307499995
mp-558690,"{'Zn': 1.0, 'O': 7.0, 'B': 4.0}",0.05844680739582664,-2.64304285420139
mp-558713,"{'Li': 1.0, 'Al': 1.0, 'Si': 1.0, 'O': 4.0}",0.01937883142857721,-3.2060711069047616
mp-558747,"{'S': 5.0, 'Tl': 1.0, 'P': 1.0, 'Ti': 1.0}",0.0,-1.1339466093843011
mp-558753,"{'F': 1.0, 'Bi': 1.0, 'O': 4.0, 'B': 2.0}",0.0,-2.6357958263987498
mp-558760,"{'S': 3.0, 'Zr': 1.0, 'Sr': 1.0}",0.0,-2.1801109554374998
mp-558831,"{'Pd': 1.0, 'K': 1.0, 'Nd': 1.0, 'O': 3.0}",0.010534775694444498,-2.2953324814583334
mp-558838,"{'F': 6.0, 'Ni': 1.0, 'Pt': 1.0}",0.0,-1.8606281058925
mp-558847,"{'S': 1.0, 'Al': 1.0, 'Br': 3.0, 'N': 1.0}",0.00932653737444422,-0.7924060977404164
mp-558895,"{'F': 6.0, 'Cs': 2.0, 'K': 1.0, 'V': 1.0}",0.0,-3.198067963714
mp-558911,"{'S': 4.0, 'Cs': 2.0, 'Co': 3.0}",0.026896197619041832,-0.9321125912500006
mp-558928,"{'F': 2.0, 'Kr': 1.0}",0.0,-0.3831662691266667
mp-558984,"{'Te': 1.0, 'Ga': 1.0, 'O': 3.0, 'F': 1.0}",0.0,-2.0789255512400007
mp-558990,"{'K': 2.0, 'P': 4.0, 'O': 12.0, 'Sr': 1.0}",0.0,-2.8595351635463664
mp-5590,"{'Y': 1.0, 'Mg': 1.0, 'Ga': 1.0}",0.0,-0.5171457611111118
mp-559033,"{'S': 2.0, 'V': 1.0, 'N': 3.0, 'Cl': 2.0}",0.14054522192000007,-0.7027457277231246
mp-559043,"{'S': 4.0, 'La': 1.0, 'K': 1.0, 'Ge': 1.0}",0.0,-1.6907162476785724
mp-559065,"{'Na': 1.0, 'I': 3.0, 'O': 8.0}",0.0,-1.0326447704166668
mp-559091,"{'Si': 1.0, 'O': 2.0}",0.004229089166665645,-3.280417601666666
mp-559118,"{'Ta': 1.0, 'Cs': 1.0, 'P': 2.0, 'O': 8.0}",0.0,-2.9781770396825387
mp-559119,"{'F': 5.0, 'I': 1.0, 'N': 2.0, 'O': 4.0}",0.049280073972219014,-1.3577844313091667
mp-559161,"{'F': 6.0, 'Cd': 1.0, 'Cr': 1.0}",0.0,-2.6280126408925
mp-559187,"{'F': 4.0, 'Na': 1.0, 'V': 1.0}",0.0,-3.1947854070433337
mp-559212,"{'S': 1.0, 'Re': 1.0, 'O': 3.0, 'Rb': 1.0}",0.07040801645833293,-2.0135283800520845
mp-559264,"{'Pd': 1.0, 'Bi': 2.0, 'O': 4.0}",0.08626953714285701,-1.3385663785714277
mp-559270,"{'O': 1.0, 'Sb': 3.0, 'Ba': 4.0, 'Rb': 1.0}",0.0,-1.3750068218055556
mp-559278,"{'S': 1.0, 'K': 2.0}",0.08723613249999973,-1.199443508854167
mp-559389,"{'Si': 1.0, 'O': 2.0}",0.2521943466666645,-3.0324523441666678
mp-5594,"{'Sc': 2.0, 'Si': 2.0, 'O': 7.0}",0.0,-3.62484574625
mp-559417,"{'La': 1.0, 'Cl': 1.0, 'O': 4.0, 'B': 2.0}",0.0,-3.1548751055116675
mp-559426,"{'Zr': 2.0, 'Pr': 2.0, 'O': 7.0}",0.0,-3.849753550795455
mp-559432,"{'F': 2.0, 'C': 1.0}",0.2463977090972227,-1.585997263154444
mp-559435,"{'F': 3.0, 'Co': 1.0}",0.015692555833333618,-2.1547196100591663
mp-559594,"{'La': 1.0, 'Se': 2.0, 'Ga': 1.0, 'O': 1.0}",0.0057913465000014605,-1.9935742686874995
mp-559605,"{'Si': 1.0, 'O': 2.0}",0.2332258777777767,-3.0514208130555565
mp-559663,"{'F': 6.0, 'Li': 1.0, 'Ni': 1.0, 'Sr': 1.0}",0.0,-2.9506089646822224
mp-559691,"{'Al': 2.0, 'Ca': 2.0, 'Si': 1.0, 'O': 7.0}",0.021269463125002552,-3.459642937395834
mp-5597,"{'Ca': 1.0, 'Fe': 2.0, 'P': 2.0}",0.0,-0.8501445492380946
mp-559702,"{'Ta': 2.0, 'Pr': 2.0, 'Cl': 2.0, 'O': 7.0}",0.0,-3.4442697927130768
mp-559724,"{'S': 9.0, 'Ta': 4.0, 'Br': 8.0}",0.0,-1.113590193169643
mp-559767,"{'Li': 1.0, 'As': 1.0, 'O': 3.0}",0.03803675699999598,-1.9635522617499996
mp-559812,"{'F': 7.0, 'Cr': 1.0, 'Rb': 3.0}",0.0,-2.9620793412118176
mp-559826,"{'S': 2.0, 'Er': 1.0, 'Cu': 1.0}",0.006056006249999689,-1.7016439607812508
mp-559928,"{'Si': 1.0, 'O': 2.0}",0.026003381666665604,-3.2586433091666667
mp-559931,"{'F': 3.0, 'V': 1.0}",0.0,-3.2282272496424995
mp-559982,"{'Al': 1.0, 'Na': 2.0, 'Zn': 1.0, 'F': 7.0}",0.003321420909091266,-3.2546599584845453
mp-56,{'Ba': 1.0},0.018511404999999925,0.018511404999999925
mp-560008,"{'F': 2.0, 'P': 1.0, 'N': 1.0}",0.0,-2.077769441963809
mp-560029,"{'Br': 1.0, 'Y': 3.0, 'O': 4.0}",0.0,-3.6754193962500015
mp-560037,"{'F': 6.0, 'Na': 1.0, 'Bi': 1.0, 'Rb': 2.0}",0.0,-2.9425153202140004
mp-560067,"{'S': 1.0, 'Br': 1.0, 'Hg': 1.0, 'Ag': 1.0}",0.0,-0.458286821640625
mp-560161,"{'Zn': 1.0, 'Cu': 3.0, 'Cl': 2.0, 'O': 6.0, 'H': 6.0}",0.04872407124999878,-1.2209875586522227
mp-560185,"{'Fe': 1.0, 'Ti': 1.0, 'O': 6.0, 'Bi': 2.0}",0.012010155386373178,-2.2346349544166664
mp-560242,"{'F': 3.0, 'Na': 1.0, 'Mn': 1.0}",0.0,-2.9915153176818623
mp-560338,"{'F': 3.0, 'Cr': 1.0}",0.0,-3.037412650892501
mp-560357,"{'Mn': 1.0, 'O': 3.0, 'Cl': 1.0}",0.4397165111666661,-0.8542911548698621
mp-560374,"{'S': 3.0, 'Yb': 1.0, 'Nd': 1.0}",0.21994237000000186,-2.1267231044375
mp-560398,"{'Zn': 1.0, 'K': 2.0, 'Ge': 2.0, 'O': 6.0}",0.0,-2.133212934318182
mp-560458,"{'U': 2.0, 'O': 7.0, 'Rb': 2.0}",0.0,-3.3193238253409096
mp-560490,"{'La': 2.0, 'C': 2.0, 'N': 4.0, 'O': 1.0}",0.0,-1.5459000098077778
mp-560493,"{'S': 6.0, 'V': 1.0, 'Ba': 2.0, 'Cu': 3.0}",0.03912951750000016,-1.3916921478645832
mp-5605,"{'Ce': 1.0, 'Si': 2.0, 'Ag': 2.0}",0.0,-0.39444476199999984
mp-560569,"{'Pd': 1.0, 'K': 1.0, 'Pr': 1.0, 'O': 3.0}",0.006055599111106425,-2.2808678997916667
mp-560600,"{'Pd': 1.0, 'F': 5.0, 'Cs': 1.0, 'Ni': 1.0}",0.0019095256250007966,-2.170175275118749
mp-560620,"{'Zr': 1.0, 'P': 2.0, 'Ba': 1.0, 'O': 8.0}",0.006134337499998921,-3.299391176349206
mp-560791,"{'Cs': 1.0, 'Na': 1.0, 'O': 3.0, 'Ti': 1.0}",0.0,-2.7683105892361115
mp-560842,"{'Cd': 2.0, 'Si': 1.0, 'O': 4.0}",0.1345085721428596,-2.1090723428571434
mp-560848,"{'S': 3.0, 'Pb': 1.0, 'Sb': 1.0, 'Ag': 1.0}",0.015748772499997617,-0.6266113903645838
mp-560861,"{'F': 6.0, 'Cs': 2.0, 'K': 1.0, 'Mn': 1.0}",0.0,-3.012939706947931
mp-560898,"{'Na': 1.0, 'Pr': 1.0, 'Se': 2.0, 'O': 8.0}",0.0,-1.9885382751822915
mp-560904,"{'S': 1.0, 'Cd': 1.0, 'Hg': 2.0, 'O': 6.0}",0.0,-1.46642105815625
mp-560936,"{'F': 6.0, 'Na': 1.0, 'Cr': 1.0, 'Rb': 2.0}",0.0,-3.131466883214
mp-560976,"{'F': 3.0, 'K': 1.0, 'Ni': 1.0}",0.0,-2.535884443714
mp-561024,"{'Eu': 2.0, 'Ca': 1.0, 'O': 6.0, 'Cu': 2.0}",0.03764322272727672,-2.3618290161363635
mp-561034,"{'O': 8.0, 'I': 1.0, 'Ge': 2.0, 'Ag': 9.0}",0.012838132812498236,-0.8483661015000002
mp-561068,"{'As': 1.0, 'Bi': 1.0, 'O': 4.0}",0.004567946250000786,-1.7780579416666669
mp-561072,"{'Dy': 1.0, 'Sb': 1.0, 'O': 6.0, 'Sr': 2.0}",0.0,-3.1303858232500006
mp-561102,"{'In': 1.0, 'Bi': 1.0, 'O': 3.0}",0.04040367337499884,-1.8031620387500005
mp-561122,"{'S': 5.0, 'Gd': 2.0, 'Sn': 1.0}",0.0119179728124994,-1.8409635750390632
mp-561132,"{'S': 6.0, 'K': 2.0, 'Pb': 1.0, 'Ge': 2.0}",0.0,-1.0995928563068178
mp-561149,"{'Ce': 2.0, 'O': 3.0}",0.03816112533331939,-3.736369355416665
mp-561153,"{'Xe': 1.0, 'F': 3.0}",0.0,-0.8503111265174998
mp-561167,"{'Zr': 2.0, 'Nd': 2.0, 'O': 7.0}",0.3672843740909091,-3.4933974248863646
mp-561200,"{'F': 6.0, 'Na': 3.0, 'Mn': 1.0}",0.0,-2.954718436947931
mp-561242,"{'S': 3.0, 'Ta': 1.0, 'Ag': 1.0}",0.00017057599999947828,-1.0636080384375006
mp-561245,"{'Pt': 1.0, 'Si': 2.0, 'O': 14.0, 'Sr': 8.0}",0.0010984701999987578,-3.0868286899000004
mp-561257,"{'C': 2.0, 'Pr': 2.0, 'Li': 1.0, 'N': 4.0, 'F': 3.0}",0.0,-2.0938437983825002
mp-561303,"{'S': 6.0, 'Na': 1.0, 'P': 2.0, 'Sb': 1.0}",0.0071106567500001105,-0.8220469505565482
mp-561400,"{'Zr': 2.0, 'Na': 1.0, 'Ag': 1.0, 'F': 11.0}",0.0,-3.4031724982059997
mp-561419,"{'S': 4.0, 'Fe': 1.0, 'V': 2.0}",0.039626966428571116,-1.1900081880357152
mp-561433,"{'C': 1.0, 'K': 1.0, 'Pu': 1.0, 'O': 5.0}",0.0,-2.6800081439843737
mp-561442,"{'Hf': 2.0, 'Y': 2.0, 'O': 7.0}",5.7707727270539515e-05,-4.014996559886364
mp-561493,"{'Br': 2.0, 'Sb': 2.0, 'O': 3.0, 'Co': 1.0}",0.0,-1.3525867354687504
mp-561518,"{'As': 1.0, 'Mg': 2.0, 'O': 6.0, 'Bi': 1.0}",0.0029394608749999662,-2.32943115175
mp-561551,"{'Si': 2.0, 'Y': 2.0, 'O': 7.0}",0.00998542590909146,-3.672672103977273
mp-561558,"{'W': 1.0, 'Ba': 2.0, 'O': 6.0, 'Cu': 1.0}",0.04522640100000075,-2.4450959937499994
mp-561559,"{'W': 1.0, 'Co': 1.0, 'O': 6.0, 'Sr': 2.0}",0.014943158999999541,-2.6117005952499994
mp-561591,"{'W': 1.0, 'Zn': 1.0, 'O': 4.0}",0.0423008850000004,-2.015164509166665
mp-561597,"{'As': 2.0, 'Mn': 2.0, 'O': 1.0, 'Ba': 2.0}",0.0,-1.2381527922755158
mp-561622,"{'S': 4.0, 'Cs': 2.0, 'As': 1.0, 'Ag': 1.0}",0.0,-0.9781229645312504
mp-561691,"{'S': 2.0, 'V': 1.0, 'K': 1.0, 'O': 8.0}",0.0,-2.3085985140104164
mp-561716,"{'La': 3.0, 'Ni': 2.0, 'O': 6.0}",0.2032819122727272,-2.706924230000001
mp-561825,"{'O': 2.0, 'Mn': 3.0, 'Bi': 2.0, 'Sr': 2.0}",0.17703530033134118,-1.1979450888353247
mp-561827,"{'F': 6.0, 'Cs': 3.0, 'Tl': 1.0}",0.0,-2.673108691714
mp-561834,"{'Cs': 4.0, 'C': 1.0, 'O': 4.0}",0.21454582444444448,-1.5838817359722224
mp-561891,"{'C': 1.0, 'O': 1.0, 'Ag': 1.0, 'N': 1.0}",2.8464374086237503,2.1757349506550003
mp-562100,"{'S': 3.0, 'Nb': 1.0}",0.0,-1.2527744511718757
mp-562260,"{'S': 1.0, 'Ca': 1.0, 'O': 4.0}",0.05682370375000013,-2.7411880227604164
mp-562283,"{'Pb': 3.0, 'Ge': 1.0, 'O': 5.0}",0.09626268419753092,-1.6541292612499996
mp-562302,"{'S': 4.0, 'Eu': 1.0, 'K': 1.0, 'Si': 1.0}",0.6634901226190459,-0.8926870530357139
mp-5627,"{'Fe': 2.0, 'Pr': 1.0, 'Si': 2.0}",0.0,-0.6070442019999988
mp-562815,"{'Cs': 4.0, 'C': 1.0, 'O': 4.0}",0.24509101555555635,-1.5533365448611107
mp-563,"{'C': 3.0, 'N': 4.0}",1.4983270291757143,1.4983270291757145
mp-5639,"{'Si': 1.0, 'Mg': 2.0, 'O': 4.0}",0.0718819196428564,-3.1671817035714285
mp-5641,"{'Tm': 1.0, 'Ge': 6.0, 'Mn': 6.0}",0.0,-0.320396894867373
mp-565201,"{'Fe': 1.0, 'W': 1.0, 'Cl': 1.0, 'O': 4.0}",0.05720369500000011,-1.8866640254657137
mp-565208,"{'U': 1.0, 'Li': 2.0, 'O': 10.0, 'Mo': 2.0}",0.0,-2.606468385166667
mp-565303,"{'Fe': 1.0, 'K': 2.0, 'C': 4.0, 'O': 4.0}",0.574134234431817,-0.8926528968181823
mp-565331,"{'V': 1.0, 'O': 3.0, 'Tb': 1.0}",0.0,-3.301721520583334
mp-565412,"{'Eu': 3.0, 'Cu': 2.0, 'Mn': 2.0, 'O': 12.0, 'Ba': 2.0}",0.009487125396827169,-2.4509166378418388
mp-565430,"{'S': 2.0, 'Fe': 1.0, 'Cs': 1.0, 'O': 8.0}",0.0,-2.1706871298437496
mp-565569,"{'Na': 1.0, 'Al': 1.0, 'O': 8.0, 'Mo': 2.0}",0.00482664232640051,-2.406229885
mp-565580,"{'Li': 2.0, 'Ni': 1.0, 'O': 6.0, 'Mn': 2.0}",0.07569310738636137,-1.8265052129253296
mp-565616,"{'La': 2.0, 'O': 6.0, 'Cr': 1.0}",0.0,-3.0466988352777786
mp-565720,"{'O': 6.0, 'Mn': 2.0, 'Ba': 1.0, 'Tb': 1.0}",0.057155462833332386,-2.7067720743845287
mp-565782,"{'Tl': 1.0, 'O': 8.0, 'Cr': 3.0}",0.0,-1.7939478191666656
mp-565801,"{'Ho': 1.0, 'Cl': 1.0, 'O': 4.0, 'Mo': 1.0}",0.0,-2.7448451204657136
mp-565851,"{'Fe': 2.0, 'P': 4.0, 'O': 14.0, 'Sr': 1.0}",0.0,-2.6936950509467112
mp-565856,"{'La': 2.0, 'V': 1.0, 'Mn': 1.0, 'O': 6.0}",0.0,-3.1758295894839312
mp-565866,"{'Na': 5.0, 'N': 1.0, 'O': 4.0, 'Mo': 1.0}",0.0027555367424261235,-1.6333340288527267
mp-5659,"{'C': 2.0, 'Si': 1.0, 'Ti': 3.0}",0.0,-0.820460242083333
mp-565937,"{'W': 2.0, 'Na': 1.0, 'P': 1.0, 'O': 8.0}",0.025294388851188288,-2.335237101507936
mp-566014,"{'Fe': 1.0, 'P': 1.0, 'O': 4.0}",0.005837487083345749,-2.423501000515875
mp-566048,"{'La': 2.0, 'W': 2.0, 'Mn': 1.0, 'O': 12.0, 'Ba': 2.0}",0.07344692960526268,-2.9456324769652267
mp-566151,"{'W': 1.0, 'Pb': 3.0, 'Cl': 2.0, 'O': 5.0}",0.0,-1.8384546143427267
mp-566172,"{'S': 2.0, 'N': 4.0, 'Mn': 1.0, 'O': 8.0, 'H': 10.0}",0.07403496363664352,-1.2479986058473735
mp-566188,"{'Ce': 1.0, 'Mn': 3.0, 'O': 12.0, 'Ba': 4.0}",0.0,-2.783681842100896
mp-566190,"{'O': 6.0, 'Mn': 2.0, 'Ba': 1.0, 'Tb': 1.0}",0.06556431033333254,-2.698363226884529
mp-5662,"{'Fe': 17.0, 'Ce': 2.0, 'N': 3.0}",0.059351050000003625,-0.2770540039609079
mp-566232,"{'W': 1.0, 'Na': 3.0, 'Li': 1.0, 'O': 5.0}",0.0,-2.2101815511250003
mp-566244,"{'Zr': 1.0, 'O': 8.0, 'Mo': 2.0}",0.02598198545454267,-2.5185087827272734
mp-566276,"{'Bi': 2.0, 'Mn': 2.0, 'O': 1.0, 'Ba': 2.0}",0.049053934085878666,-1.0499657108469458
mp-566298,"{'Fe': 1.0, 'U': 1.0, 'O': 6.0, 'Sr': 2.0}",0.007699708000000527,-3.23154077775
mp-566304,"{'V': 1.0, 'Pb': 1.0, 'Cl': 1.0, 'O': 3.0}",0.000344762916666852,-2.0591415599183343
mp-566321,"{'V': 1.0, 'Ba': 1.0, 'O': 3.0, 'Cl': 1.0}",0.0,-2.777035065751667
mp-566329,"{'Fe': 2.0, 'Ca': 3.0, 'Cl': 2.0, 'O': 5.0}",0.05818441916666828,-2.560737478564167
mp-566406,"{'V': 1.0, 'Mn': 1.0, 'O': 5.0, 'Bi': 1.0}",0.0,-2.1631125279486643
mp-566425,"{'Cl': 2.0, 'Cu': 3.0, 'Ni': 1.0, 'O': 6.0, 'H': 6.0}",0.021968410694444884,-1.153686304763334
mp-566460,"{'V': 2.0, 'O': 7.0, 'Cr': 1.0, 'Rb': 1.0}",0.008292271420454966,-2.3811139367045446
mp-566471,"{'Fe': 1.0, 'Li': 1.0, 'Cl': 1.0, 'O': 4.0, 'Mo': 1.0}",0.0,-2.0567775179075003
mp-566472,"{'Mn': 1.0, 'O': 4.0, 'Rh': 2.0}",0.0011289611904743426,-1.3941640546199008
mp-566504,"{'W': 1.0, 'Ba': 1.0, 'O': 4.0}",0.057086393333333874,-2.6744060633333326
mp-5666,"{'Ho': 1.0, 'Ge': 2.0, 'Mn': 2.0}",0.0,-0.4750395385517223
mp-566636,"{'Ca': 2.0, 'Sb': 1.0, 'O': 6.0, 'Mn': 1.0}",0.014284276875010882,-2.614715290483931
mp-566692,"{'Pb': 3.0, 'Cl': 2.0, 'O': 5.0, 'Mo': 1.0}",0.0,-1.810274860706364
mp-566698,"{'F': 3.0, 'K': 1.0, 'Cr': 1.0}",0.0,-2.948103051714
mp-566713,"{'Sc': 1.0, 'O': 10.0, 'Ag': 1.0, 'Cr': 2.0, 'H': 4.0}",0.0,-1.7867438214988882
mp-566762,"{'Te': 2.0, 'V': 2.0, 'O': 7.0, 'F': 2.0}",0.03015278092838258,-2.137719257779231
mp-566781,"{'Fe': 1.0, 'Li': 1.0, 'O': 8.0, 'Mo': 2.0}",0.01750556722221219,-2.101418293333333
mp-566857,"{'Te': 1.0, 'V': 1.0, 'O': 4.0}",0.022165003333336486,-1.9915910720833332
mp-566869,"{'W': 1.0, 'Na': 3.0, 'K': 1.0, 'O': 5.0}",0.0040405397083329575,-2.133808591124999
mp-566908,"{'U': 1.0, 'Mn': 1.0, 'O': 6.0, 'Sr': 2.0}",0.0026310780000002865,-3.3029330194839304
mp-567019,"{'Te': 1.0, 'Zn': 1.0, 'O': 6.0, 'Mo': 1.0}",0.013145954583333008,-1.8155057691666676
mp-567021,"{'W': 1.0, 'Ca': 2.0, 'Ni': 1.0, 'O': 6.0}",0.1002680499999995,-2.45660754425
mp-567042,"{'Fe': 1.0, 'F': 8.0, 'C': 6.0, 'O': 6.0, 'B': 2.0}",0.31316110690217425,-1.8327666896892751
mp-567084,"{'P': 3.0, 'K': 1.0, 'Ni': 1.0, 'O': 9.0}",0.0,-2.4937263332525523
mp-567114,"{'Pd': 2.0, 'Bi': 2.0, 'Sr': 1.0}",0.0,-0.6047942540000001
mp-567116,"{'Ru': 1.0, 'Yb': 1.0}",0.20099823749999945,0.20099823749999945
mp-567125,"{'O': 6.0, 'Ni': 1.0, 'Bi': 2.0, 'Mn': 1.0}",0.013992935812490614,-1.5759839614839315
mp-567144,{'Sb': 1.0},0.25782267250000057,0.25782267250000057
mp-567172,"{'Cs': 2.0, 'Yb': 1.0, 'Na': 1.0, 'Cl': 6.0}",0.0,-2.2032955534560004
mp-567181,"{'Zr': 1.0, 'Rh': 1.0}",0.002007283749993149,-0.7984303737500005
mp-567191,"{'Al': 1.0, 'Ca': 1.0, 'Si': 1.0}",0.0,-0.38906262
mp-567205,"{'Sm': 2.0, 'Ni': 1.0, 'O': 6.0, 'Mn': 1.0}",0.0,-2.7615536509839314
mp-567219,"{'Li': 4.0, 'Ca': 3.0, 'Si': 2.0, 'N': 6.0}",0.0,-1.1403690549519998
mp-567240,"{'Sb': 2.0, 'Ba': 1.0, 'Mn': 2.0}",0.12196903244827605,-0.3080237265517233
mp-567248,"{'Yb': 4.0, 'Sn': 5.0, 'Mn': 2.0}",0.07698704043103444,-0.42650901297805627
mp-567249,"{'Gd': 1.0, 'Ni': 9.0, 'Mg': 2.0}",0.0,-0.27716365874999954
mp-567259,"{'Cd': 1.0, 'I': 2.0}",0.0017264935555554304,-0.59053792
mp-567278,"{'Si': 6.0, 'N': 8.0, 'Sr': 1.0}",0.0,-1.3159525432693338
mp-567279,"{'Zn': 1.0, 'Cl': 2.0}",0.0046882366666674,-1.5338689455066667
mp-567290,"{'La': 1.0, 'N': 1.0}",0.0,-1.5173812399399995
mp-567325,"{'Tl': 4.0, 'I': 6.0, 'Cr': 1.0}",0.025600317272726603,-0.5525470900000002
mp-567326,"{'Bi': 2.0, 'O': 6.0, 'Mo': 1.0}",0.04551522777778505,-1.8663927158333329
mp-567332,{'Ce': 1.0},0.007206220000000484,0.007206220000000484
mp-567339,"{'Pr': 1.0, 'Os': 2.0}",0.0,-0.06629402083333365
mp-567342,"{'Ir': 1.0, 'Mg': 1.0, 'Nd': 4.0}",0.0,-0.35685993625000023
mp-567359,"{'Cd': 1.0, 'I': 2.0}",0.0012026415555552727,-0.591061772
mp-567365,{'Kr': 1.0},0.0012990099999999965,0.0012990099999999965
mp-567402,"{'Cd': 1.0, 'I': 2.0}",0.0011134679999997843,-0.5911509455555556
mp-567418,"{'Pd': 1.0, 'Ho': 1.0, 'Sb': 1.0}",0.22598861500000034,-0.7262331199999993
mp-567441,"{'Hf': 1.0, 'I': 1.0, 'N': 1.0}",0.0,-1.5390810274599989
mp-567447,"{'Na': 1.0, 'V': 1.0, 'O': 3.0}",0.0010914805000066252,-2.393345353250001
mp-567452,"{'Fe': 1.0, 'K': 1.0, 'O': 8.0, 'Mo': 2.0}",0.0004165095833350563,-2.1210021370833325
mp-567454,"{'Nd': 1.0, 'Ga': 3.0}",0.06385490250000014,-0.5073408275000002
mp-567474,"{'Li': 2.0, 'Cl': 4.0, 'Cr': 1.0}",0.03816059758730184,-1.763246059005714
mp-567483,"{'Cd': 1.0, 'I': 2.0}",0.0011185557777777524,-0.5911458577777776
mp-567492,"{'W': 1.0, 'C': 2.0, 'Ce': 2.0}",0.0,-0.2589258799999996
mp-567504,"{'Cl': 3.0, 'Cr': 1.0}",0.001446474166667322,-1.5603851736949998
mp-567534,"{'Cd': 1.0, 'I': 2.0}",0.0011081510555555065,-0.5911562624999999
mp-567545,"{'Au': 4.0, 'In': 6.0, 'K': 1.0}",0.0,-0.2822642027272728
mp-567556,"{'Se': 3.0, 'Cd': 1.0, 'Sb': 2.0, 'Br': 2.0}",0.0,-0.4972535275976564
mp-567572,"{'Gd': 1.0, 'Br': 1.0, 'C': 1.0}",5.810833333086408e-05,-1.0880585495833326
mp-567573,"{'Br': 6.0, 'U': 1.0, 'Rb': 2.0}",0.011482438333333178,-1.5752467938888892
mp-567580,"{'Pa': 1.0, 'C': 1.0}",0.0,-0.4505275093750001
mp-567583,"{'Cs': 1.0, 'Sb': 1.0, 'Cl': 6.0}",0.0,-1.52989550307
mp-567590,"{'Os': 2.0, 'Lu': 1.0}",0.0,-0.3993794399999994
mp-567597,{'Bi': 1.0},0.045235819999999816,0.045235819999999816
mp-567614,"{'Tb': 2.0, 'I': 1.0, 'Co': 2.0}",0.0,-0.6037269866666662
mp-567650,"{'Fe': 1.0, 'C': 6.0, 'Mn': 2.0, 'N': 6.0}",0.18380337269067049,0.013498129364091938
mp-567655,"{'Cl': 2.0, 'C': 1.0, 'N': 2.0, 'Sr': 2.0}",0.0,-1.86134095429
mp-567678,"{'Fe': 1.0, 'Y': 7.0, 'I': 12.0}",0.0,-1.1980900725
mp-567681,"{'Cs': 1.0, 'Pb': 1.0, 'Br': 3.0}",0.00014193900000014636,-1.331642946
mp-567687,"{'I': 2.0, 'Cr': 1.0}",0.017816690000000083,-0.2846524966666664
mp-567698,"{'Cs': 1.0, 'I': 3.0, 'Ti': 1.0}",0.010655937555555273,-1.0465533963333329
mp-567714,"{'Br': 3.0, 'Ag': 1.0, 'Rb': 2.0}",0.0,-1.3205941908333336
mp-567716,"{'Tl': 1.0, 'Al': 1.0, 'Cl': 4.0}",0.0,-1.8229090405066668
mp-567720,"{'Br': 1.0, 'Hg': 1.0, 'Se': 1.0, 'Cu': 1.0}",0.008256220729166763,-0.2838132633984376
mp-567730,"{'Pr': 2.0, 'Cl': 1.0, 'B': 3.0}",0.3090984653571427,-0.658876140543334
mp-567741,"{'C': 2.0, 'P': 1.0, 'N': 3.0, 'Cl': 4.0}",0.048050234126582936,-0.5176609760775236
mp-567748,"{'Zr': 2.0, 'Al': 3.0, 'C': 4.0}",0.0,-0.455240135
mp-567750,"{'Sc': 1.0, 'Ru': 2.0}",0.0,-0.3949951175
mp-567768,"{'Yb': 1.0, 'Ge': 1.0, 'Cu': 1.0}",0.0009893016666668863,-0.5446817966666663
mp-567771,"{'Si': 6.0, 'Ba': 1.0, 'N': 8.0}",0.0,-1.3259981892693342
mp-567772,{'Na': 1.0},0.011017789999999916,0.011017789999999916
mp-567807,"{'Tm': 1.0, 'Sb': 1.0, 'Zr': 1.0}",0.0,-0.76279349
mp-567808,"{'Tm': 1.0, 'Ge': 2.0, 'Cu': 2.0}",0.0,-0.457608991
mp-567844,"{'Fe': 2.0, 'Gd': 2.0, 'I': 1.0}",0.0,-0.5180257510000004
mp-5679,"{'S': 1.0, 'Cd': 1.0, 'O': 4.0}",0.010633028333332463,-1.949159499010416
mp-567932,"{'La': 1.0, 'Mg': 4.0, 'Cu': 1.0}",0.0,-0.14104762791666658
mp-567933,"{'Fe': 1.0, 'C': 1.0, 'N': 2.0}",0.2038492122175004,0.047942956622501136
mp-568,"{'Sb': 2.0, 'Ti': 1.0}",0.0,-0.3929350338888883
mp-568014,"{'Nb': 3.0, 'Bi': 1.0}",0.04165848875000222,0.04165848875000222
mp-568064,"{'Dy': 2.0, 'Sn': 5.0}",0.0,-0.5122596142857135
mp-568082,"{'La': 3.0, 'Se': 7.0, 'Si': 1.0, 'Cu': 1.0}",0.0,-1.467221465221354
mp-568087,{'Bi': 1.0},0.19504649249999995,0.19504649249999995
mp-568100,"{'Re': 1.0, 'N': 1.0, 'Cl': 4.0}",0.03526717335333629,-0.8693365284033335
mp-568116,"{'C': 3.0, 'N': 6.0, 'Lu': 2.0}",0.04527150454545392,-0.9979850973209092
mp-5682,"{'Th': 1.0, 'Si': 2.0, 'Ni': 2.0}",0.0,-0.8594184260000006
mp-568252,"{'Pd': 1.0, 'Hg': 2.0, 'Cl': 8.0, 'Rb': 2.0}",0.0,-1.3951689535446157
mp-568273,"{'Li': 1.0, 'I': 1.0}",0.03622021249999996,-1.1990458325
mp-5683,"{'U': 1.0, 'Si': 2.0, 'Mn': 2.0}",0.005421832183335695,-0.3893543395517227
mp-568301,"{'Br': 3.0, 'Bi': 1.0}",0.002055485000000079,-0.7768643362500001
mp-568306,"{'Si': 6.0, 'Mg': 5.0}",0.14307817727272765,0.034107374999999766
mp-568322,"{'Sr': 3.0, 'Li': 3.0, 'Ni': 4.0, 'N': 4.0}",0.0,-0.6125309649657149
mp-568333,"{'Br': 6.0, 'K': 2.0, 'Sn': 1.0}",0.01417826499999997,-1.185668372222222
mp-568338,"{'N': 2.0, 'Ge': 1.0, 'Sr': 2.0}",0.005913128999999628,-0.8125024754519998
mp-568342,"{'Cl': 1.0, 'Tb': 1.0}",0.05001366777777694,-1.757209354963333
mp-568345,{'Fe': 1.0},0.7854502933333327,0.7854502933333324
mp-568370,"{'La': 3.0, 'Si': 4.0, 'Ni': 4.0}",0.0004355127272726023,-0.7554015829545458
mp-568373,"{'Ru': 1.0, 'C': 6.0, 'N': 6.0, 'Cd': 2.0}",0.10206169768266626,0.0522314918813341
mp-568405,"{'Nb': 1.0, 'K': 2.0, 'Cl': 6.0}",0.0,-1.9840744382844442
mp-568428,"{'B': 2.0, 'Na': 1.0, 'K': 1.0, 'H': 8.0}",0.009190412083333044,-0.4515873131077779
mp-568474,"{'P': 4.0, 'Ba': 1.0, 'Cu': 2.0}",0.0,-0.4675202374829927
mp-568498,"{'C': 3.0, 'Sm': 2.0, 'N': 6.0}",0.0,-0.9689709573209084
mp-568532,"{'C': 8.0, 'N': 8.0, 'Cu': 1.0, 'B': 2.0}",0.4960624166168399,0.18626253303298168
mp-568588,"{'Se': 2.0, 'Tl': 1.0, 'Nd': 1.0}",0.0,-1.376692540546875
mp-568595,"{'Re': 4.0, 'Si': 7.0}",0.0,-0.35370945272727283
mp-568620,"{'Fe': 1.0, 'Cs': 1.0, 'I': 4.0}",0.0,-0.6984458849999999
mp-568656,"{'C': 1.0, 'Si': 1.0}",7.669833333245891e-05,-0.2048742868749997
mp-568661,"{'In': 2.0, 'Se': 4.0, 'Cd': 1.0}",0.0037998014285709476,-0.5819425491964287
mp-568685,"{'Tm': 1.0, 'Al': 1.0, 'Rh': 1.0}",0.0,-0.951893604166667
mp-568686,"{'Au': 2.0, 'Er': 5.0, 'Bi': 1.0}",0.3625324682291664,-0.30045778125000044
mp-568724,"{'Pd': 1.0, 'Yb': 1.0, 'Ge': 1.0}",0.0,-0.8818050083333328
mp-568730,"{'Te': 7.0, 'As': 2.0, 'Ge': 4.0}",0.007008045384615524,-0.05478776923076914
mp-568742,"{'Hg': 1.0, 'I': 2.0}",0.0016705143749997653,-0.3140528316666667
mp-568753,"{'Tc': 1.0, 'Br': 3.0}",0.00033013187499975066,-0.39043910250000025
mp-568771,"{'B': 6.0, 'Rh': 8.0, 'Sr': 3.0}",0.0,-0.5597073111764705
mp-568806,{'C': 1.0},0.006174732499999891,0.006174732499999891
mp-568848,"{'Ga': 1.0, 'Cl': 2.0}",0.0,-1.4143914617566666
mp-568862,"{'Os': 1.0, 'N': 2.0}",0.2718285267466705,0.2718285267466669
mp-568865,"{'Te': 1.0, 'Zr': 1.0}",0.024372308749997632,-0.87474704125
mp-568895,"{'Au': 1.0, 'Sb': 1.0, 'Ba': 1.0}",0.0,-0.9257557400000002
mp-568924,"{'C': 1.0, 'Pr': 1.0, 'Rh': 2.0, 'B': 2.0}",0.0,-0.5738743170138901
mp-568934,"{'Al': 1.0, 'N': 3.0, 'Ti': 4.0}",0.0,-1.6058080542258324
mp-568948,"{'Te': 3.0, 'U': 1.0}",0.00015612750000038034,-0.5210846025000002
mp-568949,"{'Tl': 1.0, 'Br': 1.0}",0.022587254999999917,-0.863090675
mp-568974,"{'Ca': 1.0, 'Sn': 2.0, 'Cu': 2.0}",0.0,-0.3168311679999995
mp-568977,"{'Mn': 1.0, 'O': 3.0, 'Sr': 1.0}",0.0,-2.5036301212178613
mp-568986,"{'Au': 1.0, 'K': 1.0, 'Cl': 4.0}",0.0002104295833333936,-1.3064455338399998
mp-568992,"{'Zr': 1.0, 'Ir': 1.0}",0.0,-0.8482582112500001
mp-569,"{'Nd': 1.0, 'Co': 5.0}",0.018602386312685404,-0.02884123999999962
mp-569008,"{'Pd': 1.0, 'Cl': 2.0}",0.02892482111111105,-0.8446460555066668
mp-569013,"{'Au': 2.0, 'Ho': 1.0, 'Si': 2.0}",0.0,-0.5365642599999993
mp-569032,"{'Au': 6.0, 'Pr': 1.0}",0.0,-0.4190020992857144
mp-569051,"{'Mg': 1.0, 'H': 2.0}",0.04046912166666639,-0.23883016408000005
mp-569052,"{'Se': 3.0, 'I': 1.0, 'Ag': 1.0}",0.013473510343749771,-0.10000579565625003
mp-569084,"{'Au': 1.0, 'N': 1.0, 'C': 2.0, 'Cl': 1.0, 'H': 3.0}",0.2892856683915461,-0.2326363004999985
mp-569085,"{'Br': 3.0, 'Li': 6.0, 'N': 1.0}",0.02258055550000071,-1.1131738497380002
mp-569095,"{'Bi': 1.0, 'Rb': 3.0}",0.0,-0.3340468300000001
mp-569107,"{'Er': 1.0, 'Te': 3.0, 'Cs': 1.0, 'Zn': 1.0}",0.0,-1.0935167933333332
mp-569120,"{'Nd': 1.0, 'Pt': 3.0}",0.033806572499998744,-0.8407639087499996
mp-569129,"{'Tl': 1.0, 'P': 1.0, 'Se': 3.0, 'Cu': 1.0}",0.0,-0.2452936223127479
mp-569267,"{'Ca': 2.0, 'Sb': 2.0, 'Cd': 1.0}",0.0,-0.7984959905
mp-569275,"{'W': 1.0, 'C': 2.0, 'Nd': 2.0}",0.0,-0.2022768084999996
mp-569294,"{'C': 1.0, 'Nd': 1.0, 'Rh': 2.0, 'B': 2.0}",0.0,-0.5839053561805551
mp-5693,"{'S': 2.0, 'Na': 1.0, 'Cr': 1.0}",0.0015654075000002265,-1.27328586828125
mp-569303,"{'Zn': 1.0, 'C': 8.0, 'N': 8.0, 'B': 2.0}",0.4375913714068425,0.07331758619087593
mp-569320,"{'Sm': 3.0, 'Ge': 5.0}",0.0,-0.7442112693749996
mp-569331,"{'Pd': 2.0, 'Li': 1.0, 'Sn': 6.0}",0.004623910578707147,-0.32912852111111035
mp-569380,"{'Ce': 1.0, 'I': 4.0, 'Ba': 1.0}",0.0,-1.5291397091666667
mp-569382,"{'Nd': 3.0, 'Ga': 1.0}",0.0589351687500006,-0.2362666599999992
mp-569393,"{'Gd': 1.0, 'Tl': 1.0, 'Se': 2.0}",0.0,-1.3892800605468745
mp-569396,"{'Li': 2.0, 'Mg': 2.0, 'Ba': 1.0, 'Ge': 2.0}",0.0,-0.4310281914285713
mp-569423,{'Ga': 1.0},0.014111521666666516,0.014111521666666368
mp-569442,"{'Au': 1.0, 'Cl': 4.0, 'Rb': 1.0}",0.0,-1.3227441213400002
mp-569446,"{'Pb': 1.0, 'Ni': 1.0}",0.07774198999999983,0.07774198999999983
mp-569496,"{'Au': 4.0, 'Ce': 1.0, 'Si': 2.0}",0.0,-0.4511980057142862
mp-569516,"{'Hf': 1.0, 'Ni': 5.0}",0.013513029666666121,-0.3462185274999996
mp-569517,{'C': 1.0},0.14518579425000055,0.14518579424999986
mp-569526,"{'Cu': 1.0, 'Cl': 3.0, 'Rb': 1.0}",0.03634965400000079,-1.422791738956
mp-569531,"{'Br': 3.0, 'Cu': 1.0, 'Rb': 2.0}",0.004980199583333622,-1.2749188708333332
mp-569558,"{'Au': 2.0, 'Al': 1.0}",0.0,-0.3186480133333334
mp-569578,"{'Nb': 1.0, 'I': 5.0}",0.0,-0.4313916516666663
mp-569617,"{'Ca': 3.0, 'Zn': 2.0, 'P': 4.0, 'Cu': 2.0}",0.0,-0.7931984374891773
mp-569626,"{'Mg': 1.0, 'Cl': 2.0}",0.19982381166666752,-2.0547551255066665
mp-569668,"{'Se': 1.0, 'V': 1.0}",0.4069504337500005,-0.23549848679687455
mp-569670,"{'La': 1.0, 'I': 4.0, 'Nd': 1.0}",0.1155658864583331,-1.25845393375
mp-569675,"{'Pd': 1.0, 'Tl': 2.0, 'Hg': 2.0, 'Cl': 8.0}",0.0,-1.0877537766215384
mp-569687,"{'Se': 1.0, 'Hg': 1.0, 'Cl': 1.0, 'Cu': 1.0}",0.001410718333333172,-0.492799112338437
mp-569689,"{'Eu': 2.0, 'P': 1.0, 'I': 1.0}",0.0,-1.4132683995238091
mp-569696,"{'La': 1.0, 'Al': 2.0, 'Ga': 2.0}",0.0,-0.4889651215
mp-569715,"{'Se': 6.0, 'P': 2.0, 'Bi': 1.0, 'Cu': 1.0}",0.013903900625000354,-0.1596832737752983
mp-569743,"{'Ti': 4.0, 'Mn': 1.0, 'Bi': 2.0}",0.0,-0.27327473972085514
mp-569744,"{'Al': 2.0, 'U': 1.0}",0.0,-0.19478849375
mp-569745,"{'Yb': 1.0, 'Mg': 1.0, 'Sn': 1.0}",0.0,-0.5759574516666662
mp-569752,"{'U': 1.0, 'Pt': 1.0}",0.0,-0.5431286050000015
mp-569759,"{'Zn': 5.0, 'Rh': 8.0, 'B': 4.0}",0.004731324705883111,-0.42523653862745053
mp-569790,"{'Se': 4.0, 'Ge': 1.0, 'Ag': 2.0, 'Ba': 1.0}",0.0,-0.716439067421875
mp-569807,"{'Br': 3.0, 'Ti': 1.0, 'Rb': 1.0}",0.00029904983333128854,-1.3710985463333336
mp-569813,"{'Te': 8.0, 'Ag': 1.0, 'In': 5.0}",0.0,-0.3167085028571433
mp-569818,"{'Er': 3.0, 'Si': 3.0, 'Ni': 1.0}",0.0,-0.8293804857142858
mp-569842,"{'Si': 1.0, 'I': 2.0, 'Ba': 3.0}",0.0,-1.1300753408333335
mp-569885,"{'Ta': 1.0, 'Cs': 2.0, 'Cl': 6.0}",0.0,-2.064914512173333
mp-569890,"{'Cl': 3.0, 'Cr': 1.0}",0.0,-1.5618316478616665
mp-569894,"{'La': 4.0, 'Cl': 5.0, 'B': 4.0}",0.0,-1.74610253484359
mp-569960,"{'Zn': 1.0, 'Br': 2.0}",0.08647133708333365,-0.8253981666666664
mp-569983,"{'Pd': 1.0, 'Se': 2.0, 'Ni': 2.0}",0.015375186563063359,-0.2586582259375
mp-569996,"{'In': 1.0, 'Ge': 2.0, 'Tb': 2.0}",0.0,-0.722994898666667
mp-5700,"{'Cu': 3.0, 'O': 5.0, 'Sr': 2.0}",0.05904498450000518,-1.803615504625
mp-570001,"{'Fe': 1.0, 'Al': 6.0}",0.0,-0.19570447071428584
mp-570007,"{'Os': 2.0, 'Sm': 1.0}",0.0,-0.1959291175000004
mp-570042,"{'Al': 1.0, 'Pr': 1.0, 'Pt': 1.0}",0.0,-1.0366196983333325
mp-570045,"{'Sm': 3.0, 'Se': 7.0, 'Si': 1.0, 'Cu': 1.0}",0.0,-1.3473702387630198
mp-570054,"{'Cd': 1.0, 'I': 2.0}",0.0010859598055552588,-0.5911784537500001
mp-570060,"{'Br': 3.0, 'C': 3.0, 'Ce': 6.0, 'B': 2.0}",0.0,-0.8323661363988089
mp-570080,"{'Te': 1.0, 'Se': 3.0, 'Li': 2.0}",0.0,-0.6334373738802087
mp-570097,"{'P': 2.0, 'Li': 4.0, 'Sr': 1.0}",0.0,-0.8334051623129254
mp-570099,"{'Br': 3.0, 'V': 1.0, 'Rb': 1.0}",0.0002284253333337816,-1.2320352069999998
mp-570117,"{'Er': 1.0, 'Tl': 1.0, 'Se': 2.0}",0.0,-1.376008826796875
mp-570118,"{'Se': 2.0, 'Tl': 1.0, 'Yb': 1.0}",0.1130832112500002,-1.072058234296875
mp-570125,"{'Te': 1.0, 'Br': 3.0, 'Hg': 2.0}",0.004200785416667241,-0.3998501158333333
mp-570138,"{'Al': 4.0, 'Tb': 2.0, 'Ni': 1.0, 'Ge': 2.0}",0.0,-0.6360150581481478
mp-570141,"{'P': 3.0, 'Sm': 2.0, 'Pt': 6.0}",0.0,-0.990568062207793
mp-570156,"{'Zr': 3.0, 'Al': 3.0, 'C': 5.0}",0.3455082922727275,-0.18045868215909106
mp-570159,"{'Zn': 1.0, 'Sm': 1.0, 'Sn': 1.0}",0.0,-0.6254423349999995
mp-570179,"{'Au': 2.0, 'Tb': 1.0}",0.0,-0.8608766588888889
mp-570182,"{'Br': 2.0, 'Ca': 3.0, 'Si': 1.0}",0.21331687291666634,-1.0453209983333334
mp-570196,"{'Zr': 5.0, 'Sb': 4.0}",0.0190764212500012,-0.6802445488888872
mp-5702,"{'S': 4.0, 'Sb': 1.0, 'Cu': 3.0}",0.0,-0.5602226482812505
mp-570211,"{'Se': 2.0, 'C': 2.0, 'Hg': 1.0, 'N': 2.0}",0.34039728202089403,0.2804535579360713
mp-570256,"{'Hg': 1.0, 'I': 4.0, 'Ag': 2.0}",0.0015591071428575633,-0.3003965699999999
mp-570271,"{'Fe': 1.0, 'Ti': 4.0, 'Bi': 2.0}",0.0,-0.2895452495238097
mp-570290,"{'Tl': 1.0, 'Mn': 1.0, 'Cl': 3.0}",0.029071898499999808,-1.4005729522318624
mp-570300,"{'Tl': 1.0, 'Mn': 1.0, 'Cl': 3.0}",0.0,-1.4296448507318622
mp-570321,"{'In': 1.0, 'Se': 4.0, 'Sb': 2.0, 'Br': 1.0}",0.0,-0.4211578874218751
mp-570325,"{'Au': 1.0, 'Se': 1.0}",0.00912346874999992,-0.09162575304687516
mp-570326,"{'Cs': 1.0, 'Cl': 3.0, 'Cr': 1.0}",0.017020334777778427,-1.7432997589560002
mp-570356,"{'Ir': 1.0, 'Ca': 5.0}",0.0,-0.2365515933333331
mp-570379,"{'Cs': 2.0, 'Li': 1.0, 'Cl': 6.0, 'Lu': 1.0}",0.0,-2.485279238956
mp-570384,{'Ba': 1.0},0.14182666749999995,0.14182666749999995
mp-570425,"{'Yb': 1.0, 'Ga': 5.0}",0.014201834166666316,-0.3252054008333332
mp-570431,"{'Te': 3.0, 'I': 1.0, 'Ag': 1.0}",0.01808425899999921,-0.09539504700000023
mp-570441,"{'Sm': 4.0, 'Ga': 16.0, 'Co': 3.0}",0.0,-0.5115056093478261
mp-570452,"{'Au': 2.0, 'Si': 2.0, 'Y': 1.0}",0.0,-0.5593498279999999
mp-570453,"{'W': 1.0, 'Cl': 2.0, 'N': 4.0, 'Ba': 4.0}",0.0,-1.6233208791854552
mp-570456,"{'Eu': 1.0, 'As': 2.0, 'Co': 2.0}",0.0,-0.6497281970000003
mp-570472,"{'Cd': 1.0, 'I': 2.0}",0.0011306308888885395,-0.5911337826666667
mp-570529,"{'Eu': 2.0, 'Rh': 5.0, 'B': 4.0}",0.0,-0.6202822960606059
mp-570556,"{'Au': 2.0, 'In': 2.0, 'Sr': 1.0}",0.0,-0.5619047715000004
mp-570589,"{'Br': 1.0, 'Se': 1.0}",0.007620162792969953,-0.08799440429687477
mp-570609,"{'Tl': 1.0, 'Ga': 1.0, 'Cl': 4.0}",0.0,-1.5490961046733334
mp-570615,"{'Br': 6.0, 'Th': 1.0, 'Ba': 1.0}",0.061510558125000614,-1.867551435625
mp-570666,"{'Pt': 2.0, 'N': 1.0, 'Mo': 3.0}",0.0,-0.4148428316466664
mp-570668,"{'La': 1.0, 'Se': 2.0}",0.0,-1.764573283229166
mp-570671,"{'Cd': 1.0, 'I': 2.0}",0.0004718291111107664,-0.5917925844444445
mp-570687,"{'Cl': 1.0, 'Ag': 1.0}",0.011372675000000054,-0.7132819666299999
mp-570692,"{'In': 5.0, 'Ir': 9.0, 'B': 4.0}",0.0,-0.21963381370370408
mp-570706,"{'Cs': 1.0, 'Ti': 1.0, 'Se': 4.0, 'Cu': 3.0}",0.0,-0.7488334001157403
mp-570752,{'H': 2.0},8.881784197001252e-16,8.881784197001252e-16
mp-570763,"{'V': 1.0, 'Cl': 4.0}",0.0,-1.615334988108
mp-570765,"{'Y': 1.0, 'Mg': 4.0, 'Cu': 1.0}",0.0,-0.13348548249999995
mp-570769,"{'In': 1.0, 'Ca': 1.0, 'Cu': 4.0}",0.0,-0.17339952500000008
mp-570778,{'Cl': 2.0},0.0,0.0
mp-570803,"{'Te': 2.0, 'Se': 2.0, 'Ge': 1.0, 'Ba': 2.0}",0.0,-1.214984113169643
mp-570820,"{'La': 4.0, 'Ru': 1.0, 'Cd': 1.0}",0.0,-0.3101810445833338
mp-570823,"{'Se': 6.0, 'Ba': 1.0, 'B': 2.0}",0.0,-0.5759670077662038
mp-570826,"{'V': 1.0, 'Rh': 2.0, 'Sn': 1.0}",0.10138827000000017,-0.3304450474999996
mp-570829,"{'V': 1.0, 'I': 1.0, 'N': 1.0, 'Cl': 3.0}",0.1329391023066675,-0.9895825778599996
mp-570887,"{'Se': 4.0, 'K': 2.0, 'Sn': 1.0, 'Ag': 2.0}",0.0,-0.6426989265972224
mp-5709,"{'Tl': 3.0, 'P': 1.0, 'O': 4.0}",0.0,-1.9100720272619047
mp-570930,"{'Se': 5.0, 'Pb': 2.0, 'Bi': 2.0}",0.006523414444443709,-0.4635466492187506
mp-570951,"{'Al': 2.0, 'Ti': 1.0, 'Cl': 8.0}",0.035888502424241686,-1.9019706120678792
mp-570957,"{'Te': 3.0, 'Cs': 1.0, 'Si': 1.0}",0.0,-0.4771888489999999
mp-570961,"{'Se': 2.0, 'Cd': 1.0, 'I': 1.0, 'Bi': 1.0}",0.04253092300000017,-0.4685165524375002
mp-570964,"{'Zn': 1.0, 'I': 2.0}",0.13970724312499816,-0.4777394100000002
mp-570998,"{'Na': 1.0, 'Li': 2.0, 'N': 1.0}",0.09098274916666638,-0.2590245568450005
mp-571039,"{'Pd': 1.0, 'Al': 1.0, 'Ca': 1.0}",0.0,-0.7419543791666664
mp-571053,"{'Al': 5.0, 'Mo': 1.0}",0.0,-0.2394919016666671
mp-571079,"{'Tl': 1.0, 'Cl': 1.0}",0.019518277500000014,-1.2929835191300003
mp-571091,"{'Cd': 1.0, 'I': 2.0}",0.0010989283174600573,-0.5911654852380953
mp-571093,"{'Al': 1.0, 'Si': 1.0, 'Ba': 1.0, 'H': 1.0}",0.0,-0.4695150371549994
mp-571096,"{'Fe': 1.0, 'Cl': 2.0}",0.00396895999999991,-1.1051850955066669
mp-571100,"{'Cs': 1.0, 'Br': 2.0, 'Ag': 1.0}",0.00501243687499997,-1.10423309875
mp-571107,"{'Er': 4.0, 'In': 1.0, 'Rh': 1.0}",0.0,-0.5733894004166675
mp-571109,"{'Li': 2.0, 'Si': 3.0, 'Nd': 2.0}",0.0,-0.6149434050000002
mp-571135,"{'La': 3.0, 'C': 1.0, 'Cl': 3.0, 'B': 1.0}",0.012140196593752428,-1.675535625962083
mp-571143,"{'Ti': 1.0, 'Cl': 3.0}",0.0,-2.055368600361667
mp-571149,"{'Fe': 17.0, 'Tb': 2.0}",0.015059144912280331,-0.008885573333334139
mp-571156,"{'B': 2.0, 'Mg': 1.0, 'H': 8.0}",0.0,-0.3117691283903028
mp-571166,"{'Br': 2.0, 'Ca': 1.0}",0.0004902600000002977,-2.0533395466666664
mp-571197,"{'Cd': 1.0, 'I': 2.0}",0.0009989759365076623,-0.5912654376190477
mp-571209,"{'Os': 8.0, 'Y': 3.0, 'B': 6.0}",0.007346020294120238,-0.3763183605882348
mp-571216,"{'Al': 2.0, 'Ge': 4.0, 'Sr': 3.0}",0.0,-0.5034932999999993
mp-571222,"{'Cs': 1.0, 'Br': 1.0}",0.0,-1.809742475
mp-571225,"{'Cd': 1.0, 'I': 2.0}",0.0001116097460316379,-0.5921528038095238
mp-571265,"{'Br': 6.0, 'U': 1.0, 'Rb': 2.0}",0.0,-1.5867292322222217
mp-571297,"{'N': 3.0, 'Ag': 1.0}",0.3584911494649994,0.3584911494649994
mp-571324,"{'C': 1.0, 'N': 1.0, 'Cl': 1.0}",0.0,-0.2906451986855553
mp-571347,"{'Se': 7.0, 'Pr': 3.0, 'Ge': 1.0, 'Cu': 1.0}",0.0,-1.3189342304296876
mp-571352,"{'Tm': 1.0, 'B': 6.0}",0.06788004880952414,-0.3470127707142855
mp-571353,"{'Ba': 1.0, 'Sn': 5.0}",0.008383355833335049,-0.30019159666666617
mp-571363,"{'Pd': 1.0, 'Yb': 1.0, 'Sb': 1.0}",0.07868351750000002,-0.9051164333333332
mp-571384,"{'C': 6.0, 'K': 1.0, 'Mn': 1.0, 'Ag': 3.0, 'N': 6.0}",0.2829389207494133,0.08551189010827563
mp-571394,"{'C': 2.0, 'K': 1.0, 'N': 3.0}",0.12708307875000013,-0.27138070577333434
mp-571405,"{'Tl': 1.0, 'Nd': 1.0}",0.0,-0.3882945425000002
mp-571409,"{'Cs': 2.0, 'Li': 3.0, 'Br': 5.0}",0.0108286599999996,-1.6568055010000002
mp-571425,"{'Br': 6.0, 'P': 8.0, 'Hg': 7.0, 'Ag': 2.0}",0.010685936425119724,-0.22447183803312684
mp-571436,"{'I': 4.0, 'Sn': 1.0}",0.01934307375,-0.3560703699999997
mp-571438,"{'Be': 12.0, 'V': 1.0}",0.0,-0.11519167923076933
mp-571445,"{'Hf': 1.0, 'Hg': 3.0, 'Se': 2.0, 'Cl': 6.0}",0.0,-1.3424813688956252
mp-571467,"{'Cs': 2.0, 'Na': 1.0, 'Y': 1.0, 'Br': 6.0}",0.0,-1.8597745765
mp-571486,"{'Se': 1.0, 'Cu': 1.0}",0.0,-0.12799305596354138
mp-571506,"{'Tm': 1.0, 'Al': 1.0, 'Si': 1.0}",0.0,-0.6053751116666669
mp-571519,"{'Cd': 1.0, 'I': 2.0}",0.001040205460317356,-0.5912242080952381
mp-571558,"{'Br': 2.0, 'Hg': 1.0}",0.04105815611111119,-0.4363408522222222
mp-571566,"{'Li': 2.0, 'Zn': 1.0, 'Si': 1.0}",0.0,-0.2801341612499999
mp-571568,"{'Cd': 1.0, 'I': 2.0}",0.0010853510555555168,-0.5911790624999999
mp-571571,"{'Te': 3.0, 'Ce': 1.0}",0.0,-0.9755401300000006
mp-571606,"{'Sm': 4.0, 'Mg': 3.0, 'Co': 2.0}",0.0,-0.13035913944444388
mp-571609,"{'Hf': 1.0, 'Ga': 1.0, 'Pt': 1.0}",0.0,-0.970477380555556
mp-571619,"{'Hf': 1.0, 'Al': 1.0, 'Pt': 1.0}",0.0,-1.0490094872222224
mp-571622,"{'Be': 12.0, 'Pt': 1.0}",0.0,-0.10395367230769198
mp-571647,"{'La': 2.0, 'P': 1.0, 'I': 2.0}",0.0,-1.6142710866190475
mp-5720,"{'Ru': 2.0, 'Si': 2.0, 'Ho': 1.0}",0.0,-0.914507202
mp-5725,"{'S': 2.0, 'Ag': 3.0, 'Cu': 1.0}",0.043433009722222415,-0.27238916385416684
mp-572674,"{'C': 2.0, 'Re': 1.0, 'I': 2.0, 'O': 2.0}",0.12298728099206267,-0.7106356078571436
mp-572767,"{'Au': 1.0, 'F': 4.0, 'Cs': 1.0}",0.0,-2.0762417691266672
mp-573204,"{'F': 6.0, 'Cs': 2.0, 'K': 1.0, 'Bi': 1.0}",0.0,-2.9651819137140003
mp-573321,"{'Pd': 1.0, 'Te': 1.0, 'I': 2.0}",0.018826299000000102,-0.24675706875000006
mp-573358,"{'Cs': 1.0, 'Se': 3.0, 'B': 1.0}",0.0,-0.5824023424895834
mp-573376,"{'C': 1.0, 'Cl': 2.0, 'Lu': 2.0}",0.0,-1.808485827054
mp-5734,"{'Ce': 1.0, 'Si': 2.0, 'Pt': 2.0}",0.1039292989999998,-1.0044459799999998
mp-573568,"{'Tc': 1.0, 'K': 2.0, 'I': 6.0}",0.0,-0.7279046094444444
mp-573579,{'Cs': 1.0},0.01579659,0.01579659
mp-573601,"{'Ru': 3.0, 'Th': 7.0}",0.0,-0.4148249930000006
mp-573658,"{'Cs': 3.0, 'As': 2.0, 'B': 1.0}",0.0,-0.3671110411111111
mp-573697,"{'Cs': 1.0, 'Cl': 1.0}",0.0,-2.26521856163
mp-5737,"{'S': 2.0, 'Cu': 1.0, 'Tb': 1.0}",0.0,-1.715920767447917
mp-573721,"{'Si': 1.0, 'Cs': 2.0, 'As': 2.0}",0.0,-0.4688627390000001
mp-5739,"{'S': 1.0, 'U': 2.0, 'N': 2.0}",0.0,-1.8626736717645005
mp-573947,"{'Se': 2.0, 'Cs': 2.0, 'Mn': 1.0}",0.0,-0.9520957687133615
mp-574040,"{'Br': 6.0, 'K': 2.0, 'Sn': 1.0}",0.0,-1.1998466372222218
mp-574060,"{'C': 4.0, 'K': 1.0, 'N': 4.0, 'B': 1.0}",0.3885271039999996,-0.1448610561186669
mp-574085,"{'Dy': 5.0, 'Sn': 13.0}",0.00030468333333200093,-0.4977254972222222
mp-574112,"{'Al': 2.0, 'Ti': 1.0, 'Cl': 8.0}",0.042403809242424366,-1.8954553052496967
mp-574138,"{'Te': 3.0, 'Cs': 2.0, 'As': 1.0}",0.0002479250000000377,-0.6322187325000002
mp-574250,"{'Te': 3.0, 'Si': 1.0, 'In': 1.0}",0.3503834999999995,0.13460861399999902
mp-574338,"{'Cs': 1.0, 'Ga': 3.0}",0.0,-0.1625696162500002
mp-574379,"{'Cs': 1.0, 'Hg': 2.0}",0.0,-0.2681431583333333
mp-574426,"{'Cs': 1.0, 'Ce': 1.0, 'Se': 3.0, 'Cd': 1.0}",0.0,-1.3358733901302084
mp-574430,"{'U': 1.0, 'I': 6.0, 'Ba': 1.0}",0.0,-1.197873075625
mp-574485,"{'Se': 5.0, 'Cs': 4.0, 'Ga': 2.0}",0.0,-1.064164285724432
mp-574498,"{'Cs': 3.0, 'Bi': 2.0}",0.0,-0.35284282199999983
mp-574507,"{'Eu': 1.0, 'Sn': 2.0, 'Cu': 4.0}",1.5573150442857142,1.3100410692857147
mp-574663,"{'Cd': 1.0, 'I': 2.0}",0.006525921888888897,-0.5857384916666666
mp-5749,"{'Fe': 1.0, 'Se': 4.0, 'Cr': 2.0}",0.06026563999999812,-0.3880034463392853
mp-5752,"{'Ir': 2.0, 'Si': 2.0, 'Tb': 1.0}",0.0,-1.0827528073333326
mp-5760,"{'S': 1.0, 'F': 1.0, 'Nd': 1.0}",0.0,-3.3806528117508337
mp-5777,"{'Ba': 1.0, 'O': 3.0, 'Ti': 1.0}",0.00042368799999970014,-3.5057485020833337
mp-5778,"{'Fe': 2.0, 'V': 1.0, 'Al': 1.0}",0.0,-0.4266278900000007
mp-5779,"{'Ru': 1.0, 'Sm': 3.0, 'O': 7.0}",0.0041227675000001796,-3.1347660312500008
mp-578,"{'Ga': 1.0, 'Ag': 2.0}",0.0,-0.044972916111110886
mp-5788,"{'Na': 1.0, 'U': 1.0, 'O': 3.0}",0.0,-3.2997603847500003
mp-579,"{'C': 1.0, 'Cr': 1.0}",0.25555506895833346,0.16510243562500015
mp-579518,"{'Dy': 5.0, 'Sn': 11.0}",0.0,-0.5561183912500001
mp-5796,"{'Ho': 1.0, 'Si': 2.0, 'Mn': 2.0}",0.0,-0.6287778205517242
mp-579779,"{'Au': 1.0, 'Pr': 2.0, 'P': 3.0}",0.015480027583334,-1.0292914136309523
mp-579909,{'C': 1.0},0.94407078375,0.94407078375
mp-580155,"{'U': 1.0, 'P': 4.0, 'Cr': 6.0}",0.0019717899999989186,-0.5405880852164505
mp-580234,"{'Fe': 3.0, 'Rh': 1.0, 'N': 1.0}",0.0,-0.15354231647600045
mp-580236,"{'Eu': 1.0, 'Cd': 1.0}",0.0,-0.33446811250000064
mp-580439,"{'Fe': 5.0, 'U': 1.0, 'Si': 3.0}",0.0,-0.4353521705555576
mp-580541,"{'Cs': 2.0, 'Sm': 1.0, 'Na': 1.0, 'Cl': 6.0}",0.0,-2.486316016456
mp-580597,"{'Cs': 1.0, 'I': 3.0, 'Cr': 1.0}",0.05281873149999905,-0.8187050404999997
mp-5808,"{'Te': 2.0, 'Nd': 1.0, 'Rb': 1.0}",0.0,-1.4093331462500005
mp-581412,"{'S': 1.0, 'Zn': 1.0}",0.010541534166666366,-1.1300914728645841
mp-581476,"{'S': 1.0, 'Zn': 1.0}",0.010531580833332832,-1.1301014261979176
mp-581510,"{'La': 4.0, 'Cd': 1.0, 'Co': 1.0}",0.0,-0.20757489250000027
mp-581601,"{'S': 1.0, 'Zn': 1.0}",0.010530704583332716,-1.1301023024479175
mp-581934,"{'Pu': 3.0, 'Ge': 1.0}",0.0,-0.20908035140625006
mp-581968,"{'Pd': 2.0, 'Tm': 2.0, 'Pb': 1.0}",0.0,-0.8483352690000003
mp-582421,"{'Se': 3.0, 'K': 1.0, 'U': 1.0, 'Cu': 1.0}",0.0,-1.0602582367968754
mp-582549,"{'Te': 5.0, 'In': 2.0}",0.0,-0.2344174842857143
mp-582572,"{'Er': 1.0, 'Ni': 1.0, 'Ge': 2.0}",0.0,-0.68506514125
mp-5827,"{'Ca': 1.0, 'Ti': 1.0, 'O': 3.0}",0.06431194324999899,-3.509163910083334
mp-582819,{'Pu': 1.0},0.19344205812500093,0.19344205812500093
mp-582826,"{'Gd': 1.0, 'Ru': 1.0, 'C': 2.0}",0.0,-0.1870922281249996
mp-583052,"{'Se': 3.0, 'Pb': 1.0, 'Lu': 1.0, 'Cu': 1.0}",0.0012876966666670595,-0.9890979484635416
mp-5831,"{'Sb': 2.0, 'O': 6.0, 'Cu': 1.0}",0.0,-1.6541782586111111
mp-583463,"{'Fe': 1.0, 'Cl': 3.0}",0.0,-1.149948665361667
mp-5835,"{'Ho': 1.0, 'Si': 2.0, 'Co': 2.0}",0.0,-0.8284972659999994
mp-5841,"{'C': 2.0, 'Cu': 1.0, 'Rb': 1.0}",0.3003978003125001,0.280581888125
mp-5858,"{'F': 6.0, 'Cd': 1.0, 'Pt': 1.0}",0.0,-2.0269775446425
mp-5868,"{'Ru': 2.0, 'O': 7.0, 'Sr': 3.0}",0.015021589583339434,-2.3616552990625004
mp-5869,"{'Ca': 2.0, 'O': 3.0, 'Cu': 1.0}",0.0,-2.541926810625
mp-5899,"{'Al': 1.0, 'Nd': 1.0, 'O': 3.0}",0.0,-3.68883733375
mp-5919,"{'Sm': 1.0, 'Ge': 1.0, 'Ti': 1.0}",0.0,-0.6525565805555557
mp-5920,"{'Al': 1.0, 'Li': 1.0, 'Ge': 1.0}",0.0,-0.2941218283333331
mp-5925,"{'Nd': 2.0, 'Ni': 2.0, 'Mg': 1.0}",0.0,-0.30855327500000057
mp-600232,"{'Sn': 1.0, 'Ni': 1.0, 'Np': 1.0}",0.08863324759259328,-0.0714920229166663
mp-600604,"{'O': 2.0, 'Cu': 1.0}",0.27937244625,-0.4167867641666661
mp-600622,"{'Eu': 1.0, 'I': 1.0, 'O': 1.0}",0.0,-2.36145370375
mp-600663,"{'Ce': 1.0, 'Ni': 1.0, 'Ga': 1.0}",0.0785707733333334,-0.5416318616666671
mp-601148,{'I': 1.0},0.11239471999999996,0.11239471999999996
mp-601193,"{'O': 4.0, 'Pt': 3.0}",1.0873185871428481,0.2410539149999999
mp-601195,"{'O': 2.0, 'Cu': 1.0}",0.2695789379166662,-0.4265802724999996
mp-601286,"{'Se': 3.0, 'Cu': 1.0, 'Pb': 1.0, 'Tb': 1.0}",0.0,-1.0131454012413197
mp-601661,"{'Fe': 1.0, 'C': 1.0, 'P': 1.0, 'O': 4.0, 'H': 5.0}",0.03130150572917323,-1.4299969837454365
mp-601842,"{'Fe': 9.0, 'Co': 7.0}",0.0,-0.05764512656250088
mp-602,"{'Te': 2.0, 'Mo': 1.0}",0.0,-0.27056121500000074
mp-602355,"{'O': 8.0, 'Cr': 3.0, 'H': 1.0}",0.17880723661458564,-1.564817486968333
mp-603930,"{'Si': 1.0, 'Mg': 1.0, 'O': 3.0}",0.035561633249998614,-3.2171769102499987
mp-604,"{'Nb': 2.0, 'O': 5.0}",0.01884200214285769,-3.033381290892857
mp-604321,{'Rb': 1.0},0.0026198275000000053,0.0026198275000000053
mp-604496,"{'Ru': 1.0, 'Ce': 1.0, 'Si': 1.0, 'H': 1.0}",0.01288801249999949,-0.7661365684050008
mp-604498,"{'Tl': 1.0, 'Nd': 1.0, 'O': 8.0, 'Mo': 2.0}",0.0,-2.427715181249998
mp-604594,"{'Pd': 4.0, 'In': 5.0, 'Ce': 2.0}",0.03467181560606214,-0.5880823040909088
mp-604915,"{'Se': 1.0, 'Cr': 1.0}",0.13669704916666525,-0.29690584429687483
mp-6050,"{'S': 1.0, 'C': 1.0, 'N': 1.0, 'Ag': 1.0}",0.1611366964027683,-0.017566306923124664
mp-605028,"{'Pd': 3.0, 'Te': 2.0, 'Pb': 2.0}",0.0,-0.3864698678571428
mp-605650,"{'Pb': 1.0, 'Ba': 5.0, 'Ga': 5.0}",0.004828500681818504,-0.4705849695454544
mp-605735,"{'In': 4.0, 'Pb': 1.0, 'Sr': 3.0}",0.013112241875000041,-0.4798371637500001
mp-605790,{'Ba': 1.0},0.19385059000000004,0.19385059000000004
mp-605843,"{'C': 1.0, 'K': 4.0, 'O': 4.0}",0.2030243505555518,-1.6404490515277774
mp-605863,"{'S': 3.0, 'Pb': 1.0, 'Sb': 1.0, 'Ag': 1.0}",0.046844617083331215,-0.5955155457812502
mp-605873,"{'Ru': 1.0, 'Pr': 4.0, 'Mg': 1.0}",0.0,-0.1615274645833337
mp-606377,"{'Ru': 1.0, 'Ce': 2.0, 'Zn': 4.0}",0.0,-0.33224306999999953
mp-606470,"{'Mn': 1.0, 'O': 2.0, 'Rb': 1.0}",0.0,-1.9296610666264928
mp-607298,"{'Pd': 1.0, 'Cs': 2.0, 'I': 2.0, 'Cl': 4.0}",0.005144127777779062,-1.3558954225600002
mp-607409,"{'Hf': 5.0, 'Pb': 3.0, 'Cu': 1.0}",0.0,-0.0993180338888872
mp-607436,"{'Re': 1.0, 'Cl': 3.0, 'O': 2.0}",0.0,-1.4984687903799998
mp-607738,"{'Zn': 1.0, 'Ce': 1.0, 'Rh': 1.0}",0.0,-0.6627979537499998
mp-607816,"{'Fe': 1.0, 'U': 1.0, 'Ge': 1.0}",0.0,-0.3220399291666673
mp-607818,"{'Te': 1.0, 'Ge': 1.0, 'Rh': 1.0}",0.0,-0.4963761558333329
mp-607848,"{'La': 1.0, 'In': 6.0, 'Ni': 3.0}",0.01948068883333409,-0.3018090042499999
mp-607987,"{'In': 1.0, 'Cs': 1.0, 'I': 4.0}",0.0,-0.9229164008333332
mp-608071,"{'N': 1.0, 'O': 2.0}",0.1881497355555588,-0.6364783571822232
mp-608490,"{'Na': 1.0, 'Hg': 1.0, 'Cl': 3.0}",0.054880387000000315,-1.382987719956
mp-608555,"{'Cs': 2.0, 'Sn': 1.0, 'Cl': 6.0}",0.0,-1.9172996488400005
mp-609092,"{'O': 4.0, 'Mn': 1.0, 'Ag': 1.0}",0.1586478056944456,-0.909466660806552
mp-610,"{'As': 1.0, 'Mn': 1.0}",0.0327647187500002,-0.2364741431896542
mp-6102,"{'C': 1.0, 'Nd': 1.0, 'Ni': 2.0, 'B': 2.0}",0.0,-0.4514433461805562
mp-610491,"{'Se': 1.0, 'Bi': 1.0, 'Cl': 1.0}",0.0,-0.8468442372845834
mp-610522,"{'As': 1.0, 'Mn': 2.0}",0.024453175373563063,-0.1550393992528735
mp-610530,"{'Gd': 1.0, 'Co': 2.0, 'B': 2.0}",0.0,-0.5279773276666659
mp-610744,"{'Te': 2.0, 'Cs': 2.0, 'Mn': 1.0}",0.0,-0.7914832372758618
mp-610972,"{'Pd': 1.0, 'Ge': 1.0, 'Mn': 1.0}",0.03969725499999921,-0.2944315032375471
mp-6110,"{'Y': 1.0, 'Sb': 1.0, 'O': 6.0, 'Sr': 2.0}",0.051649245999999316,-3.0659216287500013
mp-611426,{'C': 1.0},0.1453083137500002,0.1453083137500002
mp-611630,"{'Fe': 1.0, 'Ca': 1.0, 'Cl': 1.0, 'O': 2.0}",0.3776739399999984,-2.1003778241519995
mp-611836,{'O': 2.0},0.013366048750000026,0.013366048750000026
mp-6124,"{'Na': 1.0, 'Si': 2.0, 'Al': 1.0, 'O': 6.0}",0.03076832018753262,-3.17713878325
mp-612861,"{'La': 1.0, 'Re': 2.0, 'Si': 2.0}",0.0,-0.5395870255000006
mp-613052,"{'Eu': 2.0, 'P': 1.0, 'Br': 1.0}",0.0,-1.5612129845238112
mp-613162,"{'Se': 3.0, 'Cs': 1.0, 'Sn': 1.0}",0.0,-0.69162887515625
mp-613235,"{'S': 1.0, 'O': 4.0, 'Co': 1.0}",0.2340077399999956,-1.64692218734375
mp-6134,"{'F': 6.0, 'Al': 1.0, 'Ca': 1.0, 'Li': 1.0}",0.0,-3.8912735141266666
mp-613442,"{'Li': 1.0, 'I': 1.0, 'O': 3.0}",0.009861195000000043,-1.3892193997500002
mp-613820,"{'K': 1.0, 'I': 1.0, 'O': 3.0}",0.015398331500000141,-1.3711870547499998
mp-613838,"{'Eu': 1.0, 'Ge': 3.0, 'Mg': 3.0}",0.0,-0.392675855714285
mp-613910,"{'F': 6.0, 'Ni': 1.0, 'Ba': 1.0}",0.0,-2.6000054433925004
mp-614185,"{'S': 2.0, 'Pb': 1.0, 'N': 2.0}",0.2907943690480064,-0.1508740165770007
mp-614311,"{'S': 1.0, 'Cs': 1.0, 'C': 1.0, 'N': 1.0}",0.0,-0.725142145673126
mp-614455,"{'Gd': 1.0, 'Cu': 1.0}",0.0,-0.19459670250000016
mp-614481,"{'Gd': 1.0, 'Bi': 1.0}",0.0,-0.8960351425000006
mp-614750,"{'F': 7.0, 'Cs': 3.0, 'Cr': 1.0}",0.0,-2.9741773807572724
mp-614768,"{'F': 7.0, 'Cs': 3.0, 'Ni': 1.0}",0.007368686818180592,-2.4520469107572733
mp-614918,"{'Y': 1.0, 'Cl': 1.0, 'O': 1.0}",0.7309130316666668,-2.7930814665033328
mp-614964,"{'Pr': 1.0, 'Ba': 2.0, 'O': 8.0, 'Cu': 3.0}",0.05268674587499955,-2.029231758571429
mp-615459,"{'La': 2.0, 'C': 3.0, 'Ni': 5.0}",0.0,-0.2988530351249992
mp-615489,"{'Nb': 6.0, 'Mn': 3.0, 'O': 11.0}",0.0,-2.459007212538397
mp-615821,"{'S': 6.0, 'Fe': 2.0, 'Ta': 9.0}",0.022241991764705205,-0.9629223526102952
mp-616166,"{'Ho': 1.0, 'Ba': 2.0, 'O': 6.0, 'Cu': 3.0}",0.006055205666662289,-2.255856077291666
mp-616218,"{'In': 4.0, 'Cd': 1.0, 'I': 6.0}",0.0076517732424239435,-0.5056118413636365
mp-616378,"{'Cs': 1.0, 'I': 3.0, 'Sn': 1.0}",0.0029246720000024595,-0.9613332149999998
mp-616440,{'C': 1.0},0.1405640862500004,0.1405640862500004
mp-616492,"{'Dy': 1.0, 'Ge': 2.0, 'Pt': 1.0}",0.0,-0.8699865950000003
mp-616501,"{'In': 1.0, 'Cl': 1.0, 'O': 8.0, 'Cu': 6.0}",0.0,-1.1729872508287498
mp-616900,"{'S': 4.0, 'In': 2.0, 'Zn': 1.0}",0.06861249589285734,-0.9407146616071432
mp-617170,"{'Fe': 1.0, 'C': 5.0, 'O': 5.0}",0.547902537897726,-0.7357703649999998
mp-617283,"{'As': 1.0, 'Cl': 1.0, 'O': 4.0, 'Cu': 2.0}",0.046160429062489065,-1.1859204879075005
mp-617312,"{'Sm': 3.0, 'Si': 2.0, 'Ni': 1.0}",0.0,-0.6635320437500004
mp-6178,"{'F': 6.0, 'Cs': 2.0, 'K': 1.0, 'Ti': 1.0}",0.0,-3.3403151193806666
mp-618075,"{'In': 1.0, 'Cu': 1.0, 'O': 8.0, 'Mo': 2.0}",0.03826006624999945,-1.8554433616666657
mp-618991,"{'S': 1.0, 'Cu': 2.0}",0.04204043166666693,-0.3168167713541668
mp-619071,"{'Pb': 1.0, 'Cl': 2.0}",0.03792055916666648,-1.5140560030066668
mp-6204,"{'Sc': 1.0, 'F': 6.0, 'Na': 1.0, 'Cs': 2.0}",0.0,-3.5928777432139998
mp-623984,"{'S': 1.0, 'Pb': 1.0, 'O': 4.0}",0.04589207499999848,-1.9958280823437504
mp-624253,"{'Pd': 1.0, 'Nb': 4.0, 'Se': 12.0, 'Co': 2.0}",0.0,-0.7028892859539471
mp-625,"{'Ru': 2.0, 'Mg': 3.0}",0.0,-0.14902528600000053
mp-625052,"{'Na': 1.0, 'O': 1.0, 'H': 1.0}",0.04759443499999971,-1.565694528289999
mp-625055,"{'Al': 1.0, 'O': 2.0, 'H': 1.0}",0.04879178124999761,-2.64718510278
mp-625094,"{'Cd': 1.0, 'O': 2.0, 'H': 2.0}",0.0,-1.3931823649479995
mp-625103,"{'Yb': 1.0, 'O': 2.0, 'H': 1.0}",0.0895734689062504,-2.25641838153
mp-625145,"{'Cl': 1.0, 'O': 3.0, 'H': 7.0}",0.04362401500000157,-1.2787325402136362
mp-625147,"{'Gd': 1.0, 'O': 2.0, 'H': 1.0}",0.0,-2.982130447780001
mp-625150,"{'Sc': 1.0, 'O': 2.0, 'H': 1.0}",0.0,-3.01330132653
mp-625184,"{'Sr': 1.0, 'O': 2.0, 'H': 2.0}",0.0018900025000005984,-2.1859192809479997
mp-6252,"{'Te': 1.0, 'Cu': 1.0, 'O': 6.0, 'Sr': 2.0}",0.03680390799999955,-2.22464058675
mp-625385,"{'N': 1.0, 'O': 1.0, 'H': 1.0}",0.42089636403199737,-0.4810977082499998
mp-6254,"{'Nb': 1.0, 'Ba': 2.0, 'O': 6.0, 'Tb': 1.0}",0.0,-3.466119046416666
mp-625414,"{'Mn': 2.0, 'O': 4.0, 'H': 1.0}",0.01984581062499036,-1.77789506904266
mp-625472,"{'Tm': 1.0, 'O': 3.0, 'H': 3.0}",0.0331393541964351,-2.3278624478014294
mp-625513,"{'Te': 1.0, 'O': 4.0, 'H': 2.0}",0.027067167857144803,-1.3433155488914283
mp-625551,"{'Mo': 1.0, 'O': 4.0, 'H': 2.0}",0.13835229482142708,-1.6139893310342848
mp-625621,"{'Ga': 1.0, 'O': 2.0, 'H': 1.0}",0.2421952137500005,-1.7074091046549995
mp-625788,"{'La': 1.0, 'O': 3.0, 'H': 3.0}",0.0022025228571429523,-2.3116731717300003
mp-625821,"{'Sr': 1.0, 'O': 6.0, 'H': 4.0}",0.0,-1.3925352806345452
mp-625832,"{'Ba': 1.0, 'O': 6.0, 'H': 4.0}",0.030376415000008983,-1.3846817306345458
mp-625917,"{'I': 1.0, 'O': 3.0, 'H': 1.0}",0.037231268499996695,-0.920091453474
mp-625993,"{'Te': 1.0, 'O': 6.0, 'H': 6.0}",0.06114806576923115,-1.3286599391707692
mp-626062,"{'U': 3.0, 'O': 10.0, 'H': 2.0}",0.040565979500001965,-3.1416899909826657
mp-626357,"{'Fe': 1.0, 'O': 2.0, 'H': 1.0}",0.1337381365625001,-1.5663780584050002
mp-626429,"{'Yb': 1.0, 'O': 3.0, 'H': 3.0}",0.10094362758928543,-1.8356946413728568
mp-626621,"{'V': 6.0, 'O': 13.0, 'H': 4.0}",0.07966280489130018,-2.136138840901304
mp-626643,"{'Ca': 1.0, 'O': 2.0, 'H': 2.0}",0.18835300800000002,-2.048741089947999
mp-626703,"{'O': 2.0, 'Cr': 1.0, 'H': 1.0}",0.009283712500000265,-2.0115645452800006
mp-626708,"{'Co': 1.0, 'O': 2.0, 'H': 2.0}",0.06702810749999878,-1.2994858849479995
mp-626794,"{'Ni': 1.0, 'O': 2.0, 'H': 2.0}",0.030608018499998838,-1.1775869279479998
mp-626799,"{'Re': 1.0, 'O': 5.0, 'H': 3.0}",0.0,-1.7271283146788892
mp-6273,"{'Na': 1.0, 'Ba': 4.0, 'O': 12.0, 'Sb': 3.0}",0.0,-2.5552936100000005
mp-627601,"{'S': 2.0, 'Sb': 1.0, 'Ag': 1.0}",0.09775300562500178,-0.4284782476562503
mp-628279,"{'Cs': 6.0, 'Si': 2.0, 'Ni': 1.0, 'O': 8.0}",0.009558450882356516,-2.232372637647059
mp-628616,"{'Na': 3.0, 'Li': 3.0, 'N': 2.0}",0.64909224125,0.35407680377999995
mp-628643,"{'S': 3.0, 'As': 1.0, 'Pb': 1.0, 'Cu': 1.0}",0.0,-0.6424359599479175
mp-629319,"{'S': 2.0, 'F': 12.0, 'Sb': 2.0, 'O': 4.0, 'Co': 1.0}",0.00665765547619035,-2.381080555828809
mp-629443,"{'S': 4.0, 'Eu': 1.0, 'Li': 2.0, 'Ge': 1.0}",0.0,-1.55427486828125
mp-6305,"{'F': 3.0, 'K': 3.0, 'Ti': 1.0, 'O': 4.0}",0.0,-2.647998305930606
mp-630511,"{'Fe': 1.0, 'Ca': 2.0, 'Cl': 1.0, 'O': 3.0}",0.0277915421428645,-2.6917518795728568
mp-630760,"{'S': 3.0, 'C': 3.0, 'K': 1.0, 'Hg': 1.0, 'N': 3.0}",0.14393375597402702,-0.26597515187068216
mp-6309,"{'La': 3.0, 'P': 4.0, 'O': 2.0, 'Cu': 4.0}",0.0,-1.5463785421062266
mp-630976,"{'In': 3.0, 'Ir': 1.0}",0.0,-0.1729574275000001
mp-631589,"{'V': 1.0, 'N': 2.0, 'O': 2.0, 'Cl': 6.0}",0.08413191249999752,-0.9378803551654542
mp-6319,"{'Al': 1.0, 'Na': 2.0, 'Mg': 1.0, 'F': 7.0}",0.0019178295454551628,-3.6017553675754552
mp-632172,{'H': 2.0},4.440892098500626e-16,4.440892098500626e-16
mp-632286,{'Sb': 1.0},0.062319670000000826,0.062319670000000826
mp-632348,"{'Yb': 1.0, 'O': 2.0, 'H': 1.0}",0.1079306876562498,-2.23806116278
mp-632686,"{'Ge': 2.0, 'Mn': 5.0}",0.0910745430769131,-0.017347189556649108
mp-632715,"{'F': 6.0, 'Cs': 3.0, 'Ce': 1.0}",0.0,-3.4854255907139997
mp-632723,"{'P': 1.0, 'Mg': 1.0, 'O': 9.0, 'H': 1.0}",0.4479538870833366,-1.1001983519137706
mp-632758,"{'Ca': 1.0, 'P': 1.0, 'O': 6.0, 'H': 4.0}",0.07495023921875442,-2.102656456672937
mp-633158,"{'Te': 1.0, 'Na': 1.0, 'F': 1.0, 'O': 6.0, 'H': 6.0}",0.0,-1.606005372694001
mp-6333,"{'In': 1.0, 'Na': 1.0, 'Si': 2.0, 'O': 6.0}",0.0,-2.8199036172500014
mp-633403,"{'As': 4.0, 'Cu': 3.0}",0.2641837757142857,0.2641837757142861
mp-634,"{'S': 1.0, 'Hg': 1.0}",0.00802335000000065,-0.4561444220312501
mp-634059,"{'S': 1.0, 'C': 1.0, 'N': 2.0, 'H': 4.0}",0.054257907812501394,-0.43345029650656297
mp-634113,"{'S': 1.0, 'Cd': 2.0, 'O': 6.0, 'H': 2.0}",0.003324836818180188,-1.7372858762547736
mp-634431,"{'C': 1.0, 'K': 1.0, 'O': 3.0, 'H': 1.0}",0.0,-1.92500801102
mp-634434,"{'Na': 1.0, 'C': 1.0, 'N': 2.0, 'H': 1.0}",0.024261783055556485,-0.4634545179259994
mp-634716,"{'Cu': 1.0, 'I': 4.0, 'N': 4.0, 'H': 12.0}",0.04473549202952309,-0.499561650140952
mp-634751,"{'Yb': 1.0, 'H': 2.0}",0.05917068833333295,-0.6484402290800002
mp-634817,"{'Ca': 1.0, 'Zn': 2.0, 'P': 2.0, 'O': 2.0}",0.7857891193367149,-0.957756948384354
mp-635413,"{'Cs': 3.0, 'Bi': 1.0}",0.0,-0.31520369999999986
mp-635460,"{'Au': 1.0, 'V': 3.0, 'N': 1.0}",2.9120539859999983,2.2413883655239992
mp-635469,"{'S': 1.0, 'Ce': 1.0, 'O': 1.0, 'Cu': 1.0}",0.07612267593749866,-2.276826065078125
mp-635471,"{'Ce': 1.0, 'Bi': 1.0}",0.1892547750000002,-0.5993180900000006
mp-636198,"{'Ce': 1.0, 'Cu': 1.0}",0.11470766999999782,0.0021807812499998747
mp-6362,"{'Ir': 1.0, 'Tb': 1.0, 'O': 6.0, 'Sr': 2.0}",0.0,-2.7869668019166673
mp-636212,"{'Fe': 2.0, 'Ga': 1.0, 'Co': 1.0}",0.14138971875000195,-0.036111934999999214
mp-636264,"{'La': 1.0, 'Sn': 2.0, 'Cu': 2.0}",0.0,-0.4563130385000001
mp-636279,"{'Pd': 3.0, 'Eu': 1.0}",0.031962118750001885,-0.5063660312499998
mp-636289,"{'W': 1.0, 'O': 3.0}",0.0010933993749997484,-2.1831288390624994
mp-636328,"{'Pd': 3.0, 'Ti': 1.0}",0.0,-0.6438889166666666
mp-636476,"{'Ru': 4.0, 'Sr': 1.0, 'O': 12.0, 'Cu': 3.0}",0.027234040375018864,-1.4731371027500009
mp-636559,"{'C': 4.0, 'N': 6.0, 'Cd': 1.0}",0.13819534947545353,0.10422020915636407
mp-636565,"{'In': 5.0, 'Yb': 1.0, 'Ir': 1.0}",0.0,-0.3349471485714289
mp-636614,"{'Y': 1.0, 'Pb': 2.0}",0.0,-0.3846235466666664
mp-636675,"{'I': 3.0, 'Ga': 2.0}",0.0,-0.4319032544999999
mp-636731,"{'Zr': 1.0, 'O': 8.0, 'Mo': 2.0}",0.002232067272725402,-2.542258700909092
mp-636821,"{'U': 6.0, 'Ni': 1.0}",0.04429931415178423,-0.015456381428573909
mp-636827,"{'Ti': 1.0, 'O': 2.0}",0.3038767329166667,-3.2146171976388884
mp-636943,"{'C': 1.0, 'O': 2.0, 'Ag': 1.0}",0.2771366950000003,-1.0642682209374996
mp-636946,"{'Fe': 6.0, 'Ge': 5.0}",0.02979307636363782,-0.09121151090909052
mp-637030,"{'Gd': 2.0, 'Al': 6.0, 'Si': 4.0, 'Pt': 1.0}",0.6589333771634616,0.15537753769230714
mp-637220,"{'Gd': 1.0, 'Si': 2.0, 'Pt': 2.0}",0.0,-1.0903046599999997
mp-637222,"{'Gd': 2.0, 'Al': 1.0, 'Co': 2.0}",0.0,-0.3501572760000002
mp-637242,"{'C': 2.0, 'N': 3.0, 'Rb': 1.0}",0.12183099333333568,-0.26962507910666744
mp-637378,"{'Gd': 3.0, 'N': 1.0, 'In': 1.0}",0.0,-1.0139694234759986
mp-637600,"{'Gd': 6.0, 'Br': 10.0, 'Co': 1.0}",0.0,-1.590803740294117
mp-637637,"{'C': 2.0, 'Rh': 1.0, 'Ce': 1.0}",0.13344594062500015,-0.2535745193750003
mp-637866,"{'Sc': 9.0, 'Ni': 5.0, 'Ge': 8.0}",0.0588266163636364,-0.7663245813636356
mp-638084,"{'Dy': 1.0, 'Ni': 1.0, 'Ge': 2.0}",0.0,-0.7081913368750001
mp-638253,"{'In': 4.0, 'Eu': 1.0}",0.01999991599999884,-0.2699969680000009
mp-638374,"{'Fe': 2.0, 'Nd': 1.0, 'O': 5.0, 'Ba': 1.0}",0.0,-2.6391620723611107
mp-638406,"{'Nb': 2.0, 'Mn': 1.0, 'O': 9.0, 'Ba': 3.0}",0.0,-3.141522778239287
mp-638558,"{'Eu': 1.0, 'Na': 10.0, 'Sn': 12.0}",0.0,-0.27666609369565204
mp-638729,"{'Zr': 1.0, 'Cs': 2.0, 'Cl': 6.0}",0.0,-2.3904651510622217
mp-638731,"{'La': 1.0, 'F': 1.0, 'C': 1.0, 'O': 3.0}",0.0,-3.1515429965872217
mp-638765,"{'Al': 2.0, 'O': 3.0}",1.0233305350000013,-2.418825537749999
mp-639160,"{'Gd': 2.0, 'Ge': 2.0, 'In': 1.0}",0.0,-0.7109841619999997
mp-639659,"{'In': 1.0, 'Cu': 1.0, 'Pt': 2.0}",0.00140268343750094,-0.364144435
mp-639727,{'Cs': 1.0},0.0018265374999999477,0.0018265374999999477
mp-639756,"{'In': 3.0, 'Dy': 1.0, 'Cu': 2.0}",0.1684590983333325,-0.11018657166666596
mp-639774,{'Sr': 1.0},0.3959807499999999,0.3959807499999999
mp-640051,"{'Pu': 2.0, 'Ni': 2.0, 'Sn': 1.0}",0.0,-0.258959340749999
mp-640189,"{'Ni': 1.0, 'Ti': 1.0}",0.023187692499999638,-0.37466289333333336
mp-640345,"{'Fe': 1.0, 'Cs': 2.0, 'C': 6.0, 'Mn': 1.0, 'N': 6.0}",0.025115761471354855,-0.2794077317599566
mp-640444,"{'Pb': 3.0, 'Ni': 1.0, 'Tb': 5.0}",0.0,-0.5369907137037033
mp-640597,"{'Ce': 3.0, 'Ge': 4.0, 'Ag': 4.0}",0.0,-0.44913263545454574
mp-640614,"{'In': 2.0, 'Se': 6.0, 'Si': 1.0, 'Ag': 2.0}",0.009726651363635595,-0.426822030596591
mp-640859,"{'Dy': 1.0, 'Mn': 4.0, 'O': 12.0, 'Cu': 3.0}",0.041033999187512826,-1.8541402382178616
mp-640862,"{'Te': 3.0, 'Sb': 16.0}",0.0,-0.05094217210526309
mp-640899,"{'Zn': 2.0, 'Ce': 2.0, 'Cu': 5.0}",0.037415995092592524,-0.15316164944444444
mp-640917,"{'Si': 1.0, 'O': 2.0}",2.4438446155555544,-0.840802075277778
mp-641,"{'S': 3.0, 'As': 2.0}",0.0,-0.5268653969375009
mp-641065,"{'Ho': 1.0, 'Mn': 4.0, 'O': 12.0, 'Cu': 3.0}",0.04394753168749865,-1.8517154997178624
mp-641534,"{'Se': 7.0, 'Si': 1.0, 'Nd': 3.0, 'Cu': 1.0}",0.0,-1.3607244704296877
mp-641635,"{'C': 1.0, 'Ca': 1.0, 'O': 3.0}",1.368846767000008,-1.3349618434999997
mp-641683,"{'Eu': 2.0, 'Ir': 2.0, 'O': 7.0}",0.0,-2.20537616125
mp-641918,"{'Zn': 1.0, 'Si': 1.0, 'O': 3.0}",0.057236490333365524,-2.64892379025
mp-641923,"{'Cs': 2.0, 'Sn': 1.0, 'Br': 6.0}",0.0,-1.2696893999999999
mp-641957,"{'Fe': 12.0, 'Nd': 1.0, 'B': 6.0}",0.02773665331578901,-0.27329890289473724
mp-642190,"{'S': 2.0, 'Ni': 3.0, 'Bi': 2.0}",0.0,-0.4889031511607139
mp-642458,"{'Pd': 1.0, 'In': 4.0, 'Ce': 1.0}",0.025161448531746625,-0.4390656608333335
mp-642654,"{'Sr': 1.0, 'O': 3.0, 'H': 2.0}",0.2867418254166667,-1.538988495998333
mp-642661,"{'Cl': 2.0, 'Ba': 1.0, 'O': 1.0, 'H': 2.0}",0.03085599583333298,-2.140940690418333
mp-642662,"{'H': 2.0, 'Cl': 2.0, 'O': 1.0, 'Sr': 1.0}",0.2929994916666665,-1.8442068662516669
mp-642779,"{'V': 2.0, 'Y': 2.0, 'O': 7.0}",0.6751705943181712,-2.565536603977272
mp-642783,"{'V': 2.0, 'O': 7.0, 'Lu': 2.0}",0.604638696818192,-2.6716120971590893
mp-642795,"{'S': 1.0, 'F': 2.0, 'P': 1.0, 'H': 1.0}",0.0,-1.669002396131548
mp-642804,"{'F': 2.0, 'P': 2.0, 'Cu': 2.0, 'K': 1.0, 'O': 8.0, 'H': 3.0}",0.015153420895054559,-2.0426709258016924
mp-642855,"{'Ge': 1.0, 'Mg': 3.0}",0.12975616708333382,-0.07818063666666664
mp-642890,"{'La': 1.0, 'Se': 1.0}",0.2398382425000003,-1.7612854855468747
mp-643052,"{'Cu': 1.0, 'N': 4.0, 'O': 4.0, 'H': 6.0}",0.2517077835319972,-0.7099397870826664
mp-643069,"{'Li': 2.0, 'I': 1.0, 'O': 1.0, 'H': 1.0}",0.0,-1.6214945734740005
mp-643099,"{'C': 1.0, 'N': 4.0, 'O': 3.0, 'H': 6.0}",0.8332792016299981,-0.10867574598142936
mp-643123,"{'K': 5.0, 'O': 2.0, 'Ag': 1.0, 'N': 2.0}",0.6589740587500006,-0.21741522622600012
mp-643306,"{'C': 1.0, 'S': 1.0, 'Pb': 1.0, 'N': 1.0, 'O': 1.0, 'H': 1.0}",0.20390783722222228,-0.7337230008437506
mp-643359,"{'N': 6.0, 'Rb': 2.0, 'Sn': 1.0, 'H': 12.0}",0.0122399939880955,-0.4888060627485712
mp-643364,"{'Pb': 1.0, 'Cl': 1.0, 'O': 1.0, 'H': 1.0}",0.0,-1.5109518770325003
mp-643365,"{'C': 2.0, 'K': 1.0, 'O': 3.0, 'H': 3.0}",0.1308102579166679,-1.277066326901111
mp-643371,"{'N': 6.0, 'K': 2.0, 'Sn': 1.0, 'H': 12.0}",0.0,-0.5055791660819045
mp-643378,"{'Cu': 1.0, 'Pb': 2.0, 'Cl': 2.0, 'O': 4.0, 'H': 4.0}",0.021367200576918318,-1.3761195389230765
mp-643564,"{'S': 1.0, 'Fe': 1.0, 'O': 5.0, 'H': 2.0}",0.0,-1.8461149919502775
mp-643666,"{'F': 4.0, 'N': 1.0, 'O': 1.0, 'In': 1.0, 'H': 5.0}",0.03451173736444524,-1.7715258692908329
mp-643754,"{'N': 1.0, 'Hg': 1.0, 'Cl': 1.0, 'H': 2.0}",0.10282894826199884,-0.5842051945759998
mp-643776,"{'Zn': 1.0, 'Na': 2.0, 'Se': 2.0, 'O': 10.0, 'H': 4.0}",0.0,-1.534814193903553
mp-643794,"{'S': 1.0, 'F': 1.0, 'O': 3.0, 'H': 1.0}",0.6038806872916611,-1.2678727691870837
mp-643814,"{'Zn': 2.0, 'Si': 1.0, 'O': 5.0, 'H': 2.0}",0.018422871583317683,-2.119593449849
mp-643912,"{'Ca': 5.0, 'Ge': 3.0, 'H': 1.0}",0.0,-0.6456465420688886
mp-644028,"{'Fe': 2.0, 'Cu': 1.0, 'As': 2.0, 'O': 10.0, 'H': 2.0}",0.06392718965685963,-1.5467329423376464
mp-644222,"{'Cd': 1.0, 'Cl': 1.0, 'O': 1.0, 'H': 1.0}",0.0,-1.4598280895324995
mp-644280,"{'Cu': 1.0, 'Ga': 1.0, 'Pt': 2.0}",0.0,-0.4781207712499995
mp-644281,"{'Ti': 1.0, 'Mg': 7.0, 'H': 16.0}",0.0893521539583344,-0.2281355487327777
mp-644324,"{'S': 2.0, 'Fe': 1.0, 'K': 2.0, 'O': 10.0, 'H': 4.0}",0.006022501271923275,-1.9698906218476315
mp-644389,"{'Pd': 1.0, 'Li': 2.0, 'H': 2.0}",0.0,-0.4829358814479995
mp-644431,"{'P': 3.0, 'Cl': 1.0, 'Cd': 2.0}",0.009075913958333182,-0.4593354112576194
mp-644445,"{'Cd': 1.0, 'Cl': 6.0, 'Rb': 4.0}",0.1402343677272735,-1.9219054845054544
mp-644497,"{'Ba': 1.0, 'O': 3.0, 'Ti': 1.0}",0.73604731,-2.7701248800833342
mp-644500,"{'Zn': 7.0, 'Mo': 1.0}",0.015718250000002154,-0.009370083749999923
mp-644672,"{'Cs': 3.0, 'V': 1.0, 'Cl': 6.0, 'O': 4.0, 'H': 8.0}",0.0,-1.712924891523636
mp-644693,{'Si': 1.0},0.4141897062500002,0.4141897062500002
mp-644707,"{'La': 5.0, 'Os': 3.0, 'Mn': 1.0, 'O': 16.0}",0.004543894033334439,-2.811196465393572
mp-644739,"{'La': 1.0, 'Ga': 6.0}",0.0,-0.3785780517857142
mp-644741,"{'In': 2.0, 'O': 3.0}",0.2454552557499721,-1.7818081802500003
mp-644751,"{'N': 1.0, 'B': 1.0}",0.27071669500000084,-1.2008327520233326
mp-644852,"{'Ca': 1.0, 'C': 2.0, 'Ba': 1.0, 'O': 6.0}",0.03237828050000058,-2.66759833
mp-644883,"{'S': 2.0, 'Ag': 3.0, 'Cu': 1.0}",0.03674533388888879,-0.2790768396875005
mp-6449,"{'S': 4.0, 'Cd': 1.0, 'Si': 1.0, 'Cu': 2.0}",0.0,-0.8461227476562501
mp-645,"{'P': 1.0, 'Tb': 1.0}",0.0,-1.616460707380952
mp-645135,"{'Tb': 2.0, 'Ni': 1.0, 'O': 6.0, 'Mn': 1.0}",0.0,-2.8054143453172653
mp-645295,"{'Na': 4.0, 'C': 1.0, 'O': 4.0}",0.30587741888888864,-1.5719607548611108
mp-645435,"{'Pb': 1.0, 'Sn': 4.0, 'O': 12.0, 'Cu': 3.0}",0.07416673887499048,-1.6421930002500005
mp-645593,"{'Sc': 1.0, 'Ca': 3.0, 'O': 6.0, 'Co': 1.0}",0.0,-3.0494154734090912
mp-645665,"{'Fe': 1.0, 'Mo': 2.0, 'O': 8.0, 'Rb': 1.0}",0.0,-2.1262903091666665
mp-6457,"{'La': 2.0, 'Mg': 1.0, 'O': 6.0, 'Ti': 1.0}",0.008222048249994174,-3.7046704179166663
mp-646399,"{'Gd': 1.0, 'Ni': 2.0, 'Ge': 2.0}",0.0,-0.6838122049999995
mp-646426,"{'Pd': 2.0, 'In': 1.0, 'U': 2.0}",0.19194248733333372,-0.160574471999999
mp-646548,"{'S': 3.0, 'Eu': 1.0, 'K': 1.0, 'As': 1.0}",0.007282766319446131,-1.461116597864584
mp-6467,"{'Na': 2.0, 'P': 2.0, 'O': 7.0, 'Cu': 1.0}",0.0,-2.3999441795783727
mp-646733,"{'In': 1.0, 'Sm': 1.0, 'Pt': 1.0}",0.5373282026666653,-0.32214690333333273
mp-646750,"{'Y': 5.0, 'Pb': 3.0, 'Cu': 1.0}",0.0,-0.5124674055555553
mp-647004,"{'Br': 1.0, 'Ti': 1.0, 'O': 1.0}",0.8976504616666645,-1.4917038459722232
mp-647102,"{'F': 2.0, 'K': 1.0, 'N': 1.0, 'O': 1.0}",0.013267573499995857,-1.7506101272020005
mp-647240,"{'In': 1.0, 'Rh': 2.0, 'Np': 2.0}",0.30758523975000074,0.041713225499999854
mp-647374,"{'Pb': 2.0, 'Sb': 2.0, 'O': 7.0}",0.4449471740909079,-1.3966755671590911
mp-647426,"{'Cs': 2.0, 'Br': 6.0, 'Np': 1.0}",0.0,-1.589456710416666
mp-647629,"{'Yb': 1.0, 'Cl': 1.0, 'O': 4.0, 'Mo': 1.0}",0.11823583714285225,-2.323511934037142
mp-647924,"{'Eu': 2.0, 'O': 3.0}",0.024113074666669117,-3.090536200083333
mp-647999,"{'Nb': 2.0, 'Cd': 2.0, 'O': 7.0}",0.2768953763636377,-2.2103561417045454
mp-6485,"{'La': 3.0, 'Se': 7.0, 'Si': 1.0, 'Ag': 1.0}",0.0,-1.4502452998046873
mp-649627,"{'S': 4.0, 'Sb': 1.0, 'Cu': 3.0}",0.490558085624996,-0.06966456265624997
mp-649933,"{'F': 1.0, 'O': 6.0, 'C': 2.0, 'Ba': 1.0, 'Ce': 1.0}",0.284422960075756,-2.6014771701081827
mp-650513,"{'In': 2.0, 'Ca': 3.0, 'As': 4.0}",0.0,-0.8163883216666663
mp-650715,"{'Be': 2.0, 'Ge': 1.0, 'O': 7.0, 'Gd': 2.0}",0.0,-3.265020731562501
mp-6511,"{'S': 1.0, 'C': 1.0, 'K': 1.0, 'N': 1.0}",0.004644390520832431,-0.6920698281731248
mp-651268,"{'S': 8.0, 'Fe': 2.0, 'Sn': 1.0, 'Cu': 6.0}",0.008791945588235706,-0.6227046224999995
mp-651814,"{'Cs': 1.0, 'V': 3.0, 'O': 8.0}",0.0,-2.3937014033333326
mp-651951,"{'Te': 1.0, 'V': 2.0, 'Mn': 1.0, 'O': 7.0}",0.0,-2.19755976100812
mp-6521,"{'La': 1.0, 'Li': 1.0, 'Ti': 1.0, 'O': 4.0}",0.028936688749999107,-3.4680900055952373
mp-653154,"{'Tl': 2.0, 'Ca': 2.0, 'Ba': 2.0, 'O': 10.0, 'Cu': 3.0}",0.03384620986842446,-1.9182401048684208
mp-653981,"{'Zr': 6.0, 'Ni': 1.0, 'Cl': 15.0}",0.0,-2.041497280859092
mp-654,"{'Fe': 17.0, 'Ce': 2.0}",0.036994850000001016,0.010616925263159254
mp-655360,"{'U': 1.0, 'I': 4.0}",0.0,-0.8345985910000003
mp-655461,"{'In': 1.0, 'Sr': 1.0}",0.0,-0.4451011249999999
mp-655580,"{'Ce': 1.0, 'Sn': 1.0, 'Cu': 4.0}",0.2983895610416658,0.05481069041666705
mp-655613,"{'Te': 7.0, 'Cs': 2.0, 'N': 2.0, 'Tb': 6.0}",0.0,-1.5424775438094116
mp-6568,"{'Ca': 1.0, 'C': 2.0, 'Ba': 1.0, 'O': 6.0}",0.005861463000000454,-2.6941151475
mp-6591,"{'F': 6.0, 'Al': 1.0, 'Li': 1.0, 'Sr': 1.0}",0.0,-3.8974359880155562
mp-6609,"{'Ru': 1.0, 'Ho': 1.0, 'Ba': 2.0, 'O': 6.0}",0.0,-2.87111015925
mp-661,"{'Al': 1.0, 'N': 1.0}",0.0,-1.5946841161899998
mp-6613,"{'Ta': 1.0, 'Y': 1.0, 'Ba': 2.0, 'O': 6.0}",0.0015961040000007642,-3.58624880375
mp-6628,"{'Cs': 1.0, 'Cd': 1.0, 'N': 3.0, 'O': 6.0}",0.0392194076393535,-1.1569050476945455
mp-6653,"{'Er': 1.0, 'Nb': 1.0, 'Ba': 2.0, 'O': 6.0}",0.0,-3.4932317417500003
mp-667192,"{'La': 4.0, 'C': 5.0, 'Cl': 2.0}",0.02276813920454579,-0.9422451045700004
mp-6674,"{'La': 2.0, 'Li': 1.0, 'Sb': 1.0, 'O': 6.0}",0.0,-3.07733182375
mp-6695,"{'Cd': 1.0, 'P': 2.0, 'Ba': 1.0, 'O': 7.0}",0.0,-2.8138320081764068
mp-676,"{'Ca': 1.0, 'N': 6.0}",0.0,-0.4807537848971433
mp-6794,"{'La': 1.0, 'C': 1.0, 'Rh': 2.0, 'B': 2.0}",0.0,-0.5964779582638885
mp-6798,"{'Na': 1.0, 'Re': 1.0, 'Ba': 2.0, 'O': 6.0}",0.0,-2.7063458047500006
mp-6799,"{'Ca': 4.0, 'Li': 1.0, 'N': 6.0, 'B': 3.0}",0.0,-1.3283799110199996
mp-6814,"{'C': 1.0, 'O': 1.0, 'Ag': 1.0, 'N': 1.0}",0.7298319090404162,0.05912945107166578
mp-6822,"{'Na': 1.0, 'Si': 2.0, 'Ga': 1.0, 'O': 6.0}",0.01931758733333222,-2.87621248075
mp-6829,"{'Cu': 2.0, 'Y': 2.0, 'Ba': 3.0, 'O': 10.0, 'Pt': 1.0}",0.00719587629629448,-2.527195596249999
mp-6853,"{'Ta': 1.0, 'Ca': 3.0, 'Si': 2.0, 'Ga': 3.0, 'O': 14.0}",0.0,-3.0986144670652176
mp-6855,"{'C': 6.0, 'Na': 1.0, 'K': 2.0, 'N': 6.0, 'Ag': 3.0}",0.2095263963368081,-0.11845939676555554
mp-6870,"{'Be': 2.0, 'K': 1.0, 'F': 2.0, 'O': 3.0, 'B': 1.0}",0.0,-3.1928855336440742
mp-689442,"{'W': 2.0, 'In': 1.0, 'O': 8.0, 'Cu': 1.0}",0.03777842130207265,-1.9219123583333333
mp-690,"{'S': 5.0, 'P': 4.0}",0.004529449236115646,-0.5338098864103844
mp-690515,"{'Se': 2.0, 'K': 2.0, 'Co': 1.0, 'O': 10.0, 'H': 2.0}",0.04406945220587577,-1.4270377954075002
mp-690653,"{'Na': 1.0, 'C': 1.0, 'N': 4.0, 'O': 1.0, 'H': 3.0}",0.07974033899999887,-0.6360768655379999
mp-690684,"{'Na': 2.0, 'B': 1.0, 'Cl': 1.0, 'O': 4.0, 'H': 4.0}",0.005774023541667006,-1.922375402450556
mp-690687,"{'F': 1.0, 'I': 1.0, 'O': 1.0, 'Ag': 2.0, 'H': 2.0}",0.0,-1.0481845320971424
mp-690725,"{'S': 1.0, 'Tl': 1.0, 'Cu': 1.0, 'O': 5.0, 'H': 1.0}",0.010801609583332095,-1.5708013726591663
mp-690733,"{'S': 1.0, 'O': 4.0, 'H': 2.0}",0.0,-1.6867274394717848
mp-690760,"{'Ti': 1.0, 'H': 1.0}",0.0012399895833334895,-0.4373649763933338
mp-6917,"{'Tm': 1.0, 'Sn': 1.0, 'Ag': 1.0}",0.0,-0.5508492599999997
mp-692,"{'C': 1.0, 'Tb': 2.0}",0.0,-0.2593938473611104
mp-6942,"{'S': 4.0, 'Ho': 2.0, 'Cd': 1.0}",0.0,-2.0529969001785724
mp-6955,"{'K': 1.0, 'Ge': 1.0, 'O': 1.0, 'N': 1.0}",0.0,-1.2940945271575002
mp-6956,"{'Fe': 2.0, 'La': 1.0, 'P': 2.0}",0.0,-0.992946460738095
mp-695829,"{'Se': 1.0, 'Rb': 1.0, 'O': 4.0, 'H': 1.0}",0.0004671284523798392,-1.541714625078155
mp-695887,"{'P': 4.0, 'K': 3.0, 'O': 14.0, 'Cu': 2.0, 'H': 1.0}",0.0,-2.340076519104206
mp-6961,"{'Pd': 2.0, 'Sb': 2.0, 'Sr': 1.0}",0.024654070000000416,-0.7611295899999995
mp-696298,"{'B': 1.0, 'C': 1.0, 'O': 1.0, 'H': 2.0}",0.6901968402916658,-0.4482264322813329
mp-6964,"{'Na': 1.0, 'O': 2.0, 'Tb': 1.0}",0.0,-3.1507648110416664
mp-696588,"{'P': 1.0, 'H': 3.0}",0.051533047136190564,0.051533047136190564
mp-696590,"{'F': 6.0, 'Ti': 1.0, 'N': 2.0, 'H': 8.0}",0.007944268823529832,-1.935549188678039
mp-696649,"{'K': 1.0, 'I': 3.0, 'O': 1.0, 'H': 2.0}",0.005646511071428328,-1.0187692262128567
mp-696678,"{'P': 1.0, 'N': 1.0, 'O': 2.0, 'H': 2.0}",1.6332980702083324,0.06330945996412751
mp-696695,"{'Ca': 1.0, 'C': 1.0, 'Ba': 1.0, 'O': 3.0}",0.5873933426041669,-2.1160168679166658
mp-696717,"{'O': 4.0, 'H': 7.0}",0.7413175993749954,-0.5862961900309093
mp-696752,"{'K': 1.0, 'P': 1.0, 'O': 4.0, 'H': 2.0}",0.004919771249999982,-2.2396528819169044
mp-696776,"{'Al': 3.0, 'P': 2.0, 'Ba': 1.0, 'O': 14.0, 'H': 2.0}",0.10589737588068272,-2.5403171723150213
mp-696842,"{'Se': 2.0, 'Na': 1.0, 'O': 6.0, 'H': 3.0}",0.008330750364582862,-1.4049665921289585
mp-696878,"{'Ca': 1.0, 'K': 3.0, 'P': 2.0, 'O': 8.0, 'H': 1.0}",0.0,-2.7524196076540317
mp-696904,"{'Ca': 1.0, 'C': 2.0, 'Bi': 2.0, 'O': 2.0}",1.1422894759821425,-0.2981096800000001
mp-696949,"{'Te': 1.0, 'Li': 3.0, 'O': 4.0, 'H': 1.0}",0.0,-1.969261658735556
mp-697033,"{'C': 1.0, 'Cl': 2.0, 'Cd': 1.0, 'N': 2.0, 'O': 1.0, 'H': 4.0}",0.0,-0.9920920032509088
mp-697135,"{'S': 1.0, 'H': 2.0}",0.04916814624999999,-0.4227270308508337
mp-697146,"{'Zn': 1.0, 'O': 2.0, 'H': 2.0}",0.01497413949999871,-1.540538361947999
mp-697540,"{'N': 1.0, 'K': 3.0, 'Ge': 1.0, 'O': 3.0, 'H': 2.0}",0.0,-1.5220278273370007
mp-6983,"{'Na': 1.0, 'O': 1.0, 'Ag': 1.0}",0.0,-1.0574851462499997
mp-6988,"{'Fe': 1.0, 'N': 1.0}",0.0,-0.3118125111900003
mp-699173,"{'F': 7.0, 'Cs': 1.0, 'I': 1.0, 'H': 1.0}",0.0,-2.2622127086950004
mp-699243,"{'La': 5.0, 'Re': 3.0, 'Mg': 1.0, 'O': 16.0}",0.029441881000005662,-3.1193257007
mp-6999,"{'Sc': 1.0, 'S': 4.0, 'P': 1.0}",0.0,-1.3761035048908734
mp-7013,"{'Be': 2.0, 'Ho': 2.0, 'Si': 1.0, 'O': 7.0}",0.0,-3.6071316398958335
mp-7020,"{'Li': 1.0, 'Y': 1.0, 'O': 2.0}",0.0,-3.2706866643750008
mp-7025,"{'Au': 1.0, 'Te': 1.0, 'Rb': 1.0}",0.006497956666666305,-0.6821388883333332
mp-703295,"{'Sr': 1.0, 'I': 2.0, 'O': 1.0, 'H': 2.0}",0.0007942937499993974,-1.5518924893316666
mp-7038,"{'Pd': 2.0, 'Tl': 1.0, 'Se': 3.0}",0.0,-0.3942485534635416
mp-7041,"{'Ca': 1.0, 'Hg': 1.0, 'O': 2.0}",0.0,-2.106647368125
mp-7045,"{'S': 2.0, 'Gd': 1.0, 'Rb': 1.0}",0.0,-2.17959084078125
mp-7046,"{'S': 2.0, 'Dy': 1.0, 'Rb': 1.0}",0.0,-2.1887949445312507
mp-7049,"{'S': 3.0, 'Zr': 1.0, 'Tl': 1.0, 'Cu': 1.0}",0.0,-1.3225338861979177
mp-7050,"{'Zr': 1.0, 'Tl': 1.0, 'Se': 3.0, 'Cu': 1.0}",0.0,-0.8682116717968752
mp-7068,"{'Al': 2.0, 'Si': 2.0, 'Sr': 3.0}",0.0,-0.4077330985714284
mp-7073,"{'S': 3.0, 'Ba': 1.0, 'Ti': 1.0}",0.0048742802500019175,-2.0463613607708337
mp-7074,"{'Sc': 1.0, 'Na': 1.0, 'Si': 2.0, 'O': 6.0}",0.0,-3.33689795025
mp-7077,"{'S': 1.0, 'Au': 1.0, 'K': 1.0}",0.0,-0.9864341330208338
mp-7086,"{'Fe': 1.0, 'Se': 2.0, 'Rb': 1.0}",0.0,-0.6606737630468746
mp-7090,"{'Na': 1.0, 'Sb': 1.0, 'Mg': 1.0}",0.0,-0.5179891049999998
mp-7093,"{'Ho': 1.0, 'Ge': 1.0, 'Ag': 1.0}",0.16170191444444626,-0.4137974272222217
mp-710,"{'P': 1.0, 'Sm': 1.0}",0.0,-1.5743251290476197
mp-7100,"{'La': 1.0, 'F': 1.0, 'O': 1.0}",0.0,-4.279749504980002
mp-7104,"{'F': 3.0, 'Cs': 1.0, 'Ca': 1.0}",0.0,-3.749472087714
mp-7113,"{'S': 2.0, 'Au': 1.0, 'Cr': 1.0}",0.0,-0.8338938695312503
mp-7121,"{'Al': 2.0, 'Dy': 1.0, 'Si': 2.0}",0.010398741000000378,-0.37395523
mp-7126,"{'Ti': 1.0, 'Sb': 1.0, 'Sn': 1.0}",0.0,-0.33262014805555634
mp-7131,"{'Te': 1.0, 'Pr': 1.0}",0.0944881500000001,-1.3462635900000004
mp-7143,"{'Pu': 1.0, 'Ba': 1.0, 'O': 3.0}",0.023948902500000813,-3.4040158381249994
mp-7148,"{'Ta': 2.0, 'K': 2.0, 'O': 7.0, 'Sr': 1.0}",0.0,-3.171107873229167
mp-714972,"{'V': 8.0, 'O': 1.0}",1.3869138478240777,0.9176261870833334
mp-7151,"{'Cs': 1.0, 'U': 1.0, 'Se': 3.0, 'Cu': 1.0}",0.0,-1.078892539296875
mp-715434,"{'Ni': 1.0, 'O': 1.0}",0.0,-0.9342371256249996
mp-715488,"{'O': 2.0, 'Cr': 1.0}",0.08491399166666724,-1.9693647675000008
mp-715557,"{'W': 3.0, 'O': 8.0}",0.011256897797217393,-2.132871820909092
mp-7158,"{'Al': 2.0, 'Ge': 2.0, 'Lu': 1.0}",0.003074334999999984,-0.3577588659999996
mp-7163,{'Tb': 1.0},0.009841293333334278,0.009841293333334278
mp-7169,"{'Tm': 1.0, 'P': 1.0, 'Pt': 1.0}",0.0,-1.3306455610317467
mp-7176,"{'La': 1.0, 'Se': 2.0, 'Rb': 1.0}",0.0,-1.8149995361718747
mp-7181,"{'Ta': 3.0, 'Cs': 1.0, 'O': 10.0, 'Sr': 2.0}",0.0,-3.3777141270312496
mp-7189,"{'Pd': 1.0, 'Al': 1.0}",0.0024584848076916192,-0.9117581274999996
mp-7192,"{'Sc': 2.0, 'Sb': 1.0}",0.0,-0.7851910783333338
mp-7199,"{'Te': 4.0, 'Pr': 1.0, 'Rb': 1.0}",0.0,-0.9646006750000004
mp-7211,"{'Cs': 1.0, 'Pr': 1.0, 'Hg': 1.0, 'Se': 3.0}",0.0,-1.2425308001302091
mp-7221,"{'Pd': 4.0, 'Nb': 5.0, 'As': 4.0}",0.06548276080769266,-0.5000597161538456
mp-7223,"{'Ca': 3.0, 'As': 1.0, 'N': 1.0}",0.00597979799999937,-1.1688004774760004
mp-7224,"{'C': 2.0, 'Th': 1.0}",0.0,-0.25124029250000035
mp-722516,"{'Zn': 2.0, 'P': 1.0, 'O': 5.0, 'H': 1.0}",0.0015880009722222257,-2.154216457551693
mp-722684,"{'Al': 1.0, 'K': 1.0, 'P': 4.0, 'O': 14.0, 'H': 4.0}",0.0,-2.4856037997650406
mp-722860,"{'S': 2.0, 'Na': 2.0, 'Mg': 1.0, 'O': 8.0, 'H': 4.0}",0.029211564676700164,-1.9884906957414696
mp-7229,"{'B': 5.0, 'Mo': 2.0}",0.44770292476190665,0.07998994095238032
mp-7257,"{'F': 2.0, 'Na': 1.0, 'K': 3.0, 'O': 6.0, 'P': 2.0}",0.0014598891071413431,-2.784498640790748
mp-726,"{'Se': 1.0, 'O': 2.0}",0.0,-1.1671987474479166
mp-7281,"{'Dy': 3.0, 'Ni': 2.0}",0.0,-0.3715913009999994
mp-7290,"{'S': 6.0, 'Er': 3.0, 'Ga': 1.0}",0.0,-2.1214819699375003
mp-7297,"{'F': 6.0, 'Cs': 2.0, 'Sn': 1.0}",0.0,-3.0729578330155563
mp-7298,"{'P': 2.0, 'Li': 1.0, 'Cu': 2.0}",0.0,-0.3223426072380953
mp-7323,"{'Be': 2.0, 'Rb': 1.0, 'F': 2.0, 'O': 3.0, 'B': 1.0}",0.0,-3.1920790791996296
mp-7332,"{'P': 5.0, 'Nd': 1.0}",0.0,-0.5401814625793655
mp-7339,"{'Si': 1.0, 'Ba': 1.0, 'O': 3.0}",0.02189365450000036,-3.39644000925
mp-7342,"{'Ir': 1.0, 'Sm': 3.0}",0.0,-0.491215167500001
mp-7343,"{'Y': 3.0, 'Pt': 1.0}",0.0,-0.7055140468750007
mp-7347,"{'La': 1.0, 'Ru': 4.0, 'B': 4.0}",0.0,-0.4845664676851855
mp-7359,"{'As': 1.0, 'Ba': 1.0, 'Ag': 1.0}",0.0,-0.7906767466666663
mp-7366,"{'Sn': 2.0, 'Ag': 2.0, 'Sr': 1.0}",0.0,-0.3592379559999997
mp-7375,"{'Nb': 1.0, 'K': 1.0, 'O': 3.0}",0.0,-2.8723248627500007
mp-7376,"{'Al': 2.0, 'Sn': 2.0, 'Sr': 3.0}",0.0,-0.5153671600000003
mp-7378,"{'Na': 1.0, 'Cd': 1.0, 'As': 1.0}",0.0,-0.3872215500000002
mp-7381,"{'Mg': 3.0, 'Tb': 1.0}",0.0,-0.08484487041666622
mp-7386,"{'F': 4.0, 'Na': 1.0, 'Ag': 1.0}",0.0,-1.997441616626667
mp-7388,"{'Au': 1.0, 'F': 4.0, 'Na': 1.0}",0.0,-2.022042840793333
mp-739,"{'P': 1.0, 'Ti': 1.0}",0.0,-1.1859229886309537
mp-7405,"{'Al': 1.0, 'Sm': 1.0, 'O': 3.0}",0.0,-3.713939383250001
mp-743,"{'N': 3.0, 'Rb': 1.0}",0.0,-0.4308450305350009
mp-743616,"{'Fe': 1.0, 'F': 5.0, 'K': 2.0, 'O': 1.0, 'H': 2.0}",0.0,-2.5613992354036363
mp-743660,"{'Fe': 1.0, 'O': 2.0, 'H': 1.0}",0.040736648437500016,-1.6593795465300003
mp-7437,"{'K': 1.0, 'Zn': 1.0, 'P': 1.0}",0.0,-0.4605970610317461
mp-743731,"{'F': 5.0, 'K': 2.0, 'Mn': 1.0, 'O': 1.0, 'H': 2.0}",0.0,-2.558315191979937
mp-7438,"{'Zn': 1.0, 'K': 1.0, 'Sb': 1.0}",0.0,-0.4062814049999999
mp-743869,"{'Se': 1.0, 'V': 1.0, 'O': 5.0, 'H': 2.0}",0.0255095052777774,-1.6667590863426385
mp-743906,"{'La': 5.0, 'Re': 3.0, 'Mn': 1.0, 'O': 16.0}",0.031153436780000376,-3.034174348593573
mp-7461,"{'S': 1.0, 'Hg': 2.0, 'O': 4.0}",0.0,-1.4556757627232149
mp-7470,"{'Cu': 1.0, 'O': 1.0, 'Rb': 1.0}",0.0,-1.199996815416667
mp-7472,"{'Au': 1.0, 'O': 2.0, 'Rb': 1.0}",0.0,-1.1478001943749998
mp-7475,"{'S': 3.0, 'La': 2.0}",0.0,-2.5997532464375004
mp-7476,"{'Dy': 1.0, 'O': 2.0, 'Rb': 1.0}",0.0,-3.061761728125
mp-7478,"{'Tm': 1.0, 'O': 2.0, 'Rb': 1.0}",0.0,-3.1055404443749994
mp-7486,"{'S': 2.0, 'Ni': 1.0, 'Ba': 1.0}",0.035067198645833735,-1.5233943770312504
mp-7487,"{'Ba': 1.0, 'O': 1.0}",0.13316519000000238,-2.700389415625
mp-7502,"{'K': 2.0, 'Sn': 2.0, 'O': 3.0}",0.008235798571426756,-1.7550553576785712
mp-7505,"{'Pd': 1.0, 'K': 2.0, 'P': 2.0}",0.0,-0.5339374192380959
mp-7507,"{'Li': 2.0, 'Sr': 3.0}",0.0,-0.0021802839999999434
mp-7524,"{'Nb': 1.0, 'Se': 1.0, 'P': 1.0}",0.05130397365079276,-0.6965798638963298
mp-753,"{'Zn': 1.0, 'Sb': 1.0}",0.0,-0.028964265624999982
mp-7531,"{'Al': 6.0, 'Ca': 4.0, 'O': 13.0}",0.013672225362332036,-3.453112840706521
mp-754,"{'Te': 2.0, 'Rh': 1.0}",0.0,-0.4066022658333335
mp-7540,"{'P': 1.0, 'Cu': 3.0}",0.058018004687500735,0.014272412976191085
mp-7547,"{'Se': 2.0, 'Ba': 1.0}",0.0,-1.3882169490625005
mp-755,"{'Sb': 2.0, 'Co': 1.0}",0.003135987916667027,-0.17461099833333313
mp-7554,"{'Au': 1.0, 'Li': 1.0, 'Mg': 1.0, 'Sn': 1.0}",0.0633648781249998,-0.4074906812500001
mp-7560,"{'O': 3.0, 'Lu': 1.0, 'B': 1.0}",0.0,-3.5840953630833328
mp-7573,"{'W': 2.0, 'Co': 1.0, 'B': 2.0}",0.0,-0.4562110616666672
mp-7575,"{'Zn': 1.0, 'Li': 1.0, 'N': 1.0}",0.0,-0.3890902374599996
mp-7576,"{'Si': 1.0, 'Cr': 1.0}",0.06867611999999834,-0.2952230425
mp-7580,"{'S': 2.0, 'F': 2.0, 'Hg': 3.0}",0.0,-1.080433147929286
mp-7582,"{'S': 2.0, 'Ge': 1.0}",0.020686237708333444,-0.7555509393749998
mp-7583,"{'S': 2.0, 'Si': 1.0}",0.05171842166666618,-1.0692739527083333
mp-7589,"{'F': 1.0, 'Mg': 2.0, 'N': 1.0}",0.006459690104166249,-2.0109804821425
mp-7595,"{'F': 2.0, 'Ge': 1.0}",0.0,-2.4086216524599995
mp-7596,"{'Nb': 1.0, 'N': 1.0, 'O': 1.0}",0.0,-1.988406512876666
mp-7598,"{'Nb': 1.0, 'As': 2.0}",0.0,-0.5217734816666658
mp-7601,"{'Nb': 1.0, 'Ga': 1.0, 'O': 4.0}",0.0,-2.7397564183333336
mp-7608,"{'Pd': 1.0, 'Li': 2.0, 'O': 2.0}",0.0,-1.6410656364999994
mp-7610,"{'Li': 2.0, 'Ca': 1.0, 'Si': 1.0, 'O': 4.0}",0.0,-3.0449065668749995
mp-7617,"{'F': 6.0, 'Y': 1.0, 'Rb': 3.0}",0.009433402750000042,-3.5079728477139995
mp-7618,"{'F': 6.0, 'Cs': 3.0, 'Y': 1.0}",0.0,-3.530701526714
mp-7621,"{'Tc': 1.0, 'K': 1.0, 'O': 4.0}",0.0,-2.1773745858333333
mp-7622,"{'S': 1.0, 'K': 1.0, 'O': 4.0}",0.15629938322916906,-1.9130784106770828
mp-7624,"{'Er': 2.0, 'Si': 2.0, 'O': 7.0}",0.0030686990909085665,-3.714221478068183
mp-7625,"{'Re': 1.0, 'Y': 3.0, 'B': 7.0}",0.0,-0.6056501578787871
mp-7634,"{'As': 1.0, 'Cu': 3.0}",0.06761871875000036,0.06761871875000007
mp-764,"{'Ce': 1.0, 'Co': 5.0}",0.01857302666666794,-0.1050681691666675
mp-7643,"{'K': 2.0, 'Sb': 1.0, 'Ag': 1.0}",0.0,-0.4157602725
mp-7651,"{'Th': 1.0, 'Si': 1.0, 'O': 4.0}",0.03542485375000126,-3.8087563529166664
mp-7664,"{'Na': 6.0, 'Zn': 1.0, 'O': 4.0}",0.0,-1.5656315654545454
mp-7670,"{'Se': 3.0, 'K': 2.0}",0.0,-0.8045663331562501
mp-7684,"{'Tl': 3.0, 'As': 1.0, 'Se': 3.0}",0.0,-0.3149045543973215
mp-7688,"{'Cd': 1.0, 'Li': 2.0, 'Ge': 1.0, 'O': 4.0}",0.0,-2.132354388125
mp-7691,"{'B': 4.0, 'Y': 1.0, 'Mo': 1.0}",0.0,-0.6167099665277777
mp-7693,"{'Tm': 2.0, 'Ba': 1.0, 'F': 8.0}",0.0,-4.451349734501818
mp-7703,"{'Ta': 1.0, 'Dy': 1.0, 'O': 4.0}",0.0,-3.757537250833333
mp-7705,"{'Fe': 1.0, 'Nb': 1.0, 'B': 1.0}",0.38792734555555697,-0.1203973299999998
mp-7707,"{'Zr': 1.0, 'Si': 2.0, 'Ni': 2.0}",0.0,-0.8212400020000004
mp-7719,"{'S': 2.0, 'Tm': 1.0, 'Na': 1.0, 'O': 8.0}",0.0,-2.6676059094270834
mp-7720,"{'Ce': 2.0, 'Ni': 1.0, 'Ga': 10.0}",0.008913083776216801,-0.4219460130769231
mp-7744,"{'S': 1.0, 'F': 1.0, 'Li': 1.0, 'O': 3.0}",0.0,-2.351555866500417
mp-7755,{'Se': 1.0},0.18050481140624972,0.18050481140624972
mp-7756,"{'Li': 1.0, 'Sb': 1.0, 'Sr': 1.0}",0.0,-0.9596372108333332
mp-7774,"{'Au': 1.0, 'Na': 2.0, 'Sb': 1.0}",0.0,-0.4639141800000002
mp-7794,"{'S': 2.0, 'K': 1.0, 'Sn': 1.0}",0.04356889953124998,-1.0293619770312508
mp-7814,"{'S': 2.0, 'Ta': 2.0, 'C': 1.0}",0.0,-1.2045403393750007
mp-7817,"{'Y': 1.0, 'B': 12.0}",0.0,-0.24397944538461594
mp-7830,"{'U': 1.0, 'O': 1.0}",0.21268879025000054,-2.6126007281250008
mp-7874,"{'Li': 1.0, 'Ge': 1.0, 'Ga': 1.0}",0.0,-0.2680041416666666
mp-7895,"{'O': 1.0, 'Rb': 1.0}",0.0,-1.2406207981250006
mp-79,{'Zn': 1.0},0.0,0.0
mp-7911,"{'K': 1.0, 'O': 1.0, 'Cu': 1.0}",0.0,-1.2348515354166665
mp-7921,"{'Pd': 1.0, 'F': 6.0, 'Mg': 1.0}",0.0,-2.4499383040175005
mp-7932,"{'S': 1.0, 'U': 1.0, 'Si': 1.0}",0.6147454308333336,-0.5915383813541671
mp-7935,"{'Te': 1.0, 'U': 1.0, 'Sb': 1.0}",0.0,-0.5466461033333326
mp-7938,"{'S': 2.0, 'Nb': 1.0, 'K': 1.0}",0.0,-1.4979448970312506
mp-7943,"{'Li': 1.0, 'As': 1.0}",0.0,-0.4859489087499997
mp-7948,"{'Re': 1.0, 'Si': 1.0}",0.0,-0.30163157874999946
mp-7951,"{'Se': 2.0, 'Th': 1.0}",0.0,-1.7343771732291675
mp-7954,"{'Nd': 2.0, 'O': 3.0}",0.2494504865000025,-3.5491993867500002
mp-7955,"{'Li': 3.0, 'Sb': 1.0}",0.0033612725000002897,-0.6302732449999997
mp-7956,"{'Na': 3.0, 'Sb': 1.0}",0.0,-0.438433195
mp-7959,"{'Er': 1.0, 'K': 1.0, 'O': 2.0}",0.0,-3.159424265625
mp-7961,"{'Sn': 1.0, 'O': 1.0, 'Sr': 3.0}",0.0,-1.6591578422500004
mp-7983,"{'Si': 1.0, 'Mg': 2.0, 'O': 4.0}",0.3795149253571424,-2.8595486978571434
mp-7988,"{'Cs': 2.0, 'O': 1.0}",0.0,-1.2236788204166666
mp-7998,"{'Li': 2.0, 'Ge': 2.0, 'O': 5.0}",1.4979074064669364e-05,-2.2598001379166672
mp-8013,"{'F': 6.0, 'Ru': 1.0, 'K': 1.0}",0.0,-2.4608183002675
mp-8016,"{'Al': 1.0, 'Se': 2.0, 'Cu': 1.0}",0.0,-0.6274235830468755
mp-8023,"{'Al': 1.0, 'O': 1.0}",1.3050479733333349,-1.5634154206249995
mp-803,"{'Al': 2.0, 'Dy': 1.0}",0.0,-0.5191467549999995
mp-8039,"{'F': 3.0, 'Al': 1.0}",0.0006026375000001137,-3.8899910646425004
mp-8041,"{'S': 1.0, 'Rb': 2.0}",0.0,-1.227483981354167
mp-8046,"{'Ta': 4.0, 'N': 5.0}",0.025888779206344026,-1.3072479446555558
mp-8062,"{'C': 1.0, 'Si': 1.0}",0.000718860833332613,-0.20423212437500027
mp-8073,"{'Pd': 2.0, 'As': 1.0}",0.0,-0.37897673249999936
mp-8079,"{'W': 2.0, 'B': 5.0}",0.5469679661904774,0.2605655509523816
mp-8081,"{'F': 6.0, 'Na': 2.0, 'Sn': 1.0}",0.0,-3.015603968015556
mp-8084,"{'Nb': 6.0, 'Na': 1.0, 'O': 15.0, 'F': 1.0}",0.05858943793477955,-2.989556237823477
mp-8086,"{'Na': 2.0, 'Zn': 2.0, 'O': 3.0}",0.003572298571427268,-1.7174242805357145
mp-8110,"{'Al': 1.0, 'O': 3.0, 'B': 1.0}",0.03068747853846077,-3.1336273720833336
mp-8121,"{'Sm': 1.0, 'Si': 1.0, 'Cu': 1.0}",0.0,-0.6414657766666672
mp-8125,"{'Si': 1.0, 'Lu': 1.0, 'Cu': 1.0}",0.0,-0.6512432566666663
mp-8126,"{'Si': 1.0, 'Y': 1.0, 'Cu': 1.0}",0.0,-0.6797147149999999
mp-8137,"{'S': 1.0, 'O': 1.0, 'Np': 1.0}",0.0,-2.6964046096874994
mp-8153,"{'Na': 1.0, 'P': 1.0, 'Hg': 1.0, 'O': 4.0}",0.0,-2.1277022690136045
mp-8161,"{'Pd': 1.0, 'F': 4.0, 'Ca': 1.0}",0.0,-2.854328745793333
mp-8177,"{'F': 2.0, 'Hg': 1.0}",0.0,-1.7260256741266666
mp-8188,"{'Sc': 1.0, 'K': 1.0, 'O': 2.0}",0.0,-3.115451128125
mp-8190,"{'S': 3.0, 'Tl': 2.0, 'Si': 1.0}",0.0,-0.9309333145312508
mp-8194,"{'P': 2.0, 'Ge': 1.0, 'Ba': 2.0}",0.0,-0.8513014772380956
mp-82,{'Tl': 1.0},0.0005388250000000205,0.0005388250000000205
mp-8200,"{'P': 2.0, 'Ag': 1.0}",0.014437379015151741,-0.011001071230159216
mp-8203,"{'S': 6.0, 'Zr': 1.0, 'P': 2.0}",0.0,-1.1067062528406082
mp-8212,"{'Cd': 1.0, 'O': 6.0, 'Pt': 3.0}",0.0,-1.0944818107499998
mp-8216,"{'La': 1.0, 'O': 3.0, 'B': 1.0}",0.0,-3.5389891965833327
mp-8217,"{'F': 6.0, 'Cs': 2.0, 'Ge': 1.0}",0.0,-3.0835745191266666
mp-8218,"{'Al': 1.0, 'Pr': 1.0, 'O': 3.0}",0.017970849000002787,-3.6573676567500013
mp-8244,"{'Tl': 1.0, 'Se': 8.0, 'Ti': 5.0}",0.0027488941517850307,-1.1040982144345233
mp-8256,"{'F': 6.0, 'Zn': 1.0, 'Pt': 1.0}",0.0,-2.0496768683925
mp-8261,"{'Yb': 4.0, 'Ba': 3.0, 'O': 9.0}",0.1800319093749989,-2.8115019144531264
mp-8277,"{'P': 2.0, 'Cd': 2.0, 'Sr': 1.0}",0.0,-0.5976116032380949
mp-828,"{'Si': 1.0, 'Ni': 3.0}",0.0,-0.4588902599999996
mp-8294,"{'Cs': 2.0, 'Li': 2.0, 'Ti': 1.0, 'O': 4.0}",0.0,-2.549862217407408
mp-8314,"{'Cs': 2.0, 'As': 1.0, 'Na': 1.0, 'O': 4.0}",0.0,-2.0563433368749995
mp-8348,"{'F': 6.0, 'Tl': 1.0, 'Sb': 1.0}",0.0,-2.6483214496424994
mp-8355,"{'Al': 1.0, 'K': 1.0, 'Si': 1.0, 'O': 4.0}",0.0025919269642855625,-3.203578817857143
mp-8361,"{'Te': 1.0, 'Cs': 1.0}",0.0,-0.8664947787500004
mp-8382,"{'P': 1.0, 'O': 4.0, 'Ce': 1.0}",0.0,-3.406472772738096
mp-8388,"{'F': 4.0, 'K': 2.0, 'Cu': 1.0}",0.0,-2.55770437068
mp-8393,"{'S': 3.0, 'Tl': 3.0, 'Sb': 1.0}",0.0,-0.6235766131696429
mp-84,{'Sn': 1.0},0.04650430500000047,0.04650430500000047
mp-8408,"{'Er': 1.0, 'Rh': 4.0, 'B': 4.0}",0.007621245333334414,-0.5863264507407406
mp-8409,"{'K': 1.0, 'Y': 1.0, 'O': 2.0}",0.0,-3.107573620625
mp-8411,"{'Na': 2.0, 'As': 1.0, 'Ag': 1.0}",0.0,-0.3878243462500004
mp-8412,"{'Ce': 1.0, 'Li': 1.0, 'O': 2.0}",0.04267412687499217,-3.0930048125
mp-8424,"{'Pr': 1.0, 'Li': 8.0, 'O': 6.0}",0.07059301049999878,-2.224495009166666
mp-8425,"{'Li': 8.0, 'O': 6.0, 'Tb': 1.0}",0.04917794049999902,-2.289927455611112
mp-8435,"{'S': 6.0, 'Pd': 1.0, 'Ta': 2.0}",0.0,-1.2887798538194448
mp-8436,"{'Pd': 1.0, 'Ta': 2.0, 'Se': 6.0}",0.0,-0.6930305223958341
mp-8450,"{'Li': 2.0, 'Ge': 1.0, 'O': 4.0, 'Rb': 2.0}",0.0,-2.1382991183333324
mp-8453,"{'Na': 1.0, 'O': 1.0, 'Rb': 1.0}",0.0118867333333319,-1.2913639204166667
mp-8459,"{'S': 1.0, 'Cd': 1.0, 'O': 4.0}",0.0,-1.959792527343749
mp-8467,"{'Y': 1.0, 'Ni': 1.0, 'Ge': 3.0}",0.0,-0.5790398859999989
mp-8484,"{'Zn': 1.0, 'O': 2.0}",0.1432267770833331,-1.055172535
mp-8490,"{'Li': 1.0, 'Ge': 1.0}",0.0051865714583332325,-0.27709520166666657
mp-849060,"{'S': 2.0, 'V': 1.0}",0.01899508999999977,-1.2952055860416678
mp-85,{'In': 1.0},0.0,0.0
mp-850083,"{'S': 5.0, 'Fe': 4.0}",0.0607742027777789,-0.8195668883680567
mp-850086,"{'S': 2.0, 'Ni': 3.0}",0.1424547320000098,-0.4950313336250005
mp-8511,"{'F': 5.0, 'P': 1.0}",0.0,-2.942545935674206
mp-8515,"{'Pd': 1.0, 'Sm': 2.0, 'Ba': 1.0, 'O': 5.0}",0.0,-3.023100413472221
mp-853,"{'Er': 1.0, 'Ni': 5.0}",0.0,-0.3398686233333332
mp-8547,"{'Pd': 1.0, 'F': 6.0, 'Pt': 1.0}",0.0,-1.6166624083925
mp-856,"{'Sn': 1.0, 'O': 2.0}",0.0,-2.1247988141666667
mp-8560,"{'S': 1.0, 'F': 6.0}",0.0,-2.2183499244575
mp-8582,"{'Eu': 1.0, 'P': 2.0, 'Rh': 2.0}",0.0,-0.980691774238096
mp-8583,"{'P': 2.0, 'Rh': 2.0, 'Ba': 1.0}",0.0,-0.9597455912380952
mp-8585,"{'Au': 2.0, 'Pd': 1.0, 'F': 8.0}",0.0,-1.3990992376836366
mp-8591,"{'Se': 2.0, 'U': 1.0}",0.0032900770085442232,-1.0996227629513902
mp-8603,"{'O': 1.0, 'Ag': 1.0, 'Rb': 1.0}",0.0,-1.01556170625
mp-8607,"{'Na': 1.0, 'Sb': 2.0, 'Cu': 4.0}",0.0,-0.097586540714285
mp-861,"{'Hf': 2.0, 'Ni': 1.0}",0.0018209049999988733,-0.3444650916666667
mp-8612,"{'Te': 1.0, 'Se': 2.0, 'Sb': 2.0}",0.0008101420000001803,-0.22474326343750026
mp-8613,"{'S': 3.0, 'P': 1.0, 'Mn': 1.0}",0.006281518027777544,-0.7899771183324098
mp-8616,"{'Sc': 1.0, 'S': 6.0, 'P': 2.0, 'Ag': 1.0}",0.0,-1.056652919556548
mp-8621,"{'Se': 2.0, 'K': 2.0, 'Pt': 1.0}",0.0,-0.9154040394375004
mp-8623,"{'Te': 2.0, 'K': 2.0, 'Pt': 1.0}",0.0,-0.8162644419999999
mp-8627,"{'Sm': 1.0, 'O': 3.0, 'B': 1.0}",0.0,-3.5042790385833333
mp-8632,{'V': 1.0},0.2433424500000001,0.2433424500000001
mp-8638,{'Tc': 1.0},0.0713515650000005,0.0713515650000005
mp-8641,{'W': 1.0},0.481418360000001,0.481418360000001
mp-8643,{'Os': 1.0},0.13552431499999962,0.13552431499999962
mp-8648,"{'Fe': 1.0, 'Si': 1.0, 'Ti': 1.0}",0.0,-0.7340700311111116
mp-865,"{'Ca': 1.0, 'B': 6.0}",0.0,-0.40958128714285735
mp-8652,"{'S': 1.0, 'F': 6.0}",0.00269053571428568,-2.2156593887432146
mp-8672,"{'Pd': 1.0, 'La': 2.0, 'O': 4.0}",0.058486979285715,-2.99646936
mp-8684,"{'S': 4.0, 'Cs': 2.0, 'V': 1.0, 'Ag': 1.0}",0.0,-1.3284643314062503
mp-8700,"{'Au': 3.0, 'K': 2.0}",0.0,-0.34531889400000004
mp-8709,"{'In': 1.0, 'K': 1.0, 'Ge': 2.0, 'O': 6.0}",0.008919933212498066,-2.1436039137500003
mp-8713,"{'S': 2.0, 'K': 2.0, 'Mn': 1.0}",0.0,-1.2459516349008617
mp-8714,"{'S': 2.0, 'Mn': 1.0, 'Rb': 2.0}",0.0,-1.2253737669008615
mp-8716,"{'Se': 2.0, 'K': 2.0, 'Mn': 1.0}",0.0,-0.945417165713362
mp-8720,"{'Te': 2.0, 'Mn': 1.0, 'Rb': 2.0}",0.0,-0.7632278992758621
mp-8724,"{'Te': 1.0, 'K': 2.0, 'O': 3.0}",0.0,-1.8835843572916664
mp-8727,"{'Ba': 4.0, 'O': 6.0, 'Pt': 1.0}",0.0,-2.4780445838636367
mp-8742,"{'Dy': 1.0, 'Si': 2.0, 'Co': 1.0}",0.0,-0.7866848150000001
mp-875,"{'Al': 1.0, 'Os': 1.0}",0.006902608749999928,-0.4158750775
mp-8753,"{'K': 4.0, 'P': 2.0, 'Hg': 1.0}",0.0,-0.3747370423129252
mp-8754,"{'Te': 1.0, 'Na': 1.0, 'Li': 1.0}",0.0,-0.9987102083333336
mp-8758,"{'C': 2.0, 'Sm': 1.0, 'Rh': 1.0}",0.07152629312500025,-0.2970520793749998
mp-8761,"{'C': 2.0, 'Nd': 1.0, 'Co': 1.0}",0.0,-0.2663508118750002
mp-8768,"{'Se': 2.0, 'K': 2.0, 'Co': 1.0}",0.04209137214814795,-0.7357245244375001
mp-8771,"{'Ni': 3.0, 'Lu': 2.0, 'B': 6.0}",0.0,-0.5978270627272725
mp-8780,"{'N': 1.0, 'Cr': 2.0}",0.0,-0.5228140307933321
mp-8786,"{'Zr': 2.0, 'As': 2.0, 'Ni': 1.0}",0.0,-1.013348663999999
mp-8789,"{'Ca': 4.0, 'As': 2.0, 'O': 1.0}",0.0,-1.8220466887499995
mp-8793,"{'Fe': 2.0, 'Nd': 5.0, 'B': 6.0}",0.0,-0.3885078419230767
mp-8794,"{'K': 4.0, 'O': 5.0, 'U': 1.0}",0.0,-2.655213682624999
mp-8800,"{'Tl': 1.0, 'Se': 2.0, 'Cu': 3.0}",0.016879414999998676,-0.1906734228645828
mp-8808,"{'Er': 2.0, 'Ru': 3.0, 'Si': 5.0}",0.0,-0.8486298195000004
mp-8809,"{'La': 2.0, 'Ba': 1.0, 'O': 5.0, 'Pt': 1.0}",0.0,-3.0466756429166657
mp-882,"{'Ti': 6.0, 'O': 1.0}",0.011398985714285105,-0.9064707323214288
mp-8832,"{'Si': 2.0, 'Cr': 2.0, 'Tb': 1.0}",0.1177546550000006,-0.4270790513333324
mp-8836,"{'F': 5.0, 'Al': 1.0, 'Ca': 1.0}",0.0,-4.056532710850002
mp-8848,"{'Fe': 1.0, 'Te': 3.0, 'Ta': 1.0}",0.01997033280555538,-0.2577950289999997
mp-8857,"{'Pd': 1.0, 'Cs': 2.0, 'As': 2.0}",0.0,-0.5290171450000003
mp-8864,"{'P': 4.0, 'Li': 1.0, 'Co': 6.0}",0.0,-0.6464100383982686
mp-888,"{'Ca': 1.0, 'As': 1.0}",0.0,-1.089820745
mp-8880,"{'Al': 1.0, 'P': 1.0}",0.004218132500000138,-0.6084031615476189
mp-8895,"{'Ca': 2.0, 'Rh': 5.0, 'B': 4.0}",0.002526491590908897,-0.6201587251515147
mp-8898,"{'Ta': 1.0, 'Al': 1.0, 'O': 4.0}",0.020196785833332957,-3.4007201225
mp-89,{'Cr': 1.0},0.4082597000000003,0.4082597000000003
mp-8900,"{'S': 4.0, 'V': 1.0, 'K': 2.0, 'Ag': 1.0}",0.0,-1.2834192732812504
mp-8914,"{'Ga': 1.0, 'Sn': 1.0, 'Sr': 1.0}",0.0,-0.543813199166666
mp-8919,"{'Pd': 1.0, 'Er': 1.0, 'P': 1.0}",0.0,-1.278078545198413
mp-8924,"{'Fe': 2.0, 'Li': 1.0, 'Ba': 2.0, 'N': 3.0}",0.0,-0.5938087983924998
mp-8927,"{'Ta': 1.0, 'N': 2.0, 'Cu': 1.0}",0.1272587189683314,-0.7311720461900011
mp-8930,"{'K': 2.0, 'As': 2.0, 'Ge': 1.0}",0.0,-0.4037079399999996
mp-8934,"{'Cs': 2.0, 'As': 2.0, 'Sn': 1.0}",0.0,-0.4499482970000003
mp-8938,"{'Si': 2.0, 'Mo': 1.0}",0.02642029777777744,-0.46379170222222404
mp-8952,"{'Pd': 1.0, 'Ho': 1.0, 'As': 1.0}",0.0,-1.1951566266666669
mp-8953,"{'Pd': 1.0, 'Yb': 1.0, 'As': 1.0}",0.0,-1.027809067222222
mp-8958,"{'Pd': 2.0, 'F': 5.0, 'Rb': 1.0}",0.0,-1.9070881469937504
mp-8960,"{'Nb': 1.0, 'Na': 1.0, 'Ba': 3.0, 'O': 6.0}",0.0,-2.990916615227273
mp-8976,"{'S': 4.0, 'W': 1.0, 'Cu': 2.0}",0.0035225816666661913,-0.8410776851785714
mp-8989,"{'Pd': 1.0, 'Na': 2.0, 'P': 2.0, 'O': 7.0}",0.0,-2.358658665828373
mp-8999,"{'Nb': 1.0, 'Ni': 1.0, 'Te': 5.0}",0.0,-0.3298051478571428
mp-90,{'Cr': 1.0},0.0,0.0
mp-9003,"{'Nb': 1.0, 'Se': 4.0, 'K': 2.0, 'Cu': 1.0}",0.0,-0.9419680036718754
mp-9027,"{'S': 2.0, 'Ti': 1.0}",0.022005891666666774,-1.6983138599305565
mp-9029,"{'V': 1.0, 'Ca': 3.0, 'N': 3.0}",0.0,-1.227788970305714
mp-9037,"{'S': 2.0, 'Cs': 1.0, 'Pr': 1.0}",0.0,-2.13603748703125
mp-9059,"{'Ta': 1.0, 'K': 1.0, 'Li': 6.0, 'O': 6.0}",0.0,-2.5043681762500007
mp-9069,"{'Na': 1.0, 'K': 2.0, 'As': 2.0, 'Al': 1.0}",0.0,-0.5739157116666664
mp-9076,"{'S': 2.0, 'Tm': 1.0, 'Na': 1.0}",0.0,-2.1868117845312502
mp-9081,"{'S': 2.0, 'Cs': 1.0, 'Nd': 1.0}",0.0,-2.1410995482812503
mp-9089,"{'S': 2.0, 'Tm': 1.0, 'Cs': 1.0}",0.0,-2.15595575078125
mp-909,"{'Se': 3.0, 'As': 2.0}",0.0,-0.11465089815624978
mp-9092,"{'S': 3.0, 'Er': 2.0}",0.008713227166667005,-2.4582959789375005
mp-9107,"{'S': 3.0, 'Zr': 1.0, 'Na': 1.0, 'Cu': 1.0}",0.0,-1.5274852936979184
mp-9126,"{'Sb': 2.0, 'O': 6.0, 'Sr': 1.0}",0.0,-2.4053135019444443
mp-9145,"{'Se': 3.0, 'Sn': 1.0, 'Rb': 2.0}",0.0,-0.9087418092968752
mp-9149,"{'Pd': 7.0, 'Er': 3.0, 'P': 4.0}",0.0006645332027641615,-0.9989817137414972
mp-9158,"{'Li': 1.0, 'O': 2.0, 'Cu': 1.0}",0.0,-1.456135265625
mp-9159,"{'Li': 4.0, 'O': 5.0, 'Np': 1.0}",0.0,-2.7868422019999994
mp-9164,"{'Au': 1.0, 'Th': 1.0, 'Si': 1.0}",0.0,-0.7754762333333325
mp-9172,"{'Li': 4.0, 'Ti': 1.0, 'O': 4.0}",0.0,-2.7189099890740738
mp-9173,"{'Ti': 1.0, 'O': 2.0}",0.05920183166666604,-3.459292098888889
mp-9177,"{'Si': 2.0, 'Al': 3.0, 'Y': 2.0}",0.0,-0.5520828099999997
mp-9178,"{'Se': 2.0, 'Cd': 1.0, 'O': 5.0}",0.0,-1.3452179041796877
mp-9197,"{'Li': 3.0, 'As': 1.0, 'O': 4.0}",0.0,-2.2820884925
mp-92,{'Si': 1.0},0.28989567500000035,0.28989567500000035
mp-9219,"{'La': 1.0, 'Pt': 2.0, 'C': 1.0, 'B': 2.0}",0.006598765635684067,-0.6453477599305563
mp-9235,"{'La': 1.0, 'Sb': 1.0, 'Ni': 1.0}",0.0,-0.887144290833333
mp-9238,"{'U': 1.0, 'Ba': 2.0, 'O': 6.0, 'Cu': 1.0}",0.010697557000009184,-2.99854371425
mp-9241,"{'Ho': 1.0, 'C': 2.0, 'Co': 1.0}",0.0,-0.3506756331250003
mp-9250,"{'Se': 1.0, 'Li': 1.0, 'Rb': 1.0}",0.0,-1.1873650328645835
mp-9262,"{'F': 6.0, 'Cs': 2.0, 'Pt': 1.0}",0.0,-2.4869014496822217
mp-9263,"{'Er': 1.0, 'Te': 2.0, 'K': 1.0}",0.0,-1.37984667
mp-9266,"{'S': 4.0, 'Fe': 1.0, 'Na': 6.0}",0.0477471681818189,-1.165054570113636
mp-9277,"{'Ce': 2.0, 'N': 3.0, 'Cr': 1.0}",0.0,-1.4512091595233336
mp-9289,"{'Te': 1.0, 'Sn': 1.0, 'Zr': 1.0}",0.0,-0.67774944
mp-9297,"{'Au': 2.0, 'Ba': 1.0, 'O': 4.0}",0.0,-1.4539036007142851
mp-9307,"{'Zn': 1.0, 'Ba': 2.0, 'N': 2.0}",0.0,-0.5692471349519999
mp-9323,"{'S': 3.0, 'Tb': 2.0}",0.0,-2.480428956604167
mp-9324,"{'N': 3.0, 'Mn': 1.0, 'Ba': 3.0}",0.0,-0.815797519074187
mp-933,"{'As': 1.0, 'Y': 1.0}",0.0,-1.5507011175
mp-9330,"{'S': 3.0, 'P': 1.0, 'Cd': 1.0}",8.415599999977985e-05,-0.8088837430565476
mp-9350,"{'Sc': 1.0, 'Au': 1.0, 'Ge': 1.0}",0.0,-0.723323578333332
mp-9366,"{'S': 2.0, 'Ho': 1.0, 'Rb': 1.0}",0.0,-2.1867987170312504
mp-9368,"{'S': 2.0, 'Tm': 1.0, 'Rb': 1.0}",0.0,-2.1820515557812503
mp-9370,"{'S': 2.0, 'Lu': 1.0, 'Rb': 1.0}",0.0,-2.173184894531251
mp-9374,"{'N': 2.0, 'Mn': 1.0, 'Mo': 1.0}",0.0,-0.5294710677848276
mp-938,"{'Te': 1.0, 'Ge': 1.0}",0.0,-0.09100323749999983
mp-9382,"{'Zr': 1.0, 'N': 2.0, 'Sr': 1.0}",0.012836211249998895,-1.4765787561900012
mp-9383,"{'Hf': 1.0, 'N': 2.0, 'Sr': 1.0}",0.03139056000000018,-1.5724825999399998
mp-9384,"{'S': 2.0, 'Au': 3.0, 'Cs': 1.0}",0.0,-0.7274808746875004
mp-9385,"{'Au': 3.0, 'Se': 2.0, 'Rb': 1.0}",0.0,-0.4543125295312501
mp-9387,"{'Cu': 1.0, 'Ge': 1.0, 'Tb': 1.0}",0.0,-0.6914371655555556
mp-9390,"{'Er': 1.0, 'Ge': 1.0, 'Cu': 1.0}",0.0,-0.6829804933333339
mp-9391,"{'Ta': 1.0, 'Te': 3.0, 'Ni': 2.0}",0.0,-0.3618998816666673
mp-9396,"{'S': 3.0, 'Tl': 1.0, 'Hf': 1.0, 'Cu': 1.0}",0.0,-1.335229657864584
mp-9416,"{'La': 1.0, 'O': 4.0, 'Cu': 2.0}",0.0,-2.054332421071429
mp-9429,"{'Se': 3.0, 'U': 1.0}",0.0,-0.9241184764453124
mp-9453,"{'S': 2.0, 'Zn': 1.0, 'Cu': 2.0, 'O': 2.0, 'Sr': 2.0}",0.08265331319444512,-1.7508403311805556
mp-9459,"{'C': 5.0, 'Y': 4.0}",0.0,-0.3229131443055561
mp-9462,"{'Te': 1.0, 'Cs': 1.0, 'Se': 3.0}",0.0,-0.4780567241562501
mp-9473,"{'P': 2.0, 'Ni': 2.0, 'Ba': 1.0}",0.0,-0.7769010832380949
mp-9475,"{'K': 1.0, 'N': 1.0, 'O': 3.0}",0.01433027249999874,-1.5014930102260002
mp-9481,"{'S': 2.0, 'Tc': 1.0}",0.0,-1.0656866660416675
mp-9489,"{'Na': 1.0, 'Sm': 1.0, 'Ti': 1.0, 'O': 4.0}",0.014386220178566944,-3.3680699645238086
mp-9514,"{'Al': 2.0, 'C': 2.0, 'Mg': 1.0}",0.0004033511250005617,-0.06358866249999978
mp-9517,"{'Ti': 1.0, 'N': 2.0, 'Sr': 1.0}",0.0,-1.5539533578566669
mp-9519,"{'C': 1.0, 'N': 1.0, 'Ag': 1.0}",0.3416693762900005,0.3416693762899996
mp-9529,"{'Dy': 1.0, 'Ge': 1.0, 'Rh': 1.0}",0.0,-0.9883654783333332
mp-9539,"{'F': 4.0, 'Eu': 1.0, 'Mg': 1.0}",0.06239584750000037,-3.90897031996
mp-9549,"{'Sc': 1.0, 'Fe': 1.0, 'Ge': 1.0}",0.0,-0.5568835272222219
mp-9564,"{'Ca': 1.0, 'As': 2.0, 'Mg': 2.0}",0.0,-0.947461032
mp-9565,"{'Ca': 1.0, 'Sb': 2.0, 'Mg': 2.0}",0.0,-0.717883088
mp-9566,"{'Sr': 1.0, 'Sb': 2.0, 'Mg': 2.0}",0.0,-0.7585383000000001
mp-9567,"{'Sb': 2.0, 'Ba': 1.0, 'Mg': 2.0}",0.0,-0.7728981799999997
mp-9568,"{'Li': 3.0, 'Ga': 2.0}",0.0,-0.3202188799999998
mp-9576,"{'Se': 2.0, 'K': 1.0, 'Sb': 1.0}",0.0,-0.7066892667968747
mp-9582,"{'Zn': 2.0, 'P': 2.0, 'Yb': 1.0}",0.0,-0.7459094472380954
mp-9595,"{'Nb': 1.0, 'O': 4.0, 'In': 1.0}",0.0,-2.645528225
mp-9610,"{'C': 1.0, 'Li': 2.0, 'N': 2.0}",0.0,-0.8336542907020004
mp-9619,"{'Fe': 4.0, 'P': 12.0, 'Th': 1.0}",0.0,-0.6610479074789921
mp-9628,"{'F': 3.0, 'K': 1.0, 'Cd': 1.0}",0.0,-2.735018336214
mp-9630,"{'S': 2.0, 'Tl': 1.0, 'Cr': 1.0}",0.018039916249999344,-0.8980271395312505
mp-9631,"{'Al': 1.0, 'O': 2.0, 'Ag': 1.0}",0.0,-2.320037721875
mp-9632,"{'F': 6.0, 'Cs': 1.0, 'Re': 1.0}",0.0,-2.7503245627675
mp-9635,"{'S': 2.0, 'Hg': 1.0, 'Ag': 2.0}",0.030232823000000412,-0.3223711176249999
mp-9650,"{'Ta': 2.0, 'Mg': 1.0, 'O': 6.0}",0.0,-3.3511757436111123
mp-9660,"{'B': 2.0, 'O': 6.0, 'Cu': 1.0, 'Sr': 2.0}",0.016441994545457028,-2.7947034400757578
mp-9668,"{'S': 5.0, 'Ba': 3.0, 'Ti': 1.0}",0.003338416388899645,-2.2380696135532414
mp-9675,"{'Cs': 3.0, 'P': 2.0, 'B': 1.0}",0.0,-0.4095469804761909
mp-9694,"{'Pd': 4.0, 'Tm': 3.0, 'Ge': 4.0}",0.0,-0.8953805795454547
mp-9703,"{'Li': 1.0, 'K': 2.0, 'As': 2.0, 'Ga': 1.0}",0.0,-0.586643644583333
mp-9712,"{'P': 1.0, 'Ba': 3.0, 'O': 3.0, 'B': 1.0}",0.0,-2.5036416373139883
mp-972,"{'Se': 1.0, 'Mn': 1.0}",0.015381347499999976,-0.3448319149865293
mp-9740,"{'Pd': 1.0, 'Dy': 2.0, 'Ba': 1.0, 'O': 5.0}",0.011852888611112887,-3.0791846206944444
mp-9747,"{'Pb': 1.0, 'O': 7.0, 'B': 4.0}",0.0,-2.663588170868055
mp-9763,"{'S': 4.0, 'Nb': 1.0, 'K': 2.0, 'Cu': 1.0}",0.0,-1.3842307645312504
mp-9769,"{'As': 2.0, 'Ba': 1.0, 'Pt': 1.0}",0.0,-0.8466294325000003
mp-9783,"{'As': 2.0, 'Ba': 3.0, 'O': 8.0}",0.0,-2.704697511538461
mp-9784,"{'As': 1.0, 'Ba': 1.0, 'O': 5.0, 'B': 1.0}",0.0,-2.6410980859895825
mp-9788,"{'S': 3.0, 'P': 1.0, 'Sr': 1.0}",0.0,-1.5304109845565477
mp-9789,"{'S': 3.0, 'P': 1.0, 'Ca': 1.0}",0.0,-1.4594628810565482
mp-979,"{'Zr': 1.0, 'Sb': 2.0}",0.0,-0.560397872916667
mp-9791,"{'S': 3.0, 'Tl': 3.0, 'As': 1.0}",0.009835795535718006,-0.5937592610267858
mp-9793,"{'As': 1.0, 'Ba': 3.0, 'O': 3.0, 'B': 1.0}",0.0,-2.541477855677084
mp-980,"{'U': 1.0, 'Si': 2.0}",0.026666031666668037,-0.3261011683333332
mp-9807,"{'C': 2.0, 'K': 1.0, 'O': 6.0, 'Dy': 1.0}",0.0,-2.594569302000001
mp-981,"{'F': 2.0, 'Sr': 1.0}",0.0,-4.253620554126667
mp-9810,"{'Fe': 1.0, 'Tl': 1.0, 'Se': 2.0}",0.05188807262500017,-0.2665245955468753
mp-9830,"{'Nb': 1.0, 'P': 1.0}",0.6016555050000001,-0.3848698665476196
mp-984,"{'N': 1.0, 'B': 1.0}",0.0,-1.4715494470233337
mp-9843,"{'Al': 2.0, 'P': 4.0, 'Sr': 3.0}",0.0,-1.0030686180423292
mp-9844,"{'Al': 2.0, 'Ba': 1.0, 'O': 7.0, 'B': 2.0}",0.0,-3.2667530210069446
mp-9845,"{'Ca': 1.0, 'As': 1.0, 'Rb': 1.0}",0.0,-0.8518056716666665
mp-9846,"{'Ca': 1.0, 'Sb': 1.0, 'Rb': 1.0}",0.0,-0.8085508066666668
mp-9847,"{'Yb': 1.0, 'P': 5.0}",0.00044910333333270097,-0.3988827259126986
mp-985,"{'Tm': 1.0, 'Cu': 1.0}",0.0,-0.28329276250000035
mp-9868,"{'S': 2.0, 'K': 1.0, 'Cu': 3.0}",0.0011638105555649148,-0.6882051513541665
mp-988,"{'Si': 3.0, 'N': 4.0}",0.0,-1.3123748120742855
mp-9886,"{'La': 1.0, 'Ru': 2.0, 'P': 2.0}",0.0,-1.055055656738095
mp-9888,"{'Se': 8.0, 'Ir': 3.0}",0.0,-0.2849047844318184
mp-9902,"{'Sc': 2.0, 'Si': 2.0, 'Co': 1.0}",0.0,-0.8409982379999995
mp-9935,"{'Sb': 1.0, 'Ge': 1.0}",0.14315656249999975,0.14315656249999975
mp-9942,"{'S': 4.0, 'Fe': 1.0, 'Ti': 2.0}",0.009453071836734495,-1.5044961856547627
mp-9953,"{'Hf': 1.0, 'P': 1.0}",0.0,-1.3008409065476192
mp-9957,"{'V': 2.0, 'C': 1.0, 'Ge': 1.0}",0.0,-0.4876957196874994
mp-9967,"{'Si': 1.0, 'Nd': 1.0}",0.0,-0.7640184374999999
mp-9969,"{'Sc': 1.0, 'Si': 1.0}",0.0,-0.8364490449999993
mp-9981,"{'Mn': 2.0, 'N': 1.0}",0.0,-0.40855393004620666
mp-9989,"{'Nb': 2.0, 'C': 1.0, 'As': 1.0}",0.0,-0.6126395221874983
mp-9999,"{'B': 2.0, 'Ni': 1.0, 'Mo': 2.0}",0.0,-0.4739102826666667
